ticker,date,hold_days,hybrid_signal,confidence,price_change_pct,correct
AAPL,2022-01-27,5,BUY,55,8.59,True
AAPL,2022-01-27,10,BUY,55,8.24,True
AAPL,2022-01-27,20,BUY,55,3.67,True
AAPL,2022-01-28,5,BUY,55,1.34,True
AAPL,2022-01-28,10,BUY,55,-0.87,False
AAPL,2022-01-28,20,BUY,55,-2.94,False
AAPL,2022-02-01,5,BUY,55,0.25,True
AAPL,2022-02-01,10,BUY,55,-0.92,False
AAPL,2022-02-01,20,BUY,55,-4.49,False
AAPL,2022-02-02,5,BUY,55,0.38,True
AAPL,2022-02-02,10,BUY,55,-1.75,False
AAPL,2022-02-02,20,BUY,55,-5.34,False
AAPL,2022-02-03,5,BUY,55,-0.32,False
AAPL,2022-02-03,10,BUY,55,-2.2,False
AAPL,2022-02-03,20,BUY,55,-5.51,False
AAPL,2022-02-04,5,BUY,55,-2.18,False
AAPL,2022-02-04,10,BUY,55,-2.95,False
AAPL,2022-02-04,20,BUY,55,-7.59,False
AAPL,2022-02-07,5,BUY,55,-1.62,False
AAPL,2022-02-07,10,BUY,55,-4.28,False
AAPL,2022-02-07,20,BUY,55,-8.28,False
AAPL,2022-02-08,5,BUY,55,-1.17,False
AAPL,2022-02-08,10,BUY,55,-8.44,False
AAPL,2022-02-08,20,BUY,55,-6.8,False
AAPL,2022-02-09,5,BUY,55,-2.12,False
AAPL,2022-02-09,10,BUY,55,-7.68,False
AAPL,2022-02-09,20,BUY,55,-10.07,False
AAPL,2022-02-10,5,BUY,55,-1.88,False
AAPL,2022-02-10,10,BUY,55,-4.22,False
AAPL,2022-02-10,20,BUY,55,-10.1,False
AAPL,2022-02-11,5,BUY,55,-0.79,False
AAPL,2022-02-11,10,BUY,55,-2.09,False
AAPL,2022-02-11,20,BUY,55,-10.69,False
AAPL,2022-02-14,5,BUY,55,-2.7,False
AAPL,2022-02-14,10,BUY,55,-3.36,False
AAPL,2022-02-14,20,BUY,55,-8.17,False
AAPL,2022-02-15,5,BUY,55,-7.36,False
AAPL,2022-02-15,10,BUY,55,-3.61,False
AAPL,2022-02-15,20,BUY,55,-7.64,False
AAPL,2022-02-16,5,BUY,55,-5.69,False
AAPL,2022-02-16,10,BUY,55,-3.66,False
AAPL,2022-02-16,20,BUY,55,-6.91,False
AAPL,2022-02-17,5,BUY,55,-2.39,False
AAPL,2022-02-17,10,BUY,55,-3.38,False
AAPL,2022-02-17,20,BUY,55,-2.9,False
AAPL,2022-02-18,5,BUY,55,-1.3,False
AAPL,2022-02-18,10,BUY,55,-4.78,False
AAPL,2022-02-18,20,BUY,55,-1.15,False
AAPL,2022-02-22,5,BUY,55,-0.68,False
AAPL,2022-02-22,10,BUY,55,-4.19,False
AAPL,2022-02-22,20,BUY,55,2.74,True
AAPL,2022-02-23,5,BUY,55,4.05,True
AAPL,2022-02-23,10,BUY,55,1.8,True
AAPL,2022-02-23,20,BUY,55,6.33,True
AAPL,2022-02-24,5,BUY,55,2.14,True
AAPL,2022-02-24,10,BUY,55,-2.59,False
AAPL,2022-02-24,20,BUY,55,6.96,True
AAPL,2022-02-25,5,BUY,55,-1.02,False
AAPL,2022-02-25,10,BUY,55,-6.14,False
AAPL,2022-02-25,20,BUY,55,5.99,True
AAPL,2022-02-28,5,BUY,55,-3.52,False
AAPL,2022-02-28,10,BUY,55,-8.78,False
AAPL,2022-02-28,20,BUY,55,6.35,True
AAPL,2022-03-01,5,BUY,55,-3.53,False
AAPL,2022-03-01,10,BUY,55,-4.97,False
AAPL,2022-03-01,20,BUY,55,9.66,True
AAPL,2022-03-02,5,BUY,55,-2.17,False
AAPL,2022-03-02,10,BUY,55,-4.18,False
AAPL,2022-03-02,20,BUY,55,6.73,True
AAPL,2022-03-03,5,BUY,55,-4.64,False
AAPL,2022-03-03,10,BUY,55,-3.37,False
AAPL,2022-03-03,20,BUY,55,5.04,True
AAPL,2022-03-04,5,BUY,55,-5.17,False
AAPL,2022-03-04,10,BUY,55,0.5,True
AAPL,2022-03-04,20,BUY,55,6.83,True
AAPL,2022-03-07,5,BUY,55,-5.45,False
AAPL,2022-03-07,10,BUY,55,3.82,True
AAPL,2022-03-07,20,BUY,55,12.02,True
AAPL,2022-03-08,5,BUY,55,-1.49,False
AAPL,2022-03-08,10,BUY,55,7.23,True
AAPL,2022-03-08,20,BUY,55,11.19,True
AAPL,2022-03-09,5,BUY,55,-2.06,False
AAPL,2022-03-09,10,BUY,55,4.46,True
AAPL,2022-03-09,20,BUY,55,5.45,True
AAPL,2022-03-10,5,BUY,55,1.32,True
AAPL,2022-03-10,10,BUY,55,9.81,True
AAPL,2022-03-10,20,BUY,55,8.59,True
AAPL,2022-03-11,5,BUY,55,5.98,True
AAPL,2022-03-11,10,BUY,55,12.92,True
AAPL,2022-03-11,20,BUY,55,9.93,True
AAPL,2022-03-14,5,BUY,55,9.8,True
AAPL,2022-03-14,10,BUY,55,16.58,True
AAPL,2022-03-14,20,BUY,55,10.05,True
AAPL,2022-03-15,5,BUY,55,8.85,True
AAPL,2022-03-15,10,BUY,55,15.39,True
AAPL,2022-03-15,20,BUY,55,8.1,True
AAPL,2022-03-16,5,BUY,55,6.65,True
AAPL,2022-03-16,10,BUY,55,11.39,True
AAPL,2022-03-16,20,BUY,55,6.77,True
AAPL,2022-03-17,5,BUY,55,8.37,True
AAPL,2022-03-17,10,BUY,55,8.71,True
AAPL,2022-03-17,20,BUY,55,2.91,True
AAPL,2022-03-18,5,BUY,55,6.55,True
AAPL,2022-03-18,10,BUY,55,6.3,True
AAPL,2022-03-18,20,BUY,55,0.66,True
AAPL,2022-03-21,5,BUY,55,6.18,True
AAPL,2022-03-21,10,BUY,55,7.9,True
AAPL,2022-03-21,20,BUY,55,1.22,True
AAPL,2022-03-22,5,BUY,55,6.01,True
AAPL,2022-03-22,10,BUY,55,3.7,True
AAPL,2022-03-22,20,BUY,55,-0.94,False
AAPL,2022-03-23,5,BUY,55,4.44,True
AAPL,2022-03-23,10,BUY,55,0.95,True
AAPL,2022-03-23,20,BUY,55,-2.23,False
AAPL,2022-03-24,5,BUY,55,0.31,True
AAPL,2022-03-24,10,BUY,55,-1.11,False
AAPL,2022-03-24,20,BUY,55,-7.05,False
AAPL,2022-03-25,5,BUY,55,-0.23,False
AAPL,2022-03-25,10,BUY,55,-2.65,False
AAPL,2022-03-25,20,BUY,55,-6.78,False
AAPL,2022-03-28,5,BUY,55,1.62,True
AAPL,2022-03-28,10,BUY,55,-5.61,False
AAPL,2022-03-28,20,BUY,55,-10.71,False
AAPL,2022-03-29,5,BUY,55,-2.18,False
AAPL,2022-03-29,10,BUY,55,-6.31,False
AAPL,2022-03-29,20,BUY,55,-12.51,False
AAPL,2022-03-30,5,BUY,55,-3.34,False
AAPL,2022-03-30,10,BUY,55,-4.15,False
AAPL,2022-03-30,20,BUY,55,-7.95,False
AAPL,2022-03-31,5,BUY,55,-1.41,False
AAPL,2022-03-31,10,BUY,55,-5.34,False
AAPL,2022-03-31,20,BUY,55,-9.71,False
AAPL,2022-04-01,5,BUY,55,-2.42,False
AAPL,2022-04-01,10,BUY,55,-5.3,False
AAPL,2022-04-01,20,BUY,55,-9.38,False
AAPL,2022-04-04,5,BUY,55,-7.11,False
AAPL,2022-04-04,10,BUY,55,-6.19,False
AAPL,2022-04-04,20,BUY,55,-10.63,False
AAPL,2022-04-06,5,BUY,55,-0.83,False
AAPL,2022-04-06,10,BUY,55,-3.15,False
AAPL,2022-04-06,20,BUY,55,-8.76,False
AAPL,2022-04-07,5,BUY,55,-3.98,False
AAPL,2022-04-07,10,BUY,55,-6.01,False
AAPL,2022-04-07,20,BUY,55,-8.5,False
AAPL,2022-04-08,5,BUY,55,-2.95,False
AAPL,2022-04-08,10,BUY,55,-4.24,False
AAPL,2022-04-08,20,BUY,55,-10.47,False
AAPL,2022-04-11,5,BUY,55,1.0,True
AAPL,2022-04-11,10,BUY,55,-5.4,False
AAPL,2022-04-11,20,BUY,55,-6.64,False
AAPL,2022-04-12,5,BUY,55,-0.26,False
AAPL,2022-04-12,10,BUY,55,-6.61,False
AAPL,2022-04-12,20,BUY,55,-12.49,False
AAPL,2022-04-13,5,BUY,55,-2.34,False
AAPL,2022-04-13,10,BUY,55,-3.97,False
AAPL,2022-04-13,20,BUY,55,-16.22,False
AAPL,2022-04-14,5,BUY,55,-2.12,False
AAPL,2022-04-14,10,BUY,55,-4.62,False
AAPL,2022-04-14,20,BUY,55,-10.87,False
AAPL,2022-04-18,5,BUY,55,-1.33,False
AAPL,2022-04-18,10,BUY,55,-4.31,False
AAPL,2022-04-18,20,BUY,55,-11.7,False
AAPL,2022-04-19,5,BUY,55,-6.33,False
AAPL,2022-04-19,10,BUY,55,-4.73,False
AAPL,2022-04-19,20,BUY,55,-10.72,False
AAPL,2022-04-20,5,BUY,55,-6.37,False
AAPL,2022-04-20,10,BUY,55,-0.72,False
AAPL,2022-04-20,20,BUY,55,-15.67,False
AAPL,2022-04-21,5,BUY,55,-1.67,False
AAPL,2022-04-21,10,BUY,55,-5.8,False
AAPL,2022-04-21,20,BUY,55,-17.35,False
AAPL,2022-04-22,5,BUY,55,-2.56,False
AAPL,2022-04-22,10,BUY,55,-2.64,False
AAPL,2022-04-22,20,BUY,55,-14.83,False
AAPL,2022-04-25,5,BUY,55,-3.02,False
AAPL,2022-04-25,10,BUY,55,-6.51,False
AAPL,2022-04-25,20,BUY,55,-12.01,False
AAPL,2022-04-26,5,BUY,55,1.71,True
AAPL,2022-04-26,10,BUY,55,-1.32,False
AAPL,2022-04-26,20,BUY,55,-10.35,False
AAPL,2022-04-27,5,BUY,55,6.04,True
AAPL,2022-04-27,10,BUY,55,-6.29,False
AAPL,2022-04-27,20,BUY,55,-10.12,False
AAPL,2022-04-28,5,BUY,55,-4.2,False
AAPL,2022-04-28,10,BUY,55,-12.75,False
AAPL,2022-04-28,20,BUY,55,-12.01,False
AAPL,2022-04-29,5,BUY,55,-0.09,False
AAPL,2022-04-29,10,BUY,55,-6.55,False
AAPL,2022-04-29,20,BUY,55,-4.94,False
AAPL,2022-05-02,5,BUY,55,-3.59,False
AAPL,2022-05-02,10,BUY,55,-7.73,False
AAPL,2022-05-02,20,BUY,55,-5.64,False
AAPL,2022-05-04,5,BUY,55,-11.63,False
AAPL,2022-05-04,10,BUY,55,-15.05,False
AAPL,2022-05-04,20,BUY,55,-8.79,False
AAPL,2022-05-05,5,BUY,55,-8.93,False
AAPL,2022-05-05,10,BUY,55,-12.26,False
AAPL,2022-05-05,20,BUY,55,-7.13,False
AAPL,2022-05-06,5,BUY,55,-6.47,False
AAPL,2022-05-06,10,BUY,55,-12.52,False
AAPL,2022-05-06,20,BUY,55,-7.08,False
AAPL,2022-05-09,5,BUY,55,-4.29,False
AAPL,2022-05-09,10,BUY,55,-5.89,False
AAPL,2022-05-09,20,BUY,55,-2.2,False
AAPL,2022-05-10,5,BUY,55,-3.41,False
AAPL,2022-05-10,10,BUY,55,-9.16,False
AAPL,2022-05-10,20,BUY,55,-4.24,False
AAPL,2022-05-11,5,BUY,55,-3.88,False
AAPL,2022-05-11,10,BUY,55,-4.08,False
AAPL,2022-05-11,20,BUY,55,-2.63,False
AAPL,2022-05-12,5,BUY,55,-3.65,False
AAPL,2022-05-12,10,BUY,55,0.86,True
AAPL,2022-05-12,20,BUY,55,-3.81,False
AAPL,2022-05-13,5,BUY,55,-6.47,False
AAPL,2022-05-13,10,BUY,55,1.72,True
AAPL,2022-05-13,20,BUY,55,-10.35,False
AAPL,2022-05-16,5,BUY,55,-1.67,False
AAPL,2022-05-16,10,BUY,55,2.27,True
AAPL,2022-05-16,20,BUY,55,-8.78,False
AAPL,2022-05-17,5,BUY,55,-5.95,False
AAPL,2022-05-17,10,BUY,55,-0.36,False
AAPL,2022-05-17,20,BUY,55,-9.25,False
AAPL,2022-05-18,5,BUY,55,-0.21,False
AAPL,2022-05-18,10,BUY,55,7.38,True
AAPL,2022-05-18,20,BUY,55,-7.64,False
AAPL,2022-05-19,5,BUY,55,4.68,True
AAPL,2022-05-19,10,BUY,55,5.85,True
AAPL,2022-05-19,20,BUY,55,-4.22,False
AAPL,2022-05-20,5,BUY,55,8.76,True
AAPL,2022-05-20,10,BUY,55,6.21,True
AAPL,2022-05-20,20,BUY,55,-1.25,False
AAPL,2022-05-23,5,BUY,55,4.0,True
AAPL,2022-05-23,10,BUY,55,3.91,True
AAPL,2022-05-23,20,BUY,55,-5.42,False
AAPL,2022-05-24,5,BUY,55,5.95,True
AAPL,2022-05-24,10,BUY,55,5.41,True
AAPL,2022-05-24,20,BUY,55,-1.49,False
AAPL,2022-05-25,5,BUY,55,7.61,True
AAPL,2022-05-25,10,BUY,55,1.51,True
AAPL,2022-05-25,20,BUY,55,0.81,True
AAPL,2022-05-26,5,BUY,55,1.11,True
AAPL,2022-05-26,10,BUY,55,-4.63,False
AAPL,2022-05-26,20,BUY,55,-1.47,False
AAPL,2022-05-27,5,BUY,55,-2.34,False
AAPL,2022-05-27,10,BUY,55,-11.87,False
AAPL,2022-05-27,20,BUY,55,-8.15,False
AAPL,2022-05-31,5,BUY,55,-0.09,False
AAPL,2022-05-31,10,BUY,55,-10.8,False
AAPL,2022-05-31,20,BUY,55,-6.46,False
AAPL,2022-06-01,5,BUY,55,-0.5,False
AAPL,2022-06-01,10,BUY,55,-8.93,False
AAPL,2022-06-01,20,BUY,55,-8.06,False
AAPL,2022-06-02,5,BUY,55,-5.67,False
AAPL,2022-06-02,10,BUY,55,-13.99,False
AAPL,2022-06-02,20,BUY,55,-8.12,False
AAPL,2022-06-03,5,BUY,55,-5.67,False
AAPL,2022-06-03,10,BUY,55,-9.51,False
AAPL,2022-06-03,20,BUY,55,-2.63,False
AAPL,2022-06-06,5,BUY,55,-9.76,False
AAPL,2022-06-06,10,BUY,55,-7.03,False
AAPL,2022-06-06,20,BUY,55,-2.2,False
AAPL,2022-06-07,5,BUY,55,-10.73,False
AAPL,2022-06-07,10,BUY,55,-8.98,False
AAPL,2022-06-07,20,BUY,55,-1.59,False
AAPL,2022-06-08,5,BUY,55,-8.47,False
AAPL,2022-06-08,10,BUY,55,-6.55,False
AAPL,2022-06-08,20,BUY,55,-0.62,False
AAPL,2022-06-09,5,BUY,55,-8.82,False
AAPL,2022-06-09,10,BUY,55,-0.69,False
AAPL,2022-06-09,20,BUY,55,1.56,True
AAPL,2022-06-10,5,BUY,55,-4.06,False
AAPL,2022-06-10,10,BUY,55,3.3,True
AAPL,2022-06-10,20,BUY,55,6.37,True
AAPL,2022-06-13,5,BUY,55,3.03,True
AAPL,2022-06-13,10,BUY,55,4.22,True
AAPL,2022-06-13,20,BUY,55,10.32,True
AAPL,2022-06-14,5,BUY,55,1.95,True
AAPL,2022-06-14,10,BUY,55,4.87,True
AAPL,2022-06-14,20,BUY,55,11.83,True
AAPL,2022-06-15,5,BUY,55,2.1,True
AAPL,2022-06-15,10,BUY,55,0.95,True
AAPL,2022-06-15,20,BUY,55,10.88,True
AAPL,2022-06-16,5,BUY,55,8.92,True
AAPL,2022-06-16,10,BUY,55,6.82,True
AAPL,2022-06-16,20,BUY,55,13.08,True
AAPL,2022-06-17,5,BUY,55,7.68,True
AAPL,2022-06-17,10,BUY,55,7.6,True
AAPL,2022-06-17,20,BUY,55,14.78,True
AAPL,2022-06-21,5,BUY,55,1.16,True
AAPL,2022-06-21,10,BUY,55,5.19,True
AAPL,2022-06-21,20,BUY,55,12.64,True
AAPL,2022-06-22,5,BUY,55,2.87,True
AAPL,2022-06-22,10,BUY,55,8.13,True
AAPL,2022-06-22,20,BUY,55,14.78,True
AAPL,2022-06-23,5,BUY,55,-1.12,False
AAPL,2022-06-23,10,BUY,55,6.34,True
AAPL,2022-06-23,20,BUY,55,11.44,True
AAPL,2022-06-24,5,BUY,55,-1.93,False
AAPL,2022-06-24,10,BUY,55,2.27,True
AAPL,2022-06-24,20,BUY,55,7.97,True
AAPL,2022-06-27,5,BUY,55,-0.07,False
AAPL,2022-06-27,10,BUY,55,2.96,True
AAPL,2022-06-27,20,BUY,55,7.02,True
AAPL,2022-06-28,5,BUY,55,3.99,True
AAPL,2022-06-28,10,BUY,55,5.86,True
AAPL,2022-06-28,20,BUY,55,14.08,True
AAPL,2022-06-29,5,BUY,55,5.11,True
AAPL,2022-06-29,10,BUY,55,6.64,True
AAPL,2022-06-29,20,BUY,55,13.01,True
AAPL,2022-06-30,5,BUY,55,7.55,True
AAPL,2022-06-30,10,BUY,55,9.84,True
AAPL,2022-06-30,20,BUY,55,18.86,True
AAPL,2022-07-01,5,BUY,55,4.28,True
AAPL,2022-07-01,10,BUY,55,5.86,True
AAPL,2022-07-01,20,BUY,55,16.25,True
AAPL,2022-07-05,5,BUY,55,3.04,True
AAPL,2022-07-05,10,BUY,55,6.67,True
AAPL,2022-07-05,20,BUY,55,13.03,True
AAPL,2022-07-06,5,BUY,55,1.8,True
AAPL,2022-07-06,10,BUY,55,7.08,True
AAPL,2022-07-06,20,BUY,55,16.24,True
AAPL,2022-07-07,5,BUY,55,1.45,True
AAPL,2022-07-07,10,BUY,55,6.15,True
AAPL,2022-07-07,20,BUY,55,13.3,True
AAPL,2022-07-08,5,BUY,55,2.13,True
AAPL,2022-07-08,10,BUY,55,4.79,True
AAPL,2022-07-08,20,BUY,55,12.61,True
AAPL,2022-07-11,5,BUY,55,1.52,True
AAPL,2022-07-11,10,BUY,55,5.58,True
AAPL,2022-07-11,20,BUY,55,13.96,True
AAPL,2022-07-12,5,BUY,55,3.52,True
AAPL,2022-07-12,10,BUY,55,3.94,True
AAPL,2022-07-12,20,BUY,55,13.22,True
AAPL,2022-07-13,5,BUY,55,5.19,True
AAPL,2022-07-13,10,BUY,55,7.77,True
AAPL,2022-07-13,20,BUY,55,16.49,True
AAPL,2022-07-14,5,BUY,55,4.63,True
AAPL,2022-07-14,10,BUY,55,5.98,True
AAPL,2022-07-14,20,BUY,55,13.64,True
AAPL,2022-07-15,5,BUY,55,2.61,True
AAPL,2022-07-15,10,BUY,55,8.22,True
AAPL,2022-07-15,20,BUY,55,14.76,True
AAPL,2022-07-18,5,BUY,55,4.0,True
AAPL,2022-07-18,10,BUY,55,9.82,True
AAPL,2022-07-18,20,BUY,55,17.92,True
AAPL,2022-07-19,5,BUY,55,0.4,True
AAPL,2022-07-19,10,BUY,55,5.97,True
AAPL,2022-07-19,20,BUY,55,14.75,True
AAPL,2022-07-21,5,BUY,55,1.29,True
AAPL,2022-07-21,10,BUY,55,6.73,True
AAPL,2022-07-21,20,BUY,55,12.26,True
AAPL,2022-07-22,5,BUY,55,5.46,True
AAPL,2022-07-22,10,BUY,55,7.46,True
AAPL,2022-07-22,20,BUY,55,11.47,True
AAPL,2022-07-25,5,BUY,55,5.6,True
AAPL,2022-07-25,10,BUY,55,7.94,True
AAPL,2022-07-25,20,BUY,55,9.71,True
AAPL,2022-07-26,5,BUY,55,5.55,True
AAPL,2022-07-26,10,BUY,55,8.94,True
AAPL,2022-07-26,20,BUY,55,10.46,True
AAPL,2022-07-27,5,BUY,55,5.96,True
AAPL,2022-07-27,10,BUY,55,8.09,True
AAPL,2022-07-27,20,BUY,55,7.0,True
AAPL,2022-07-28,5,BUY,55,5.38,True
AAPL,2022-07-28,10,BUY,55,7.23,True
AAPL,2022-07-28,20,BUY,55,8.21,True
AAPL,2022-07-29,5,BUY,55,1.89,True
AAPL,2022-07-29,10,BUY,55,6.05,True
AAPL,2022-07-29,20,BUY,55,0.82,True
AAPL,2022-08-01,5,BUY,55,2.22,True
AAPL,2022-08-01,10,BUY,55,7.38,True
AAPL,2022-08-01,20,BUY,55,0.06,True
AAPL,2022-08-02,5,BUY,55,3.21,True
AAPL,2022-08-02,10,BUY,55,8.29,True
AAPL,2022-08-02,20,BUY,55,-0.55,False
AAPL,2022-08-03,5,BUY,55,2.01,True
AAPL,2022-08-03,10,BUY,55,5.21,True
AAPL,2022-08-03,20,BUY,55,-5.23,False
AAPL,2022-08-04,5,BUY,55,1.76,True
AAPL,2022-08-04,10,BUY,55,5.18,True
AAPL,2022-08-04,20,BUY,55,-4.6,False
AAPL,2022-08-05,5,BUY,55,4.08,True
AAPL,2022-08-05,10,BUY,55,3.73,True
AAPL,2022-08-05,20,BUY,55,-5.77,False
AAPL,2022-08-08,5,BUY,55,5.05,True
AAPL,2022-08-08,10,BUY,55,1.64,True
AAPL,2022-08-08,20,BUY,55,-6.27,False
AAPL,2022-08-09,5,BUY,55,4.92,True
AAPL,2022-08-09,10,BUY,55,1.4,True
AAPL,2022-08-09,20,BUY,55,-5.43,False
AAPL,2022-08-10,5,BUY,55,3.14,True
AAPL,2022-08-10,10,BUY,55,-1.01,False
AAPL,2022-08-10,20,BUY,55,-8.73,False
AAPL,2022-08-11,5,BUY,55,3.36,True
AAPL,2022-08-11,10,BUY,55,0.91,True
AAPL,2022-08-11,20,BUY,55,-6.6,False
AAPL,2022-08-12,5,BUY,55,-0.34,False
AAPL,2022-08-12,10,BUY,55,-4.93,False
AAPL,2022-08-12,20,BUY,55,-5.04,False
AAPL,2022-08-15,5,BUY,55,-3.25,False
AAPL,2022-08-15,10,BUY,55,-6.82,False
AAPL,2022-08-15,20,BUY,55,-11.17,False
AAPL,2022-08-16,5,BUY,55,-3.35,False
AAPL,2022-08-16,10,BUY,55,-8.16,False
AAPL,2022-08-16,20,BUY,55,-10.24,False
AAPL,2022-08-17,5,BUY,55,-4.02,False
AAPL,2022-08-17,10,BUY,55,-9.93,False
AAPL,2022-08-17,20,BUY,55,-12.71,False
AAPL,2022-08-18,5,BUY,55,-2.37,False
AAPL,2022-08-18,10,BUY,55,-9.3,False
AAPL,2022-08-18,20,BUY,55,-13.47,False
AAPL,2022-08-19,5,BUY,55,-4.61,False
AAPL,2022-08-19,10,BUY,55,-9.16,False
AAPL,2022-08-19,20,BUY,55,-9.93,False
AAPL,2022-08-22,5,BUY,55,-3.69,False
AAPL,2022-08-22,10,BUY,55,-7.78,False
AAPL,2022-08-22,20,BUY,55,-6.37,False
AAPL,2022-08-23,5,BUY,55,-4.98,False
AAPL,2022-08-23,10,BUY,55,-6.74,False
AAPL,2022-08-23,20,BUY,55,-8.08,False
AAPL,2022-08-24,5,BUY,55,-6.15,False
AAPL,2022-08-24,10,BUY,55,-7.8,False
AAPL,2022-08-24,20,BUY,55,-8.83,False
AAPL,2022-08-25,5,BUY,55,-7.1,False
AAPL,2022-08-25,10,BUY,55,-7.45,False
AAPL,2022-08-25,20,BUY,55,-11.53,False
AAPL,2022-08-26,5,BUY,55,-4.77,False
AAPL,2022-08-26,10,BUY,55,-0.12,False
AAPL,2022-08-26,20,BUY,55,-7.85,False
AAPL,2022-08-29,5,BUY,55,-4.24,False
AAPL,2022-08-29,10,BUY,55,-4.67,False
AAPL,2022-08-29,20,BUY,55,-5.96,False
AAPL,2022-08-30,5,BUY,55,-1.86,False
AAPL,2022-08-30,10,BUY,55,-2.27,False
AAPL,2022-08-30,20,BUY,55,-5.71,False
AAPL,2022-08-31,5,BUY,55,-1.76,False
AAPL,2022-08-31,10,BUY,55,-3.08,False
AAPL,2022-08-31,20,BUY,55,-9.38,False
AAPL,2022-09-01,5,BUY,55,-0.37,False
AAPL,2022-09-01,10,BUY,55,-4.6,False
AAPL,2022-09-01,20,BUY,55,-12.51,False
AAPL,2022-09-02,5,BUY,55,4.89,True
AAPL,2022-09-02,10,BUY,55,-0.85,False
AAPL,2022-09-02,20,BUY,55,-8.57,False
AAPL,2022-09-06,5,BUY,55,-0.45,False
AAPL,2022-09-06,10,BUY,55,1.53,True
AAPL,2022-09-06,20,BUY,55,-5.46,False
AAPL,2022-09-07,5,BUY,55,-0.42,False
AAPL,2022-09-07,10,BUY,55,-1.44,False
AAPL,2022-09-07,20,BUY,55,-6.13,False
AAPL,2022-09-08,5,BUY,55,-1.35,False
AAPL,2022-09-08,10,BUY,55,-1.11,False
AAPL,2022-09-08,20,BUY,55,-5.85,False
AAPL,2022-09-09,5,BUY,55,-4.24,False
AAPL,2022-09-09,10,BUY,55,-4.41,False
AAPL,2022-09-09,20,BUY,55,-10.98,False
AAPL,2022-09-12,5,BUY,55,-5.48,False
AAPL,2022-09-12,10,BUY,55,-7.75,False
AAPL,2022-09-12,20,BUY,55,-14.08,False
AAPL,2022-09-13,5,BUY,55,1.99,True
AAPL,2022-09-13,10,BUY,55,-1.35,False
AAPL,2022-09-13,20,BUY,55,-9.66,False
AAPL,2022-09-14,5,BUY,55,-1.02,False
AAPL,2022-09-14,10,BUY,55,-3.52,False
AAPL,2022-09-14,20,BUY,55,-10.93,False
AAPL,2022-09-15,5,BUY,55,0.24,True
AAPL,2022-09-15,10,BUY,55,-6.49,False
AAPL,2022-09-15,20,BUY,55,-6.16,False
AAPL,2022-09-16,5,BUY,55,-0.18,False
AAPL,2022-09-16,10,BUY,55,-8.29,False
AAPL,2022-09-16,20,BUY,55,-8.18,False
AAPL,2022-09-20,5,BUY,55,-3.28,False
AAPL,2022-09-20,10,BUY,55,-6.88,False
AAPL,2022-09-20,20,BUY,55,-8.38,False
AAPL,2022-09-21,5,BUY,55,-2.52,False
AAPL,2022-09-21,10,BUY,55,-4.76,False
AAPL,2022-09-21,20,BUY,55,-6.41,False
AAPL,2022-09-22,5,BUY,55,-6.72,False
AAPL,2022-09-22,10,BUY,55,-4.79,False
AAPL,2022-09-22,20,BUY,55,-6.12,False
AAPL,2022-09-23,5,BUY,55,-8.13,False
AAPL,2022-09-23,10,BUY,55,-6.87,False
AAPL,2022-09-23,20,BUY,55,-2.1,False
AAPL,2022-09-26,5,BUY,55,-5.52,False
AAPL,2022-09-26,10,BUY,55,-6.86,False
AAPL,2022-09-26,20,BUY,55,-0.88,False
AAPL,2022-09-27,5,BUY,55,-3.73,False
AAPL,2022-09-27,10,BUY,55,-8.42,False
AAPL,2022-09-27,20,BUY,55,0.38,True
AAPL,2022-09-28,5,BUY,55,-2.3,False
AAPL,2022-09-28,10,BUY,55,-7.67,False
AAPL,2022-09-28,20,BUY,55,-0.33,False
AAPL,2022-09-29,5,BUY,55,2.07,True
AAPL,2022-09-29,10,BUY,55,0.36,True
AAPL,2022-09-29,20,BUY,55,1.63,True
AAPL,2022-09-30,5,BUY,55,1.37,True
AAPL,2022-09-30,10,BUY,55,0.13,True
AAPL,2022-09-30,20,BUY,55,12.69,True
AAPL,2022-10-03,5,BUY,55,-1.43,False
AAPL,2022-10-03,10,BUY,55,-0.03,False
AAPL,2022-10-03,20,BUY,55,7.64,True
AAPL,2022-10-04,5,BUY,55,-4.87,False
AAPL,2022-10-04,10,BUY,55,-1.61,False
AAPL,2022-10-04,20,BUY,55,3.11,True
AAPL,2022-10-05,5,BUY,55,-5.51,False
AAPL,2022-10-05,10,BUY,55,-1.73,False
AAPL,2022-10-05,20,BUY,55,-0.94,False
AAPL,2022-10-06,5,BUY,55,-1.68,False
AAPL,2022-10-06,10,BUY,55,-1.4,False
AAPL,2022-10-06,20,BUY,55,-4.5,False
AAPL,2022-10-07,5,BUY,55,-1.22,False
AAPL,2022-10-07,10,BUY,55,5.13,True
AAPL,2022-10-07,20,BUY,55,-1.06,False
AAPL,2022-10-10,5,BUY,55,1.42,True
AAPL,2022-10-10,10,BUY,55,6.43,True
AAPL,2022-10-10,20,BUY,55,-0.9,False
AAPL,2022-10-11,5,BUY,55,3.43,True
AAPL,2022-10-11,10,BUY,55,9.61,True
AAPL,2022-10-11,20,BUY,55,0.54,True
AAPL,2022-10-12,5,BUY,55,3.99,True
AAPL,2022-10-12,10,BUY,55,7.96,True
AAPL,2022-10-12,20,BUY,55,-2.35,False
AAPL,2022-10-13,5,BUY,55,0.28,True
AAPL,2022-10-13,10,BUY,55,1.27,True
AAPL,2022-10-13,20,BUY,55,2.88,True
AAPL,2022-10-14,5,BUY,55,6.42,True
AAPL,2022-10-14,10,BUY,55,12.55,True
AAPL,2022-10-14,20,BUY,55,8.36,True
AAPL,2022-10-17,5,BUY,55,4.94,True
AAPL,2022-10-17,10,BUY,55,7.68,True
AAPL,2022-10-17,20,BUY,55,4.29,True
AAPL,2022-10-18,5,BUY,55,5.98,True
AAPL,2022-10-18,10,BUY,55,4.8,True
AAPL,2022-10-18,20,BUY,55,4.55,True
AAPL,2022-10-19,5,BUY,55,3.82,True
AAPL,2022-10-19,10,BUY,55,0.81,True
AAPL,2022-10-19,20,BUY,55,3.6,True
AAPL,2022-10-20,5,BUY,55,0.98,True
AAPL,2022-10-20,10,BUY,55,-3.15,False
AAPL,2022-10-20,20,BUY,55,5.29,True
AAPL,2022-10-21,5,BUY,55,5.75,True
AAPL,2022-10-21,10,BUY,55,-5.88,False
AAPL,2022-10-21,20,BUY,55,2.9,True
AAPL,2022-10-24,5,BUY,55,2.6,True
AAPL,2022-10-24,10,BUY,55,-6.89,False
AAPL,2022-10-24,20,BUY,55,-0.8,False
AAPL,2022-10-25,5,BUY,55,-1.11,False
AAPL,2022-10-25,10,BUY,55,-8.28,False
AAPL,2022-10-25,20,BUY,55,-1.25,False
AAPL,2022-10-26,5,BUY,55,-2.89,False
AAPL,2022-10-26,10,BUY,55,-9.55,False
AAPL,2022-10-26,20,BUY,55,1.32,True
AAPL,2022-10-27,5,BUY,55,-4.09,False
AAPL,2022-10-27,10,BUY,55,1.6,True
AAPL,2022-10-27,20,BUY,55,2.46,True
AAPL,2022-10-28,5,BUY,55,-11.0,False
AAPL,2022-10-28,10,BUY,55,-3.72,False
AAPL,2022-10-28,20,BUY,55,-7.24,False
AAPL,2022-10-31,5,BUY,55,-9.25,False
AAPL,2022-10-31,10,BUY,55,-3.14,False
AAPL,2022-10-31,20,BUY,55,-7.78,False
AAPL,2022-11-01,5,BUY,55,-7.25,False
AAPL,2022-11-01,10,BUY,55,-0.24,False
AAPL,2022-11-01,20,BUY,55,-1.58,False
AAPL,2022-11-02,5,BUY,55,-6.85,False
AAPL,2022-11-02,10,BUY,55,2.76,True
AAPL,2022-11-02,20,BUY,55,2.43,True
AAPL,2022-11-03,5,BUY,55,5.93,True
AAPL,2022-11-03,10,BUY,55,8.71,True
AAPL,2022-11-03,20,BUY,55,6.61,True
AAPL,2022-11-04,5,BUY,55,8.18,True
AAPL,2022-11-04,10,BUY,55,9.33,True
AAPL,2022-11-04,20,BUY,55,5.96,True
AAPL,2022-11-07,5,BUY,55,6.74,True
AAPL,2022-11-07,10,BUY,55,6.54,True
AAPL,2022-11-07,20,BUY,55,2.87,True
AAPL,2022-11-08,5,BUY,55,7.56,True
AAPL,2022-11-08,10,BUY,55,7.66,True
AAPL,2022-11-08,20,BUY,55,1.03,True
AAPL,2022-11-09,5,BUY,55,10.32,True
AAPL,2022-11-09,10,BUY,55,12.01,True
AAPL,2022-11-09,20,BUY,55,5.77,True
AAPL,2022-11-10,5,BUY,55,2.62,True
AAPL,2022-11-10,10,BUY,55,0.84,True
AAPL,2022-11-10,20,BUY,55,-3.21,False
AAPL,2022-11-11,5,BUY,55,1.06,True
AAPL,2022-11-11,10,BUY,55,-3.66,False
AAPL,2022-11-11,20,BUY,55,-3.48,False
AAPL,2022-11-14,5,BUY,55,-0.18,False
AAPL,2022-11-14,10,BUY,55,-4.79,False
AAPL,2022-11-14,20,BUY,55,-1.9,False
AAPL,2022-11-15,5,BUY,55,0.09,True
AAPL,2022-11-15,10,BUY,55,-1.34,False
AAPL,2022-11-15,20,BUY,55,-4.55,False
AAPL,2022-11-16,5,BUY,55,1.53,True
AAPL,2022-11-16,10,BUY,55,-0.32,False
AAPL,2022-11-16,20,BUY,55,-8.26,False
AAPL,2022-11-17,5,BUY,55,-1.73,False
AAPL,2022-11-17,10,BUY,55,-1.93,False
AAPL,2022-11-17,20,BUY,55,-10.76,False
AAPL,2022-11-18,5,BUY,55,-4.67,False
AAPL,2022-11-18,10,BUY,55,-3.08,False
AAPL,2022-11-18,20,BUY,55,-12.51,False
AAPL,2022-11-22,5,BUY,55,-1.43,False
AAPL,2022-11-22,10,BUY,55,-6.15,False
AAPL,2022-11-22,20,BUY,55,-9.81,False
AAPL,2022-11-23,5,BUY,55,-1.83,False
AAPL,2022-11-23,10,BUY,55,-5.57,False
AAPL,2022-11-23,20,BUY,55,-12.47,False
AAPL,2022-11-25,5,BUY,55,-0.2,False
AAPL,2022-11-25,10,BUY,55,-4.02,False
AAPL,2022-11-25,20,BUY,55,-10.97,False
AAPL,2022-11-28,5,BUY,55,1.67,True
AAPL,2022-11-28,10,BUY,55,0.19,True
AAPL,2022-11-28,20,BUY,55,-9.84,False
AAPL,2022-11-30,5,BUY,55,-4.79,False
AAPL,2022-11-30,10,BUY,55,-3.26,False
AAPL,2022-11-30,20,BUY,55,-12.44,False
AAPL,2022-12-02,5,BUY,55,-3.82,False
AAPL,2022-12-02,10,BUY,55,-9.0,False
AAPL,2022-12-02,20,BUY,55,-15.38,False
AAPL,2022-12-05,5,BUY,55,-1.46,False
AAPL,2022-12-05,10,BUY,55,-9.73,False
AAPL,2022-12-05,20,BUY,55,-13.82,False
AAPL,2022-12-06,5,BUY,55,1.79,True
AAPL,2022-12-06,10,BUY,55,-7.42,False
AAPL,2022-12-06,20,BUY,55,-12.52,False
AAPL,2022-12-07,5,BUY,55,1.61,True
AAPL,2022-12-07,10,BUY,55,-3.9,False
AAPL,2022-12-07,20,BUY,55,-8.03,False
AAPL,2022-12-08,5,BUY,55,-4.31,False
AAPL,2022-12-08,10,BUY,55,-7.3,False
AAPL,2022-12-08,20,BUY,55,-8.76,False
AAPL,2022-12-09,5,BUY,55,-5.38,False
AAPL,2022-12-09,10,BUY,55,-7.25,False
AAPL,2022-12-09,20,BUY,55,-8.04,False
AAPL,2022-12-12,5,BUY,55,-8.39,False
AAPL,2022-12-12,10,BUY,55,-10.01,False
AAPL,2022-12-12,20,BUY,55,-7.61,False
AAPL,2022-12-13,5,BUY,55,-9.05,False
AAPL,2022-12-13,10,BUY,55,-13.36,False
AAPL,2022-12-13,20,BUY,55,-8.29,False
AAPL,2022-12-14,5,BUY,55,-5.42,False
AAPL,2022-12-14,10,BUY,55,-9.5,False
AAPL,2022-12-14,20,BUY,55,-5.9,False
AAPL,2022-12-15,5,BUY,55,-3.13,False
AAPL,2022-12-15,10,BUY,55,-4.81,False
AAPL,2022-12-15,20,BUY,55,-0.41,False
AAPL,2022-12-16,5,BUY,55,-1.97,False
AAPL,2022-12-16,10,BUY,55,-7.02,False
AAPL,2022-12-16,20,BUY,55,0.52,True
AAPL,2022-12-20,5,BUY,55,-4.73,False
AAPL,2022-12-20,10,BUY,55,-5.5,False
AAPL,2022-12-20,20,BUY,55,4.21,True
AAPL,2022-12-21,5,BUY,55,-4.31,False
AAPL,2022-12-21,10,BUY,55,-4.3,False
AAPL,2022-12-21,20,BUY,55,4.18,True
AAPL,2022-12-22,5,BUY,55,-1.74,False
AAPL,2022-12-22,10,BUY,55,-1.57,False
AAPL,2022-12-22,20,BUY,55,7.79,True
AAPL,2022-12-23,5,BUY,55,-5.15,False
AAPL,2022-12-23,10,BUY,55,-0.86,False
AAPL,2022-12-23,20,BUY,55,7.58,True
AAPL,2022-12-27,5,BUY,55,-2.82,False
AAPL,2022-12-27,10,BUY,55,2.66,True
AAPL,2022-12-27,20,BUY,55,10.71,True
AAPL,2022-12-28,5,BUY,55,-0.81,False
AAPL,2022-12-28,10,BUY,55,5.85,True
AAPL,2022-12-28,20,BUY,55,15.78,True
AAPL,2022-12-29,5,BUY,55,0.01,True
AAPL,2022-12-29,10,BUY,55,3.97,True
AAPL,2022-12-29,20,BUY,55,10.33,True
AAPL,2022-12-30,5,BUY,55,0.17,True
AAPL,2022-12-30,10,BUY,55,4.63,True
AAPL,2022-12-30,20,BUY,55,11.05,True
AAPL,2023-01-03,5,BUY,55,4.53,True
AAPL,2023-01-03,10,BUY,55,8.11,True
AAPL,2023-01-03,20,BUY,55,16.28,True
AAPL,2023-01-04,5,BUY,55,5.64,True
AAPL,2023-01-04,10,BUY,55,7.05,True
AAPL,2023-01-04,20,BUY,55,19.36,True
AAPL,2023-01-05,5,BUY,55,6.71,True
AAPL,2023-01-05,10,BUY,55,10.28,True
AAPL,2023-01-05,20,BUY,55,23.58,True
AAPL,2023-01-06,5,BUY,55,3.97,True
AAPL,2023-01-06,10,BUY,55,8.86,True
AAPL,2023-01-06,20,BUY,55,17.06,True
AAPL,2023-01-09,5,BUY,55,4.45,True
AAPL,2023-01-09,10,BUY,55,9.51,True
AAPL,2023-01-09,20,BUY,55,18.82,True
AAPL,2023-01-10,5,BUY,55,3.43,True
AAPL,2023-01-10,10,BUY,55,8.51,True
AAPL,2023-01-10,20,BUY,55,16.21,True
AAPL,2023-01-11,5,BUY,55,1.33,True
AAPL,2023-01-11,10,BUY,55,7.84,True
AAPL,2023-01-11,20,BUY,55,13.02,True
AAPL,2023-01-12,5,BUY,55,3.34,True
AAPL,2023-01-12,10,BUY,55,9.38,True
AAPL,2023-01-12,20,BUY,55,13.37,True
AAPL,2023-01-13,5,BUY,55,4.71,True
AAPL,2023-01-13,10,BUY,55,6.11,True
AAPL,2023-01-13,20,BUY,55,14.34,True
AAPL,2023-01-17,5,BUY,55,4.85,True
AAPL,2023-01-17,10,BUY,55,6.14,True
AAPL,2023-01-17,20,BUY,55,12.87,True
AAPL,2023-01-18,5,BUY,55,4.92,True
AAPL,2023-01-18,10,BUY,55,7.56,True
AAPL,2023-01-18,20,BUY,55,15.06,True
AAPL,2023-01-19,5,BUY,55,6.42,True
AAPL,2023-01-19,10,BUY,55,11.5,True
AAPL,2023-01-19,20,BUY,55,13.81,True
AAPL,2023-01-20,5,BUY,55,5.85,True
AAPL,2023-01-20,10,BUY,55,12.06,True
AAPL,2023-01-20,20,BUY,55,10.82,True
AAPL,2023-01-23,5,BUY,55,1.34,True
AAPL,2023-01-23,10,BUY,55,7.53,True
AAPL,2023-01-23,20,BUY,55,5.38,True
AAPL,2023-01-24,5,BUY,55,1.23,True
AAPL,2023-01-24,10,BUY,55,8.5,True
AAPL,2023-01-24,20,BUY,55,4.64,True
AAPL,2023-01-25,5,BUY,55,2.52,True
AAPL,2023-01-25,10,BUY,55,7.09,True
AAPL,2023-01-25,20,BUY,55,5.48,True
AAPL,2023-01-26,5,BUY,55,4.77,True
AAPL,2023-01-26,10,BUY,55,4.8,True
AAPL,2023-01-26,20,BUY,55,2.07,True
AAPL,2023-01-27,5,BUY,55,5.87,True
AAPL,2023-01-27,10,BUY,55,3.64,True
AAPL,2023-01-27,20,BUY,55,1.52,True
AAPL,2023-01-30,5,BUY,55,6.1,True
AAPL,2023-01-30,10,BUY,55,7.75,True
AAPL,2023-01-30,20,BUY,55,3.24,True
AAPL,2023-01-31,5,BUY,55,7.18,True
AAPL,2023-01-31,10,BUY,55,6.34,True
AAPL,2023-01-31,20,BUY,55,0.86,True
AAPL,2023-02-01,5,BUY,55,4.46,True
AAPL,2023-02-01,10,BUY,55,6.97,True
AAPL,2023-02-01,20,BUY,55,0.48,True
AAPL,2023-02-02,5,BUY,55,0.03,True
AAPL,2023-02-02,10,BUY,55,2.07,True
AAPL,2023-02-02,20,BUY,55,0.29,True
AAPL,2023-02-06,5,BUY,55,1.55,True
AAPL,2023-02-06,10,BUY,55,-1.99,False
AAPL,2023-02-06,20,BUY,55,0.07,True
AAPL,2023-02-07,5,BUY,55,-0.79,False
AAPL,2023-02-07,10,BUY,55,-3.56,False
AAPL,2023-02-07,20,BUY,55,-1.0,False
AAPL,2023-02-08,5,BUY,55,2.4,True
AAPL,2023-02-08,10,BUY,55,-1.51,False
AAPL,2023-02-08,20,BUY,55,-0.72,False
AAPL,2023-02-09,5,BUY,55,2.04,True
AAPL,2023-02-09,10,BUY,55,-2.61,False
AAPL,2023-02-09,20,BUY,55,-1.42,False
AAPL,2023-02-10,5,BUY,55,1.02,True
AAPL,2023-02-10,10,BUY,55,-2.05,False
AAPL,2023-02-10,20,BUY,55,-0.36,False
AAPL,2023-02-13,5,BUY,55,-3.49,False
AAPL,2023-02-13,10,BUY,55,-4.19,False
AAPL,2023-02-13,20,BUY,55,-0.82,False
AAPL,2023-02-14,5,BUY,55,-2.8,False
AAPL,2023-02-14,10,BUY,55,-5.15,False
AAPL,2023-02-14,20,BUY,55,-0.14,False
AAPL,2023-02-15,5,BUY,55,-3.82,False
AAPL,2023-02-15,10,BUY,55,-6.06,False
AAPL,2023-02-15,20,BUY,55,0.33,True
AAPL,2023-02-16,5,BUY,55,-4.55,False
AAPL,2023-02-16,10,BUY,55,-1.74,False
AAPL,2023-02-16,20,BUY,55,0.84,True
AAPL,2023-02-17,5,BUY,55,-3.04,False
AAPL,2023-02-17,10,BUY,55,0.84,True
AAPL,2023-02-17,20,BUY,55,3.18,True
AAPL,2023-02-21,5,BUY,55,-0.72,False
AAPL,2023-02-21,10,BUY,55,2.1,True
AAPL,2023-02-21,20,BUY,55,7.27,True
AAPL,2023-02-22,5,BUY,55,-2.42,False
AAPL,2023-02-22,10,BUY,55,2.66,True
AAPL,2023-02-22,20,BUY,55,5.99,True
AAPL,2023-02-23,5,BUY,55,-2.34,False
AAPL,2023-02-23,10,BUY,55,0.8,True
AAPL,2023-02-23,20,BUY,55,6.38,True
AAPL,2023-02-24,5,BUY,55,2.94,True
AAPL,2023-02-24,10,BUY,55,1.22,True
AAPL,2023-02-24,20,BUY,55,9.23,True
AAPL,2023-02-27,5,BUY,55,4.0,True
AAPL,2023-02-27,10,BUY,55,1.72,True
AAPL,2023-02-27,20,BUY,55,7.0,True
AAPL,2023-02-28,5,BUY,55,2.84,True
AAPL,2023-02-28,10,BUY,55,3.51,True
AAPL,2023-02-28,20,BUY,55,6.95,True
AAPL,2023-03-01,5,BUY,55,5.2,True
AAPL,2023-03-01,10,BUY,55,5.29,True
AAPL,2023-03-01,20,BUY,55,10.64,True
AAPL,2023-03-02,5,BUY,55,3.21,True
AAPL,2023-03-02,10,BUY,55,6.81,True
AAPL,2023-03-02,20,BUY,55,11.27,True
AAPL,2023-03-03,5,BUY,55,-1.68,False
AAPL,2023-03-03,10,BUY,55,2.63,True
AAPL,2023-03-03,20,BUY,55,9.18,True
AAPL,2023-03-06,5,BUY,55,-2.18,False
AAPL,2023-03-06,10,BUY,55,2.32,True
AAPL,2023-03-06,20,BUY,55,8.02,True
AAPL,2023-03-07,5,BUY,55,0.65,True
AAPL,2023-03-07,10,BUY,55,5.07,True
AAPL,2023-03-07,20,BUY,55,9.25,True
AAPL,2023-03-08,5,BUY,55,0.08,True
AAPL,2023-03-08,10,BUY,55,3.24,True
AAPL,2023-03-08,20,BUY,55,7.12,True
AAPL,2023-03-09,5,BUY,55,3.49,True
AAPL,2023-03-09,10,BUY,55,5.54,True
AAPL,2023-03-09,20,BUY,55,9.34,True
AAPL,2023-03-10,5,BUY,55,4.38,True
AAPL,2023-03-10,10,BUY,55,7.91,True
AAPL,2023-03-10,20,BUY,55,9.11,True
AAPL,2023-03-13,5,BUY,55,4.61,True
AAPL,2023-03-13,10,BUY,55,5.19,True
AAPL,2023-03-13,20,BUY,55,6.87,True
AAPL,2023-03-14,5,BUY,55,4.38,True
AAPL,2023-03-14,10,BUY,55,3.32,True
AAPL,2023-03-14,20,BUY,55,4.92,True
AAPL,2023-03-15,5,BUY,55,3.16,True
AAPL,2023-03-15,10,BUY,55,5.09,True
AAPL,2023-03-15,20,BUY,55,8.22,True
AAPL,2023-03-16,5,BUY,55,1.98,True
AAPL,2023-03-16,10,BUY,55,4.18,True
AAPL,2023-03-16,20,BUY,55,6.01,True
AAPL,2023-03-17,5,BUY,55,3.39,True
AAPL,2023-03-17,10,BUY,55,6.39,True
AAPL,2023-03-17,20,BUY,55,6.6,True
AAPL,2023-03-20,5,BUY,55,0.56,True
AAPL,2023-03-20,10,BUY,55,5.57,True
AAPL,2023-03-20,20,BUY,55,5.76,True
AAPL,2023-03-21,5,BUY,55,-1.02,False
AAPL,2023-03-21,10,BUY,55,3.99,True
AAPL,2023-03-21,20,BUY,55,5.24,True
AAPL,2023-03-22,5,BUY,55,1.86,True
AAPL,2023-03-22,10,BUY,55,3.76,True
AAPL,2023-03-22,20,BUY,55,5.59,True
AAPL,2023-03-23,5,BUY,55,2.16,True
AAPL,2023-03-23,10,BUY,55,3.61,True
AAPL,2023-03-23,20,BUY,55,3.83,True
AAPL,2023-03-24,5,BUY,55,2.9,True
AAPL,2023-03-24,10,BUY,55,1.11,True
AAPL,2023-03-24,20,BUY,55,3.17,True
AAPL,2023-03-27,5,BUY,55,4.98,True
AAPL,2023-03-27,10,BUY,55,1.59,True
AAPL,2023-03-27,20,BUY,55,3.47,True
AAPL,2023-03-28,5,BUY,55,5.06,True
AAPL,2023-03-28,10,BUY,55,1.55,True
AAPL,2023-03-28,20,BUY,55,3.88,True
AAPL,2023-03-29,5,BUY,55,1.86,True
AAPL,2023-03-29,10,BUY,55,2.98,True
AAPL,2023-03-29,20,BUY,55,4.75,True
AAPL,2023-03-30,5,BUY,55,1.42,True
AAPL,2023-03-30,10,BUY,55,1.76,True
AAPL,2023-03-30,20,BUY,55,4.51,True
AAPL,2023-03-31,5,BUY,55,-1.74,False
AAPL,2023-03-31,10,BUY,55,0.2,True
AAPL,2023-03-31,20,BUY,55,2.84,True
AAPL,2023-04-03,5,BUY,55,-3.23,False
AAPL,2023-04-03,10,BUY,55,0.18,True
AAPL,2023-04-03,20,BUY,55,1.43,True
AAPL,2023-04-04,5,BUY,55,-3.34,False
AAPL,2023-04-04,10,BUY,55,1.21,True
AAPL,2023-04-04,20,BUY,55,1.1,True
AAPL,2023-04-05,5,BUY,55,1.1,True
AAPL,2023-04-05,10,BUY,55,1.76,True
AAPL,2023-04-05,20,BUY,55,1.24,True
AAPL,2023-04-06,5,BUY,55,0.33,True
AAPL,2023-04-06,10,BUY,55,0.22,True
AAPL,2023-04-06,20,BUY,55,5.41,True
AAPL,2023-04-10,5,BUY,55,1.97,True
AAPL,2023-04-10,10,BUY,55,2.04,True
AAPL,2023-04-10,20,BUY,55,7.08,True
AAPL,2023-04-11,5,BUY,55,3.53,True
AAPL,2023-04-11,10,BUY,55,1.85,True
AAPL,2023-04-11,20,BUY,55,6.82,True
AAPL,2023-04-12,5,BUY,55,4.7,True
AAPL,2023-04-12,10,BUY,55,2.29,True
AAPL,2023-04-12,20,BUY,55,8.41,True
AAPL,2023-04-13,5,BUY,55,0.66,True
AAPL,2023-04-13,10,BUY,55,1.72,True
AAPL,2023-04-13,20,BUY,55,4.95,True
AAPL,2023-04-14,5,BUY,55,-0.12,False
AAPL,2023-04-14,10,BUY,55,2.71,True
AAPL,2023-04-14,20,BUY,55,4.6,True
AAPL,2023-04-17,5,BUY,55,0.06,True
AAPL,2023-04-17,10,BUY,55,2.64,True
AAPL,2023-04-17,20,BUY,55,4.28,True
AAPL,2023-04-18,5,BUY,55,-1.62,False
AAPL,2023-04-18,10,BUY,55,1.24,True
AAPL,2023-04-18,20,BUY,55,3.51,True
AAPL,2023-04-19,5,BUY,55,-2.31,False
AAPL,2023-04-19,10,BUY,55,-0.11,False
AAPL,2023-04-19,20,BUY,55,3.16,True
AAPL,2023-04-20,5,BUY,55,1.06,True
AAPL,2023-04-20,10,BUY,55,-0.52,False
AAPL,2023-04-20,20,BUY,55,5.19,True
AAPL,2023-04-21,5,BUY,55,2.82,True
AAPL,2023-04-21,10,BUY,55,5.18,True
AAPL,2023-04-21,20,BUY,55,6.29,True
AAPL,2023-04-24,5,BUY,55,2.58,True
AAPL,2023-04-24,10,BUY,55,4.94,True
AAPL,2023-04-24,20,BUY,55,5.51,True
AAPL,2023-04-25,5,BUY,55,2.91,True
AAPL,2023-04-25,10,BUY,55,4.88,True
AAPL,2023-04-25,20,BUY,55,4.9,True
AAPL,2023-04-26,5,BUY,55,2.25,True
AAPL,2023-04-26,10,BUY,55,5.98,True
AAPL,2023-04-26,20,BUY,55,5.08,True
AAPL,2023-04-27,5,BUY,55,-1.56,False
AAPL,2023-04-27,10,BUY,55,3.17,True
AAPL,2023-04-27,20,BUY,55,2.86,True
AAPL,2023-04-28,5,BUY,55,2.29,True
AAPL,2023-04-28,10,BUY,55,1.84,True
AAPL,2023-04-28,20,BUY,55,3.53,True
AAPL,2023-05-01,5,BUY,55,2.31,True
AAPL,2023-05-01,10,BUY,55,1.6,True
AAPL,2023-05-01,20,BUY,55,4.69,True
AAPL,2023-05-02,5,BUY,55,1.92,True
AAPL,2023-05-02,10,BUY,55,2.24,True
AAPL,2023-05-02,20,BUY,55,5.31,True
AAPL,2023-05-03,5,BUY,55,3.65,True
AAPL,2023-05-03,10,BUY,55,3.27,True
AAPL,2023-05-03,20,BUY,55,7.7,True
AAPL,2023-05-04,5,BUY,55,4.8,True
AAPL,2023-05-04,10,BUY,55,5.73,True
AAPL,2023-05-04,20,BUY,55,9.3,True
AAPL,2023-05-05,5,BUY,55,-0.44,False
AAPL,2023-05-05,10,BUY,55,1.06,True
AAPL,2023-05-05,20,BUY,55,3.61,True
AAPL,2023-05-08,5,BUY,55,-0.69,False
AAPL,2023-05-08,10,BUY,55,0.54,True
AAPL,2023-05-08,20,BUY,55,3.43,True
AAPL,2023-05-09,5,BUY,55,0.31,True
AAPL,2023-05-09,10,BUY,55,0.02,True
AAPL,2023-05-09,20,BUY,55,3.67,True
AAPL,2023-05-10,5,BUY,55,-0.36,False
AAPL,2023-05-10,10,BUY,55,-0.85,False
AAPL,2023-05-10,20,BUY,55,4.18,True
AAPL,2023-05-11,5,BUY,55,0.89,True
AAPL,2023-05-11,10,BUY,55,-0.3,False
AAPL,2023-05-11,20,BUY,55,4.29,True
AAPL,2023-05-12,5,BUY,55,1.5,True
AAPL,2023-05-12,10,BUY,55,1.66,True
AAPL,2023-05-12,20,BUY,55,6.5,True
AAPL,2023-05-15,5,BUY,55,1.24,True
AAPL,2023-05-15,10,BUY,55,3.04,True
AAPL,2023-05-15,20,BUY,55,6.53,True
AAPL,2023-05-16,5,BUY,55,-0.3,False
AAPL,2023-05-16,10,BUY,55,3.01,True
AAPL,2023-05-16,20,BUY,55,6.9,True
AAPL,2023-05-17,5,BUY,55,-0.49,False
AAPL,2023-05-17,10,BUY,55,4.29,True
AAPL,2023-05-17,20,BUY,55,7.71,True
AAPL,2023-05-18,5,BUY,55,-1.18,False
AAPL,2023-05-18,10,BUY,55,3.37,True
AAPL,2023-05-18,20,BUY,55,5.64,True
AAPL,2023-05-19,5,BUY,55,0.15,True
AAPL,2023-05-19,10,BUY,55,2.52,True
AAPL,2023-05-19,20,BUY,55,5.62,True
AAPL,2023-05-22,5,BUY,55,1.78,True
AAPL,2023-05-22,10,BUY,55,2.88,True
AAPL,2023-05-22,20,BUY,55,5.6,True
AAPL,2023-05-23,5,BUY,55,3.32,True
AAPL,2023-05-23,10,BUY,55,3.65,True
AAPL,2023-05-23,20,BUY,55,9.0,True
AAPL,2023-05-24,5,BUY,55,4.8,True
AAPL,2023-05-24,10,BUY,55,5.08,True
AAPL,2023-05-24,20,BUY,55,8.64,True
AAPL,2023-05-25,5,BUY,55,4.6,True
AAPL,2023-05-25,10,BUY,55,4.61,True
AAPL,2023-05-25,20,BUY,55,7.1,True
AAPL,2023-05-26,5,BUY,55,2.37,True
AAPL,2023-05-26,10,BUY,55,4.77,True
AAPL,2023-05-26,20,BUY,55,7.2,True
AAPL,2023-05-30,5,BUY,55,1.08,True
AAPL,2023-05-30,10,BUY,55,3.39,True
AAPL,2023-05-30,20,BUY,55,6.74,True
AAPL,2023-05-31,5,BUY,55,0.32,True
AAPL,2023-05-31,10,BUY,55,3.78,True
AAPL,2023-05-31,20,BUY,55,6.96,True
AAPL,2023-06-01,5,BUY,55,0.27,True
AAPL,2023-06-01,10,BUY,55,3.29,True
AAPL,2023-06-01,20,BUY,55,7.71,True
AAPL,2023-06-02,5,BUY,55,0.01,True
AAPL,2023-06-02,10,BUY,55,2.19,True
AAPL,2023-06-02,20,BUY,55,6.36,True
AAPL,2023-06-05,5,BUY,55,2.34,True
AAPL,2023-06-05,10,BUY,55,3.02,True
AAPL,2023-06-05,20,BUY,55,6.54,True
AAPL,2023-06-06,5,BUY,55,2.29,True
AAPL,2023-06-06,10,BUY,55,2.65,True
AAPL,2023-06-06,20,BUY,55,7.03,True
AAPL,2023-06-07,5,BUY,55,3.45,True
AAPL,2023-06-07,10,BUY,55,5.16,True
AAPL,2023-06-07,20,BUY,55,7.23,True
AAPL,2023-06-08,5,BUY,55,3.01,True
AAPL,2023-06-08,10,BUY,55,3.38,True
AAPL,2023-06-08,20,BUY,55,4.45,True
AAPL,2023-06-09,5,BUY,55,2.19,True
AAPL,2023-06-09,10,BUY,55,2.38,True
AAPL,2023-06-09,20,BUY,55,3.93,True
AAPL,2023-06-12,5,BUY,55,0.66,True
AAPL,2023-06-12,10,BUY,55,2.32,True
AAPL,2023-06-12,20,BUY,55,3.25,True
AAPL,2023-06-13,5,BUY,55,0.35,True
AAPL,2023-06-13,10,BUY,55,3.24,True
AAPL,2023-06-13,20,BUY,55,3.94,True
AAPL,2023-06-14,5,BUY,55,1.66,True
AAPL,2023-06-14,10,BUY,55,3.07,True
AAPL,2023-06-14,20,BUY,55,3.66,True
AAPL,2023-06-15,5,BUY,55,0.36,True
AAPL,2023-06-15,10,BUY,55,4.28,True
AAPL,2023-06-15,20,BUY,55,4.29,True
AAPL,2023-06-16,5,BUY,55,0.19,True
AAPL,2023-06-16,10,BUY,55,4.08,True
AAPL,2023-06-16,20,BUY,55,4.76,True
AAPL,2023-06-20,5,BUY,55,1.65,True
AAPL,2023-06-20,10,BUY,55,3.42,True
AAPL,2023-06-20,20,BUY,55,5.45,True
AAPL,2023-06-21,5,BUY,55,2.88,True
AAPL,2023-06-21,10,BUY,55,4.27,True
AAPL,2023-06-21,20,BUY,55,4.98,True
AAPL,2023-06-22,5,BUY,55,1.39,True
AAPL,2023-06-22,10,BUY,55,1.97,True
AAPL,2023-06-22,20,BUY,55,2.64,True
AAPL,2023-06-23,5,BUY,55,3.91,True
AAPL,2023-06-23,10,BUY,55,1.03,True
AAPL,2023-06-23,20,BUY,55,3.25,True
AAPL,2023-06-26,5,BUY,55,3.88,True
AAPL,2023-06-26,10,BUY,55,1.52,True
AAPL,2023-06-26,20,BUY,55,4.51,True
AAPL,2023-06-27,5,BUY,55,1.74,True
AAPL,2023-06-27,10,BUY,55,0.91,True
AAPL,2023-06-27,20,BUY,55,3.42,True
AAPL,2023-06-28,5,BUY,55,1.35,True
AAPL,2023-06-28,10,BUY,55,0.68,True
AAPL,2023-06-28,20,BUY,55,2.1,True
AAPL,2023-06-29,5,BUY,55,0.57,True
AAPL,2023-06-29,10,BUY,55,0.58,True
AAPL,2023-06-29,20,BUY,55,3.29,True
AAPL,2023-06-30,5,BUY,55,-2.76,False
AAPL,2023-06-30,10,BUY,55,0.01,True
AAPL,2023-06-30,20,BUY,55,1.28,True
AAPL,2023-07-03,5,BUY,55,-2.28,False
AAPL,2023-07-03,10,BUY,55,0.66,True
AAPL,2023-07-03,20,BUY,55,1.64,True
AAPL,2023-07-05,5,BUY,55,-0.82,False
AAPL,2023-07-05,10,BUY,55,1.97,True
AAPL,2023-07-05,20,BUY,55,0.65,True
AAPL,2023-07-06,5,BUY,55,-0.66,False
AAPL,2023-07-06,10,BUY,55,0.69,True
AAPL,2023-07-06,20,BUY,55,-0.33,False
AAPL,2023-07-07,5,BUY,55,0.01,True
AAPL,2023-07-07,10,BUY,55,0.66,True
AAPL,2023-07-07,20,BUY,55,-4.56,False
AAPL,2023-07-10,5,BUY,55,2.85,True
AAPL,2023-07-10,10,BUY,55,2.2,True
AAPL,2023-07-10,20,BUY,55,-5.17,False
AAPL,2023-07-11,5,BUY,55,3.0,True
AAPL,2023-07-11,10,BUY,55,2.95,True
AAPL,2023-07-11,20,BUY,55,-4.4,False
AAPL,2023-07-12,5,BUY,55,2.81,True
AAPL,2023-07-12,10,BUY,55,2.49,True
AAPL,2023-07-12,20,BUY,55,-6.1,False
AAPL,2023-07-13,5,BUY,55,1.36,True
AAPL,2023-07-13,10,BUY,55,1.41,True
AAPL,2023-07-13,20,BUY,55,-6.6,False
AAPL,2023-07-14,5,BUY,55,0.66,True
AAPL,2023-07-14,10,BUY,55,2.7,True
AAPL,2023-07-14,20,BUY,55,-6.64,False
AAPL,2023-07-17,5,BUY,55,-0.64,False
AAPL,2023-07-17,10,BUY,55,1.27,True
AAPL,2023-07-17,20,BUY,55,-7.37,False
AAPL,2023-07-18,5,BUY,55,-0.06,False
AAPL,2023-07-18,10,BUY,55,0.97,True
AAPL,2023-07-18,20,BUY,55,-8.28,False
AAPL,2023-07-19,5,BUY,55,-0.31,False
AAPL,2023-07-19,10,BUY,55,-1.29,False
AAPL,2023-07-19,20,BUY,55,-9.38,False
AAPL,2023-07-20,5,BUY,55,0.05,True
AAPL,2023-07-20,10,BUY,55,-1.01,False
AAPL,2023-07-20,20,BUY,55,-9.78,False
AAPL,2023-07-21,5,BUY,55,2.03,True
AAPL,2023-07-21,10,BUY,55,-5.18,False
AAPL,2023-07-21,20,BUY,55,-8.97,False
AAPL,2023-07-24,5,BUY,55,1.92,True
AAPL,2023-07-24,10,BUY,55,-7.21,False
AAPL,2023-07-24,20,BUY,55,-8.65,False
AAPL,2023-07-25,5,BUY,55,1.03,True
AAPL,2023-07-25,10,BUY,55,-7.14,False
AAPL,2023-07-25,20,BUY,55,-8.34,False
AAPL,2023-07-26,5,BUY,55,-0.99,False
AAPL,2023-07-26,10,BUY,55,-8.39,False
AAPL,2023-07-26,20,BUY,55,-6.75,False
AAPL,2023-07-27,5,BUY,55,-1.06,False
AAPL,2023-07-27,10,BUY,55,-7.89,False
AAPL,2023-07-27,20,BUY,55,-8.59,False
AAPL,2023-07-28,5,BUY,55,-7.07,False
AAPL,2023-07-28,10,BUY,55,-9.09,False
AAPL,2023-07-28,20,BUY,55,-8.67,False
AAPL,2023-07-31,5,BUY,55,-8.96,False
AAPL,2023-07-31,10,BUY,55,-8.53,False
AAPL,2023-07-31,20,BUY,55,-8.15,False
AAPL,2023-08-01,5,BUY,55,-8.08,False
AAPL,2023-08-01,10,BUY,55,-9.16,False
AAPL,2023-08-01,20,BUY,55,-5.75,False
AAPL,2023-08-02,5,BUY,55,-7.47,False
AAPL,2023-08-02,10,BUY,55,-8.19,False
AAPL,2023-08-02,20,BUY,55,-2.43,False
AAPL,2023-08-03,5,BUY,55,-6.9,False
AAPL,2023-08-03,10,BUY,55,-8.86,False
AAPL,2023-08-03,20,BUY,55,-1.59,False
AAPL,2023-08-04,5,BUY,55,-2.18,False
AAPL,2023-08-04,10,BUY,55,-3.99,False
AAPL,2023-08-04,20,BUY,55,4.25,True
AAPL,2023-08-07,5,BUY,55,0.48,True
AAPL,2023-08-07,10,BUY,55,-1.55,False
AAPL,2023-08-07,20,BUY,55,6.21,True
AAPL,2023-08-08,5,BUY,55,-1.17,False
AAPL,2023-08-08,10,BUY,55,-1.3,False
AAPL,2023-08-08,20,BUY,55,1.87,True
AAPL,2023-08-09,5,BUY,55,-0.78,False
AAPL,2023-08-09,10,BUY,55,1.78,True
AAPL,2023-08-09,20,BUY,55,-0.22,False
AAPL,2023-08-10,5,BUY,55,-2.1,False
AAPL,2023-08-10,10,BUY,55,-0.76,False
AAPL,2023-08-10,20,BUY,55,0.25,True
AAPL,2023-08-11,5,BUY,55,-1.86,False
AAPL,2023-08-11,10,BUY,55,0.46,True
AAPL,2023-08-11,20,BUY,55,0.88,True
AAPL,2023-08-14,5,BUY,55,-2.02,False
AAPL,2023-08-14,10,BUY,55,0.41,True
AAPL,2023-08-14,20,BUY,55,-1.76,False
AAPL,2023-08-15,5,BUY,55,-0.12,False
AAPL,2023-08-15,10,BUY,55,3.76,True
AAPL,2023-08-15,20,BUY,55,-1.83,False
AAPL,2023-08-17,5,BUY,55,1.37,True
AAPL,2023-08-17,10,BUY,55,7.97,True
AAPL,2023-08-17,20,BUY,55,0.58,True
AAPL,2023-08-18,5,BUY,55,2.36,True
AAPL,2023-08-18,10,BUY,55,8.58,True
AAPL,2023-08-18,20,BUY,55,1.99,True
AAPL,2023-08-21,5,BUY,55,2.47,True
AAPL,2023-08-21,10,BUY,55,7.88,True
AAPL,2023-08-21,20,BUY,55,1.84,True
AAPL,2023-08-22,5,BUY,55,3.89,True
AAPL,2023-08-22,10,BUY,55,3.2,True
AAPL,2023-08-22,20,BUY,55,-0.98,False
AAPL,2023-08-23,5,BUY,55,3.61,True
AAPL,2023-08-23,10,BUY,55,-1.97,False
AAPL,2023-08-23,20,BUY,55,-3.97,False
AAPL,2023-08-24,5,BUY,55,6.51,True
AAPL,2023-08-24,10,BUY,55,1.02,True
AAPL,2023-08-24,20,BUY,55,-0.9,False
AAPL,2023-08-25,5,BUY,55,6.07,True
AAPL,2023-08-25,10,BUY,55,0.42,True
AAPL,2023-08-25,20,BUY,55,-1.42,False
AAPL,2023-08-28,5,BUY,55,5.28,True
AAPL,2023-08-28,10,BUY,55,-2.16,False
AAPL,2023-08-28,20,BUY,55,-4.57,False
AAPL,2023-08-29,5,BUY,55,-0.66,False
AAPL,2023-08-29,10,BUY,55,-5.38,False
AAPL,2023-08-29,20,BUY,55,-7.44,False
AAPL,2023-08-30,5,BUY,55,-5.38,False
AAPL,2023-08-30,10,BUY,55,-6.35,False
AAPL,2023-08-30,20,BUY,55,-9.04,False
AAPL,2023-08-31,5,BUY,55,-5.16,False
AAPL,2023-08-31,10,BUY,55,-6.85,False
AAPL,2023-08-31,20,BUY,55,-8.87,False
AAPL,2023-09-01,5,BUY,55,-5.33,False
AAPL,2023-09-01,10,BUY,55,-6.06,False
AAPL,2023-09-01,20,BUY,55,-8.29,False
AAPL,2023-09-05,5,BUY,55,-7.06,False
AAPL,2023-09-05,10,BUY,55,-5.6,False
AAPL,2023-09-05,20,BUY,55,-9.12,False
AAPL,2023-09-06,5,BUY,55,-4.76,False
AAPL,2023-09-06,10,BUY,55,-4.06,False
AAPL,2023-09-06,20,BUY,55,-5.06,False
AAPL,2023-09-07,5,BUY,55,-1.02,False
AAPL,2023-09-07,10,BUY,55,-2.04,False
AAPL,2023-09-07,20,BUY,55,-1.49,False
AAPL,2023-09-08,5,BUY,55,-1.78,False
AAPL,2023-09-08,10,BUY,55,-1.9,False
AAPL,2023-09-08,20,BUY,55,-0.39,False
AAPL,2023-09-11,5,BUY,55,-0.77,False
AAPL,2023-09-11,10,BUY,55,-1.83,False
AAPL,2023-09-11,20,BUY,55,-0.21,False
AAPL,2023-09-12,5,BUY,55,1.57,True
AAPL,2023-09-12,10,BUY,55,-2.46,False
AAPL,2023-09-12,20,BUY,55,1.19,True
AAPL,2023-09-13,5,BUY,55,0.73,True
AAPL,2023-09-13,10,BUY,55,-2.17,False
AAPL,2023-09-13,20,BUY,55,3.21,True
AAPL,2023-09-14,5,BUY,55,-1.03,False
AAPL,2023-09-14,10,BUY,55,-2.87,False
AAPL,2023-09-14,20,BUY,55,2.83,True
AAPL,2023-09-15,5,BUY,55,-0.13,False
AAPL,2023-09-15,10,BUY,55,-2.17,False
AAPL,2023-09-15,20,BUY,55,2.19,True
AAPL,2023-09-18,5,BUY,55,-1.06,False
AAPL,2023-09-18,10,BUY,55,-2.37,False
AAPL,2023-09-18,20,BUY,55,0.42,True
AAPL,2023-09-19,5,BUY,55,-3.97,False
AAPL,2023-09-19,10,BUY,55,-3.72,False
AAPL,2023-09-19,20,BUY,55,-1.07,False
AAPL,2023-09-20,5,BUY,55,-2.88,False
AAPL,2023-09-20,10,BUY,55,-1.04,False
AAPL,2023-09-20,20,BUY,55,0.2,True
AAPL,2023-09-21,5,BUY,55,-1.86,False
AAPL,2023-09-21,10,BUY,55,0.56,True
AAPL,2023-09-21,20,BUY,55,0.88,True
AAPL,2023-09-22,5,BUY,55,-2.05,False
AAPL,2023-09-22,10,BUY,55,1.54,True
AAPL,2023-09-22,20,BUY,55,-1.09,False
AAPL,2023-09-25,5,BUY,55,-1.32,False
AAPL,2023-09-25,10,BUY,55,1.65,True
AAPL,2023-09-25,20,BUY,55,-1.75,False
AAPL,2023-09-26,5,BUY,55,0.26,True
AAPL,2023-09-26,10,BUY,55,3.74,True
AAPL,2023-09-26,20,BUY,55,0.86,True
AAPL,2023-09-27,5,BUY,55,1.9,True
AAPL,2023-09-27,10,BUY,55,5.5,True
AAPL,2023-09-27,20,BUY,55,0.39,True
AAPL,2023-09-28,5,BUY,55,2.47,True
AAPL,2023-09-28,10,BUY,55,5.87,True
AAPL,2023-09-28,20,BUY,55,-2.23,False
AAPL,2023-09-29,5,BUY,55,3.67,True
AAPL,2023-09-29,10,BUY,55,4.46,True
AAPL,2023-09-29,20,BUY,55,-1.75,False
AAPL,2023-10-02,5,BUY,55,3.02,True
AAPL,2023-10-02,10,BUY,55,2.86,True
AAPL,2023-10-02,20,BUY,55,-1.99,False
AAPL,2023-10-03,5,BUY,55,3.47,True
AAPL,2023-10-03,10,BUY,55,2.76,True
AAPL,2023-10-03,20,BUY,55,-0.95,False
AAPL,2023-10-04,5,BUY,55,3.54,True
AAPL,2023-10-04,10,BUY,55,1.26,True
AAPL,2023-10-04,20,BUY,55,0.18,True
AAPL,2023-10-05,5,BUY,55,3.32,True
AAPL,2023-10-05,10,BUY,55,0.31,True
AAPL,2023-10-05,20,BUY,55,1.52,True
AAPL,2023-10-06,5,BUY,55,0.77,True
AAPL,2023-10-06,10,BUY,55,-2.6,False
AAPL,2023-10-06,20,BUY,55,-0.47,False
AAPL,2023-10-09,5,BUY,55,-0.15,False
AAPL,2023-10-09,10,BUY,55,-3.35,False
AAPL,2023-10-09,20,BUY,55,0.13,True
AAPL,2023-10-10,5,BUY,55,-0.7,False
AAPL,2023-10-10,10,BUY,55,-2.77,False
AAPL,2023-10-10,20,BUY,55,1.92,True
AAPL,2023-10-11,5,BUY,55,-2.2,False
AAPL,2023-10-11,10,BUY,55,-4.84,False
AAPL,2023-10-11,20,BUY,55,1.72,True
AAPL,2023-10-12,5,BUY,55,-2.91,False
AAPL,2023-10-12,10,BUY,55,-7.65,False
AAPL,2023-10-12,20,BUY,55,0.94,True
AAPL,2023-10-13,5,BUY,55,-3.34,False
AAPL,2023-10-13,10,BUY,55,-5.94,False
AAPL,2023-10-13,20,BUY,55,4.36,True
AAPL,2023-10-16,5,BUY,55,-3.2,False
AAPL,2023-10-16,10,BUY,55,-4.72,False
AAPL,2023-10-16,20,BUY,55,3.54,True
AAPL,2023-10-17,5,BUY,55,-2.09,False
AAPL,2023-10-17,10,BUY,55,-3.6,False
AAPL,2023-10-17,20,BUY,55,5.95,True
AAPL,2023-10-18,5,BUY,55,-2.7,False
AAPL,2023-10-18,10,BUY,55,-1.06,False
AAPL,2023-10-18,20,BUY,55,7.06,True
AAPL,2023-10-19,5,BUY,55,-4.88,False
AAPL,2023-10-19,10,BUY,55,1.2,True
AAPL,2023-10-19,20,BUY,55,8.26,True
AAPL,2023-10-20,5,BUY,55,-2.7,False
AAPL,2023-10-20,10,BUY,55,2.18,True
AAPL,2023-10-20,20,BUY,55,9.87,True
AAPL,2023-10-23,5,BUY,55,-1.57,False
AAPL,2023-10-23,10,BUY,55,3.6,True
AAPL,2023-10-23,20,BUY,55,10.81,True
AAPL,2023-10-24,5,BUY,55,-1.54,False
AAPL,2023-10-24,10,BUY,55,4.83,True
AAPL,2023-10-24,20,BUY,55,10.06,True
AAPL,2023-10-25,5,BUY,55,1.68,True
AAPL,2023-10-25,10,BUY,55,6.89,True
AAPL,2023-10-25,20,BUY,55,11.96,True
AAPL,2023-10-26,5,BUY,55,6.4,True
AAPL,2023-10-26,10,BUY,55,9.3,True
AAPL,2023-10-26,20,BUY,55,13.98,True
AAPL,2023-10-27,5,BUY,55,5.01,True
AAPL,2023-10-27,10,BUY,55,10.95,True
AAPL,2023-10-27,20,BUY,55,12.97,True
AAPL,2023-10-30,5,BUY,55,5.25,True
AAPL,2023-10-30,10,BUY,55,8.66,True
AAPL,2023-10-30,20,BUY,55,11.96,True
AAPL,2023-10-31,5,BUY,55,6.47,True
AAPL,2023-10-31,10,BUY,55,9.91,True
AAPL,2023-10-31,20,BUY,55,11.04,True
AAPL,2023-11-01,5,BUY,55,5.13,True
AAPL,2023-11-01,10,BUY,55,8.21,True
AAPL,2023-11-01,20,BUY,55,9.33,True
AAPL,2023-11-02,5,BUY,55,2.73,True
AAPL,2023-11-02,10,BUY,55,6.98,True
AAPL,2023-11-02,20,BUY,55,7.84,True
AAPL,2023-11-03,5,BUY,55,5.66,True
AAPL,2023-11-03,10,BUY,55,7.52,True
AAPL,2023-11-03,20,BUY,55,7.38,True
AAPL,2023-11-06,5,BUY,55,3.24,True
AAPL,2023-11-06,10,BUY,55,6.96,True
AAPL,2023-11-06,20,BUY,55,8.06,True
AAPL,2023-11-07,5,BUY,55,3.23,True
AAPL,2023-11-07,10,BUY,55,4.99,True
AAPL,2023-11-07,20,BUY,55,5.91,True
AAPL,2023-11-08,5,BUY,55,2.93,True
AAPL,2023-11-08,10,BUY,55,4.74,True
AAPL,2023-11-08,20,BUY,55,6.36,True
AAPL,2023-11-09,5,BUY,55,4.14,True
AAPL,2023-11-09,10,BUY,55,4.28,True
AAPL,2023-11-09,20,BUY,55,7.43,True
AAPL,2023-11-10,5,BUY,55,1.77,True
AAPL,2023-11-10,10,BUY,55,1.82,True
AAPL,2023-11-10,20,BUY,55,3.64,True
AAPL,2023-11-13,5,BUY,55,3.6,True
AAPL,2023-11-13,10,BUY,55,3.03,True
AAPL,2023-11-13,20,BUY,55,5.36,True
AAPL,2023-11-15,5,BUY,55,1.76,True
AAPL,2023-11-15,10,BUY,55,1.03,True
AAPL,2023-11-15,20,BUY,55,5.37,True
AAPL,2023-11-16,5,BUY,55,0.14,True
AAPL,2023-11-16,10,BUY,55,0.81,True
AAPL,2023-11-16,20,BUY,55,4.14,True
AAPL,2023-11-17,5,BUY,55,0.05,True
AAPL,2023-11-17,10,BUY,55,-0.14,False
AAPL,2023-11-17,20,BUY,55,3.27,True
AAPL,2023-11-20,5,BUY,55,-0.55,False
AAPL,2023-11-20,10,BUY,55,1.03,True
AAPL,2023-11-20,20,BUY,55,2.87,True
AAPL,2023-11-21,5,BUY,55,-0.67,False
AAPL,2023-11-21,10,BUY,55,0.88,True
AAPL,2023-11-21,20,BUY,55,2.2,True
AAPL,2023-11-22,5,BUY,55,-0.71,False
AAPL,2023-11-22,10,BUY,55,1.55,True
AAPL,2023-11-22,20,BUY,55,1.76,True
AAPL,2023-11-24,5,BUY,55,0.67,True
AAPL,2023-11-24,10,BUY,55,3.02,True
AAPL,2023-11-24,20,BUY,55,1.91,True
AAPL,2023-11-27,5,BUY,55,-0.19,False
AAPL,2023-11-27,10,BUY,55,1.79,True
AAPL,2023-11-27,20,BUY,55,1.72,True
AAPL,2023-11-28,5,BUY,55,1.59,True
AAPL,2023-11-28,10,BUY,55,2.26,True
AAPL,2023-11-28,20,BUY,55,1.44,True
AAPL,2023-11-29,5,BUY,55,1.56,True
AAPL,2023-11-29,10,BUY,55,4.54,True
AAPL,2023-11-29,20,BUY,55,2.22,True
AAPL,2023-11-30,5,BUY,55,2.27,True
AAPL,2023-11-30,10,BUY,55,4.3,True
AAPL,2023-11-30,20,BUY,55,1.36,True
AAPL,2023-12-01,5,BUY,55,2.34,True
AAPL,2023-12-01,10,BUY,55,3.31,True
AAPL,2023-12-01,20,BUY,55,-2.93,False
AAPL,2023-12-04,5,BUY,55,1.98,True
AAPL,2023-12-04,10,BUY,55,3.41,True
AAPL,2023-12-04,20,BUY,55,-2.73,False
AAPL,2023-12-05,5,BUY,55,0.67,True
AAPL,2023-12-05,10,BUY,55,1.82,True
AAPL,2023-12-05,20,BUY,55,-5.95,False
AAPL,2023-12-06,5,BUY,55,2.93,True
AAPL,2023-12-06,10,BUY,55,1.31,True
AAPL,2023-12-06,20,BUY,55,-5.79,False
AAPL,2023-12-07,5,BUY,55,1.98,True
AAPL,2023-12-07,10,BUY,55,0.21,True
AAPL,2023-12-07,20,BUY,55,-4.48,False
AAPL,2023-12-08,5,BUY,55,0.95,True
AAPL,2023-12-08,10,BUY,55,-1.08,False
AAPL,2023-12-08,20,BUY,55,-5.4,False
AAPL,2023-12-11,5,BUY,55,1.4,True
AAPL,2023-12-11,10,BUY,55,-0.07,False
AAPL,2023-12-11,20,BUY,55,-3.62,False
AAPL,2023-12-12,5,BUY,55,1.15,True
AAPL,2023-12-12,10,BUY,55,-0.8,False
AAPL,2023-12-12,20,BUY,55,-4.68,False
AAPL,2023-12-13,5,BUY,55,-1.58,False
AAPL,2023-12-13,10,BUY,55,-2.21,False
AAPL,2023-12-13,20,BUY,55,-6.08,False
AAPL,2023-12-14,5,BUY,55,-1.73,False
AAPL,2023-12-14,10,BUY,55,-2.82,False
AAPL,2023-12-14,20,BUY,55,-7.31,False
AAPL,2023-12-15,5,BUY,55,-2.01,False
AAPL,2023-12-15,10,BUY,55,-6.04,False
AAPL,2023-12-15,20,BUY,55,-7.54,False
AAPL,2023-12-18,5,BUY,55,-1.45,False
AAPL,2023-12-18,10,BUY,55,-5.94,False
AAPL,2023-12-18,20,BUY,55,-3.71,False
AAPL,2023-12-19,5,BUY,55,-1.92,False
AAPL,2023-12-19,10,BUY,55,-7.63,False
AAPL,2023-12-19,20,BUY,55,-2.73,False
AAPL,2023-12-20,5,BUY,55,-0.64,False
AAPL,2023-12-20,10,BUY,55,-7.01,False
AAPL,2023-12-20,20,BUY,55,-0.48,False
AAPL,2023-12-21,5,BUY,55,-1.1,False
AAPL,2023-12-21,10,BUY,55,-4.68,False
AAPL,2023-12-21,20,BUY,55,0.26,True
AAPL,2023-12-22,5,BUY,55,-4.11,False
AAPL,2023-12-22,10,BUY,55,-4.37,False
AAPL,2023-12-22,20,BUY,55,0.46,True
AAPL,2023-12-26,5,BUY,55,-4.56,False
AAPL,2023-12-26,10,BUY,55,-3.55,False
AAPL,2023-12-26,20,BUY,55,0.58,True
AAPL,2023-12-27,5,BUY,55,-5.82,False
AAPL,2023-12-27,10,BUY,55,-3.91,False
AAPL,2023-12-27,20,BUY,55,-0.38,False
AAPL,2023-12-28,5,BUY,55,-6.41,False
AAPL,2023-12-28,10,BUY,55,-3.96,False
AAPL,2023-12-28,20,BUY,55,-0.96,False
AAPL,2023-12-29,5,BUY,55,-3.62,False
AAPL,2023-12-29,10,BUY,55,-4.62,False
AAPL,2023-12-29,20,BUY,55,-2.33,False
AAPL,2024-01-02,5,BUY,55,-0.27,False
AAPL,2024-01-02,10,BUY,55,-1.59,False
AAPL,2024-01-02,20,BUY,55,-0.67,False
AAPL,2024-01-03,5,BUY,55,1.05,True
AAPL,2024-01-03,10,BUY,55,2.38,True
AAPL,2024-01-03,20,BUY,55,1.42,True
AAPL,2024-01-04,5,BUY,55,2.02,True
AAPL,2024-01-04,10,BUY,55,5.3,True
AAPL,2024-01-04,20,BUY,55,2.17,True
AAPL,2024-01-05,5,BUY,55,2.62,True
AAPL,2024-01-05,10,BUY,55,7.02,True
AAPL,2024-01-05,20,BUY,55,3.59,True
AAPL,2024-01-08,5,BUY,55,-1.04,False
AAPL,2024-01-08,10,BUY,55,5.18,True
AAPL,2024-01-08,20,BUY,55,2.02,True
AAPL,2024-01-09,5,BUY,55,-1.33,False
AAPL,2024-01-09,10,BUY,55,5.06,True
AAPL,2024-01-09,20,BUY,55,2.31,True
AAPL,2024-01-10,5,BUY,55,1.31,True
AAPL,2024-01-10,10,BUY,55,4.29,True
AAPL,2024-01-10,20,BUY,55,1.14,True
AAPL,2024-01-11,5,BUY,55,3.22,True
AAPL,2024-01-11,10,BUY,55,3.68,True
AAPL,2024-01-11,20,BUY,55,1.89,True
AAPL,2024-01-12,5,BUY,55,4.29,True
AAPL,2024-01-12,10,BUY,55,3.12,True
AAPL,2024-01-12,20,BUY,55,0.79,True
AAPL,2024-01-16,5,BUY,55,6.29,True
AAPL,2024-01-16,10,BUY,55,2.4,True
AAPL,2024-01-16,20,BUY,55,0.9,True
AAPL,2024-01-18,5,BUY,55,2.94,True
AAPL,2024-01-18,10,BUY,55,-0.94,False
AAPL,2024-01-18,20,BUY,55,-2.4,False
AAPL,2024-01-19,5,BUY,55,0.45,True
AAPL,2024-01-19,10,BUY,55,-2.98,False
AAPL,2024-01-19,20,BUY,55,-4.71,False
AAPL,2024-01-22,5,BUY,55,-1.11,False
AAPL,2024-01-22,10,BUY,55,-3.2,False
AAPL,2024-01-22,20,BUY,55,-6.24,False
AAPL,2024-01-23,5,BUY,55,-3.66,False
AAPL,2024-01-23,10,BUY,55,-3.01,False
AAPL,2024-01-23,20,BUY,55,-6.47,False
AAPL,2024-01-24,5,BUY,55,-5.19,False
AAPL,2024-01-24,10,BUY,55,-2.62,False
AAPL,2024-01-24,20,BUY,55,-5.09,False
AAPL,2024-01-25,5,BUY,55,-3.76,False
AAPL,2024-01-25,10,BUY,55,-3.01,False
AAPL,2024-01-25,20,BUY,55,-5.88,False
AAPL,2024-01-26,5,BUY,55,-3.41,False
AAPL,2024-01-26,10,BUY,55,-1.73,False
AAPL,2024-01-26,20,BUY,55,-5.73,False
AAPL,2024-01-29,5,BUY,55,-2.11,False
AAPL,2024-01-29,10,BUY,55,-2.26,False
AAPL,2024-01-29,20,BUY,55,-4.62,False
AAPL,2024-01-30,5,BUY,55,0.67,True
AAPL,2024-01-30,10,BUY,55,-1.47,False
AAPL,2024-01-30,20,BUY,55,-3.4,False
AAPL,2024-01-31,5,BUY,55,2.72,True
AAPL,2024-01-31,10,BUY,55,-0.01,False
AAPL,2024-01-31,20,BUY,55,-1.85,False
AAPL,2024-02-01,5,BUY,55,0.78,True
AAPL,2024-02-01,10,BUY,55,-1.48,False
AAPL,2024-02-01,20,BUY,55,-3.73,False
AAPL,2024-02-02,5,BUY,55,1.74,True
AAPL,2024-02-02,10,BUY,55,-1.78,False
AAPL,2024-02-02,20,BUY,55,-5.66,False
AAPL,2024-02-05,5,BUY,55,-0.16,False
AAPL,2024-02-05,10,BUY,55,-3.14,False
AAPL,2024-02-05,20,BUY,55,-9.24,False
AAPL,2024-02-06,5,BUY,55,-2.13,False
AAPL,2024-02-06,10,BUY,55,-3.56,False
AAPL,2024-02-06,20,BUY,55,-10.55,False
AAPL,2024-02-07,5,BUY,55,-2.65,False
AAPL,2024-02-07,10,BUY,55,-2.54,False
AAPL,2024-02-07,20,BUY,55,-10.66,False
AAPL,2024-02-08,5,BUY,55,-2.24,False
AAPL,2024-02-08,10,BUY,55,-2.96,False
AAPL,2024-02-08,20,BUY,55,-9.22,False
AAPL,2024-02-09,5,BUY,55,-3.46,False
AAPL,2024-02-09,10,BUY,55,-4.07,False
AAPL,2024-02-09,20,BUY,55,-8.53,False
AAPL,2024-02-12,5,BUY,55,-2.99,False
AAPL,2024-02-12,10,BUY,55,-2.42,False
AAPL,2024-02-12,20,BUY,55,-7.44,False
AAPL,2024-02-13,5,BUY,55,-1.47,False
AAPL,2024-02-13,10,BUY,55,-1.96,False
AAPL,2024-02-13,20,BUY,55,-7.52,False
AAPL,2024-02-14,5,BUY,55,0.12,True
AAPL,2024-02-14,10,BUY,55,-1.85,False
AAPL,2024-02-14,20,BUY,55,-6.05,False
AAPL,2024-02-15,5,BUY,55,-0.73,False
AAPL,2024-02-15,10,BUY,55,-2.28,False
AAPL,2024-02-15,20,BUY,55,-6.11,False
AAPL,2024-02-16,5,BUY,55,-0.63,False
AAPL,2024-02-16,10,BUY,55,-3.95,False
AAPL,2024-02-16,20,BUY,55,-4.71,False
AAPL,2024-02-20,5,BUY,55,0.59,True
AAPL,2024-02-20,10,BUY,55,-6.3,False
AAPL,2024-02-20,20,BUY,55,-3.02,False
AAPL,2024-02-21,5,BUY,55,-0.49,False
AAPL,2024-02-21,10,BUY,55,-7.24,False
AAPL,2024-02-21,20,BUY,55,-2.0,False
AAPL,2024-02-22,5,BUY,55,-1.96,False
AAPL,2024-02-22,10,BUY,55,-8.34,False
AAPL,2024-02-22,20,BUY,55,-7.05,False
AAPL,2024-02-23,5,BUY,55,-1.57,False
AAPL,2024-02-23,10,BUY,55,-6.46,False
AAPL,2024-02-23,20,BUY,55,-5.61,False
AAPL,2024-02-26,5,BUY,55,-3.35,False
AAPL,2024-02-26,10,BUY,55,-4.64,False
AAPL,2024-02-26,20,BUY,55,-5.69,False
AAPL,2024-02-27,5,BUY,55,-6.85,False
AAPL,2024-02-27,10,BUY,55,-5.15,False
AAPL,2024-02-27,20,BUY,55,-7.07,False
AAPL,2024-02-28,5,BUY,55,-6.78,False
AAPL,2024-02-28,10,BUY,55,-5.67,False
AAPL,2024-02-28,20,BUY,55,-4.47,False
AAPL,2024-02-29,5,BUY,55,-6.5,False
AAPL,2024-02-29,10,BUY,55,-4.29,False
AAPL,2024-02-29,20,BUY,55,-5.13,False
AAPL,2024-03-01,5,BUY,55,-4.97,False
AAPL,2024-03-01,10,BUY,55,-3.92,False
AAPL,2024-03-01,20,BUY,55,-5.36,False
AAPL,2024-03-04,5,BUY,55,-1.34,False
AAPL,2024-03-04,10,BUY,55,-0.79,False
AAPL,2024-03-04,20,BUY,55,-3.58,False
AAPL,2024-03-05,5,BUY,55,1.83,True
AAPL,2024-03-05,10,BUY,55,3.5,True
AAPL,2024-03-05,20,BUY,55,-0.28,False
AAPL,2024-03-06,5,BUY,55,1.19,True
AAPL,2024-03-06,10,BUY,55,5.65,True
AAPL,2024-03-06,20,BUY,55,-0.18,False
AAPL,2024-03-07,5,BUY,55,2.37,True
AAPL,2024-03-07,10,BUY,55,1.4,True
AAPL,2024-03-07,20,BUY,55,0.34,True
AAPL,2024-03-08,5,BUY,55,1.11,True
AAPL,2024-03-08,10,BUY,55,0.91,True
AAPL,2024-03-08,20,BUY,55,-1.34,False
AAPL,2024-03-11,5,BUY,55,0.56,True
AAPL,2024-03-11,10,BUY,55,-1.1,False
AAPL,2024-03-11,20,BUY,55,-1.78,False
AAPL,2024-03-12,5,BUY,55,1.65,True
AAPL,2024-03-12,10,BUY,55,-2.03,False
AAPL,2024-03-12,20,BUY,55,-3.15,False
AAPL,2024-03-13,5,BUY,55,4.41,True
AAPL,2024-03-13,10,BUY,55,1.27,True
AAPL,2024-03-13,20,BUY,55,2.28,True
AAPL,2024-03-14,5,BUY,55,-0.94,False
AAPL,2024-03-14,10,BUY,55,-0.88,False
AAPL,2024-03-14,20,BUY,55,2.05,True
AAPL,2024-03-15,5,BUY,55,-0.2,False
AAPL,2024-03-15,10,BUY,55,-1.5,False
AAPL,2024-03-15,20,BUY,55,0.04,True
AAPL,2024-03-18,5,BUY,55,-1.65,False
AAPL,2024-03-18,10,BUY,55,-2.81,False
AAPL,2024-03-18,20,BUY,55,-2.5,False
AAPL,2024-03-19,5,BUY,55,-3.62,False
AAPL,2024-03-19,10,BUY,55,-3.65,False
AAPL,2024-03-19,20,BUY,55,-4.59,False
AAPL,2024-03-20,5,BUY,55,-3.0,False
AAPL,2024-03-20,10,BUY,55,-5.51,False
AAPL,2024-03-20,20,BUY,55,-6.51,False
AAPL,2024-03-21,5,BUY,55,0.06,True
AAPL,2024-03-21,10,BUY,55,-1.04,False
AAPL,2024-03-21,20,BUY,55,-3.72,False
AAPL,2024-03-22,5,BUY,55,-1.31,False
AAPL,2024-03-22,10,BUY,55,-2.22,False
AAPL,2024-03-22,20,BUY,55,-3.74,False
AAPL,2024-03-25,5,BUY,55,-1.18,False
AAPL,2024-03-25,10,BUY,55,-0.69,False
AAPL,2024-03-25,20,BUY,55,-2.31,False
AAPL,2024-03-26,5,BUY,55,-0.04,False
AAPL,2024-03-26,10,BUY,55,-1.14,False
AAPL,2024-03-26,20,BUY,55,-0.41,False
AAPL,2024-03-27,5,BUY,55,-2.59,False
AAPL,2024-03-27,10,BUY,55,1.0,True
AAPL,2024-03-27,20,BUY,55,-1.97,False
AAPL,2024-03-28,5,BUY,55,-1.11,False
AAPL,2024-03-28,10,BUY,55,2.96,True
AAPL,2024-03-28,20,BUY,55,-1.27,False
AAPL,2024-04-01,5,BUY,55,-0.93,False
AAPL,2024-04-01,10,BUY,55,1.56,True
AAPL,2024-04-01,20,BUY,55,2.04,True
AAPL,2024-04-02,5,BUY,55,0.49,True
AAPL,2024-04-02,10,BUY,55,0.32,True
AAPL,2024-04-02,20,BUY,55,0.88,True
AAPL,2024-04-03,5,BUY,55,-1.1,False
AAPL,2024-04-03,10,BUY,55,-0.97,False
AAPL,2024-04-03,20,BUY,55,-0.21,False
AAPL,2024-04-04,5,BUY,55,3.68,True
AAPL,2024-04-04,10,BUY,55,-1.05,False
AAPL,2024-04-04,20,BUY,55,2.49,True
AAPL,2024-04-05,5,BUY,55,4.11,True
AAPL,2024-04-05,10,BUY,55,-2.7,False
AAPL,2024-04-05,20,BUY,55,8.14,True
AAPL,2024-04-08,5,BUY,55,2.52,True
AAPL,2024-04-08,10,BUY,55,-1.55,False
AAPL,2024-04-08,20,BUY,55,7.87,True
AAPL,2024-04-09,5,BUY,55,-0.17,False
AAPL,2024-04-09,10,BUY,55,-1.63,False
AAPL,2024-04-09,20,BUY,55,7.5,True
AAPL,2024-04-10,5,BUY,55,0.13,True
AAPL,2024-04-10,10,BUY,55,0.74,True
AAPL,2024-04-10,20,BUY,55,8.92,True
AAPL,2024-04-11,5,BUY,55,-4.57,False
AAPL,2024-04-11,10,BUY,55,-2.94,False
AAPL,2024-04-11,20,BUY,55,5.44,True
AAPL,2024-04-12,5,BUY,55,-6.54,False
AAPL,2024-04-12,10,BUY,55,-4.11,False
AAPL,2024-04-12,20,BUY,55,3.82,True
AAPL,2024-04-15,5,BUY,55,-3.97,False
AAPL,2024-04-15,10,BUY,55,0.47,True
AAPL,2024-04-15,20,BUY,55,8.02,True
AAPL,2024-04-16,5,BUY,55,-1.46,False
AAPL,2024-04-16,10,BUY,55,0.56,True
AAPL,2024-04-16,20,BUY,55,10.81,True
AAPL,2024-04-17,5,BUY,55,0.61,True
AAPL,2024-04-17,10,BUY,55,0.77,True
AAPL,2024-04-17,20,BUY,55,13.08,True
AAPL,2024-04-18,5,BUY,55,1.71,True
AAPL,2024-04-18,10,BUY,55,3.59,True
AAPL,2024-04-18,20,BUY,55,13.8,True
AAPL,2024-04-19,5,BUY,55,2.61,True
AAPL,2024-04-19,10,BUY,55,11.14,True
AAPL,2024-04-19,20,BUY,55,15.23,True
AAPL,2024-04-22,5,BUY,55,4.62,True
AAPL,2024-04-22,10,BUY,55,9.57,True
AAPL,2024-04-22,20,BUY,55,15.35,True
AAPL,2024-04-23,5,BUY,55,2.06,True
AAPL,2024-04-23,10,BUY,55,9.29,True
AAPL,2024-04-23,20,BUY,55,15.4,True
AAPL,2024-04-24,5,BUY,55,0.17,True
AAPL,2024-04-24,10,BUY,55,8.12,True
AAPL,2024-04-24,20,BUY,55,13.1,True
AAPL,2024-04-25,5,BUY,55,1.85,True
AAPL,2024-04-25,10,BUY,55,8.64,True
AAPL,2024-04-25,20,BUY,55,10.15,True
AAPL,2024-04-26,5,BUY,55,8.32,True
AAPL,2024-04-26,10,BUY,55,8.27,True
AAPL,2024-04-26,20,BUY,55,12.37,True
AAPL,2024-04-29,5,BUY,55,4.73,True
AAPL,2024-04-29,10,BUY,55,7.51,True
AAPL,2024-04-29,20,BUY,55,9.65,True
AAPL,2024-04-30,5,BUY,55,7.09,True
AAPL,2024-04-30,10,BUY,55,10.19,True
AAPL,2024-04-30,20,BUY,55,11.87,True
AAPL,2024-05-01,5,BUY,55,7.94,True
AAPL,2024-05-01,10,BUY,55,12.21,True
AAPL,2024-05-01,20,BUY,55,13.14,True
AAPL,2024-05-02,5,BUY,55,6.67,True
AAPL,2024-05-02,10,BUY,55,9.86,True
AAPL,2024-05-02,20,BUY,55,11.26,True
AAPL,2024-05-03,5,BUY,55,-0.04,False
AAPL,2024-05-03,10,BUY,55,3.68,True
AAPL,2024-05-03,20,BUY,55,5.95,True
AAPL,2024-05-06,5,BUY,55,2.65,True
AAPL,2024-05-06,10,BUY,55,5.28,True
AAPL,2024-05-06,20,BUY,55,7.1,True
AAPL,2024-05-07,5,BUY,55,2.9,True
AAPL,2024-05-07,10,BUY,55,5.6,True
AAPL,2024-05-07,20,BUY,55,7.53,True
AAPL,2024-05-09,5,BUY,55,2.99,True
AAPL,2024-05-09,10,BUY,55,1.39,True
AAPL,2024-05-09,20,BUY,55,6.82,True
AAPL,2024-05-10,5,BUY,55,3.73,True
AAPL,2024-05-10,10,BUY,55,3.79,True
AAPL,2024-05-10,20,BUY,55,5.5,True
AAPL,2024-05-13,5,BUY,55,2.56,True
AAPL,2024-05-13,10,BUY,55,1.99,True
AAPL,2024-05-13,20,BUY,55,11.2,True
AAPL,2024-05-14,5,BUY,55,2.62,True
AAPL,2024-05-14,10,BUY,55,1.53,True
AAPL,2024-05-14,20,BUY,55,13.68,True
AAPL,2024-05-15,5,BUY,55,0.62,True
AAPL,2024-05-15,10,BUY,55,0.83,True
AAPL,2024-05-15,20,BUY,55,12.92,True
AAPL,2024-05-16,5,BUY,55,-1.56,False
AAPL,2024-05-16,10,BUY,55,1.27,True
AAPL,2024-05-16,20,BUY,55,11.93,True
AAPL,2024-05-17,5,BUY,55,0.06,True
AAPL,2024-05-17,10,BUY,55,2.19,True
AAPL,2024-05-17,20,BUY,55,14.11,True
AAPL,2024-05-20,5,BUY,55,-0.55,False
AAPL,2024-05-20,10,BUY,55,1.73,True
AAPL,2024-05-20,20,BUY,55,12.17,True
AAPL,2024-05-21,5,BUY,55,-1.07,False
AAPL,2024-05-21,10,BUY,55,1.83,True
AAPL,2024-05-21,20,BUY,55,9.01,True
AAPL,2024-05-22,5,BUY,55,0.2,True
AAPL,2024-05-22,10,BUY,55,1.88,True
AAPL,2024-05-22,20,BUY,55,8.69,True
AAPL,2024-05-23,5,BUY,55,2.87,True
AAPL,2024-05-23,10,BUY,55,5.36,True
AAPL,2024-05-23,20,BUY,55,11.38,True
AAPL,2024-05-24,5,BUY,55,2.13,True
AAPL,2024-05-24,10,BUY,55,1.65,True
AAPL,2024-05-24,20,BUY,55,10.05,True
AAPL,2024-05-28,5,BUY,55,2.29,True
AAPL,2024-05-28,10,BUY,55,9.03,True
AAPL,2024-05-28,20,BUY,55,12.24,True
AAPL,2024-05-29,5,BUY,55,2.93,True
AAPL,2024-05-29,10,BUY,55,11.97,True
AAPL,2024-05-29,20,BUY,55,12.51,True
AAPL,2024-05-30,5,BUY,55,1.67,True
AAPL,2024-05-30,10,BUY,55,12.0,True
AAPL,2024-05-30,20,BUY,55,10.11,True
AAPL,2024-05-31,5,BUY,55,2.41,True
AAPL,2024-05-31,10,BUY,55,10.53,True
AAPL,2024-05-31,20,BUY,55,12.74,True
AAPL,2024-06-03,5,BUY,55,-0.47,False
AAPL,2024-06-03,10,BUY,55,11.67,True
AAPL,2024-06-03,20,BUY,55,13.52,True
AAPL,2024-06-04,5,BUY,55,6.59,True
AAPL,2024-06-04,10,BUY,55,10.26,True
AAPL,2024-06-04,20,BUY,55,14.0,True
AAPL,2024-06-05,5,BUY,55,8.78,True
AAPL,2024-06-05,10,BUY,55,7.05,True
AAPL,2024-06-05,20,BUY,55,15.56,True
AAPL,2024-06-06,5,BUY,55,10.16,True
AAPL,2024-06-06,10,BUY,55,6.69,True
AAPL,2024-06-06,20,BUY,55,17.14,True
AAPL,2024-06-07,5,BUY,55,7.92,True
AAPL,2024-06-07,10,BUY,55,5.71,True
AAPL,2024-06-07,20,BUY,55,16.15,True
AAPL,2024-06-10,5,BUY,55,12.19,True
AAPL,2024-06-10,10,BUY,55,8.26,True
AAPL,2024-06-10,20,BUY,55,20.64,True
AAPL,2024-06-11,5,BUY,55,3.45,True
AAPL,2024-06-11,10,BUY,55,2.94,True
AAPL,2024-06-11,20,BUY,55,9.86,True
AAPL,2024-06-12,5,BUY,55,-1.59,False
AAPL,2024-06-12,10,BUY,55,0.48,True
AAPL,2024-06-12,20,BUY,55,8.2,True
AAPL,2024-06-13,5,BUY,55,-3.15,False
AAPL,2024-06-13,10,BUY,55,-1.69,False
AAPL,2024-06-13,20,BUY,55,9.41,True
AAPL,2024-06-14,5,BUY,55,-2.05,False
AAPL,2024-06-14,10,BUY,55,2.0,True
AAPL,2024-06-14,20,BUY,55,10.51,True
AAPL,2024-06-17,5,BUY,55,-3.51,False
AAPL,2024-06-17,10,BUY,55,1.66,True
AAPL,2024-06-17,20,BUY,55,5.64,True
AAPL,2024-06-18,5,BUY,55,-0.49,False
AAPL,2024-06-18,10,BUY,55,3.39,True
AAPL,2024-06-18,20,BUY,55,4.62,True
AAPL,2024-06-20,5,BUY,55,2.11,True
AAPL,2024-06-20,10,BUY,55,7.95,True
AAPL,2024-06-20,20,BUY,55,6.98,True
AAPL,2024-06-21,5,BUY,55,1.51,True
AAPL,2024-06-21,10,BUY,55,9.8,True
AAPL,2024-06-21,20,BUY,55,7.94,True
AAPL,2024-06-24,5,BUY,55,4.14,True
AAPL,2024-06-24,10,BUY,55,9.87,True
AAPL,2024-06-24,20,BUY,55,8.11,True
AAPL,2024-06-25,5,BUY,55,5.36,True
AAPL,2024-06-25,10,BUY,55,11.44,True
AAPL,2024-06-25,20,BUY,55,4.53,True
AAPL,2024-06-26,5,BUY,55,3.89,True
AAPL,2024-06-26,10,BUY,55,6.72,True
AAPL,2024-06-26,20,BUY,55,1.99,True
AAPL,2024-06-27,5,BUY,55,5.72,True
AAPL,2024-06-27,10,BUY,55,7.68,True
AAPL,2024-06-27,20,BUY,55,1.8,True
AAPL,2024-06-28,5,BUY,55,8.17,True
AAPL,2024-06-28,10,BUY,55,11.29,True
AAPL,2024-06-28,20,BUY,55,3.62,True
AAPL,2024-07-01,5,BUY,55,5.5,True
AAPL,2024-07-01,10,BUY,55,8.34,True
AAPL,2024-07-01,20,BUY,55,0.95,True
AAPL,2024-07-02,5,BUY,55,5.77,True
AAPL,2024-07-02,10,BUY,55,3.91,True
AAPL,2024-07-02,20,BUY,55,0.82,True
AAPL,2024-07-03,5,BUY,55,2.72,True
AAPL,2024-07-03,10,BUY,55,1.19,True
AAPL,2024-07-03,20,BUY,55,-1.44,False
AAPL,2024-07-05,5,BUY,55,1.86,True
AAPL,2024-07-05,10,BUY,55,-0.9,False
AAPL,2024-07-05,20,BUY,55,-2.86,False
AAPL,2024-07-08,5,BUY,55,2.89,True
AAPL,2024-07-08,10,BUY,55,-1.69,False
AAPL,2024-07-08,20,BUY,55,-8.14,False
AAPL,2024-07-09,5,BUY,55,2.68,True
AAPL,2024-07-09,10,BUY,55,-1.6,False
AAPL,2024-07-09,20,BUY,55,-9.38,False
AAPL,2024-07-10,5,BUY,55,-1.76,False
AAPL,2024-07-10,10,BUY,55,-6.2,False
AAPL,2024-07-10,20,BUY,55,-9.94,False
AAPL,2024-07-11,5,BUY,55,-1.49,False
AAPL,2024-07-11,10,BUY,55,-4.43,False
AAPL,2024-07-11,20,BUY,55,-6.27,False
AAPL,2024-07-12,5,BUY,55,-2.7,False
AAPL,2024-07-12,10,BUY,55,-5.46,False
AAPL,2024-07-12,20,BUY,55,-6.2,False
AAPL,2024-07-15,5,BUY,55,-4.45,False
AAPL,2024-07-15,10,BUY,55,-6.89,False
AAPL,2024-07-15,20,BUY,55,-7.09,False
AAPL,2024-07-16,5,BUY,55,-4.18,False
AAPL,2024-07-16,10,BUY,55,-6.82,False
AAPL,2024-07-16,20,BUY,55,-5.66,False
AAPL,2024-07-17,5,BUY,55,-4.52,False
AAPL,2024-07-17,10,BUY,55,-2.97,False
AAPL,2024-07-17,20,BUY,55,-3.02,False
AAPL,2024-07-18,5,BUY,55,-2.98,False
AAPL,2024-07-18,10,BUY,55,-2.6,False
AAPL,2024-07-18,20,BUY,55,0.36,True
AAPL,2024-07-19,5,BUY,55,-2.83,False
AAPL,2024-07-19,10,BUY,55,-1.98,False
AAPL,2024-07-19,20,BUY,55,0.89,True
AAPL,2024-07-22,5,BUY,55,-2.55,False
AAPL,2024-07-22,10,BUY,55,-6.56,False
AAPL,2024-07-22,20,BUY,55,0.98,True
AAPL,2024-07-23,5,BUY,55,-2.76,False
AAPL,2024-07-23,10,BUY,55,-7.9,False
AAPL,2024-07-23,20,BUY,55,0.78,True
AAPL,2024-07-24,5,BUY,55,1.62,True
AAPL,2024-07-24,10,BUY,55,-3.99,False
AAPL,2024-07-24,20,BUY,55,3.72,True
AAPL,2024-07-25,5,BUY,55,0.4,True
AAPL,2024-07-25,10,BUY,55,-1.92,False
AAPL,2024-07-25,20,BUY,55,3.36,True
AAPL,2024-07-26,5,BUY,55,0.87,True
AAPL,2024-07-26,10,BUY,55,-0.79,False
AAPL,2024-07-26,20,BUY,55,4.19,True
AAPL,2024-07-29,5,BUY,55,-4.11,False
AAPL,2024-07-29,10,BUY,55,-0.21,False
AAPL,2024-07-29,20,BUY,55,4.22,True
AAPL,2024-07-30,5,BUY,55,-5.29,False
AAPL,2024-07-30,10,BUY,55,1.25,True
AAPL,2024-07-30,20,BUY,55,4.34,True
AAPL,2024-07-31,5,BUY,55,-5.52,False
AAPL,2024-07-31,10,BUY,55,-0.05,False
AAPL,2024-07-31,20,BUY,55,2.1,True
AAPL,2024-08-01,5,BUY,55,-2.31,False
AAPL,2024-08-01,10,BUY,55,3.03,True
AAPL,2024-08-01,20,BUY,55,5.36,True
AAPL,2024-08-02,5,BUY,55,-1.65,False
AAPL,2024-08-02,10,BUY,55,2.93,True
AAPL,2024-08-02,20,BUY,55,4.28,True
AAPL,2024-08-05,5,BUY,55,4.07,True
AAPL,2024-08-05,10,BUY,55,8.07,True
AAPL,2024-08-05,20,BUY,55,6.57,True
AAPL,2024-08-06,5,BUY,55,6.9,True
AAPL,2024-08-06,10,BUY,55,9.43,True
AAPL,2024-08-06,20,BUY,55,6.7,True
AAPL,2024-08-07,5,BUY,55,5.79,True
AAPL,2024-08-07,10,BUY,55,8.03,True
AAPL,2024-08-07,20,BUY,55,6.11,True
AAPL,2024-08-08,5,BUY,55,5.47,True
AAPL,2024-08-08,10,BUY,55,5.38,True
AAPL,2024-08-08,20,BUY,55,3.64,True
AAPL,2024-08-09,5,BUY,55,4.66,True
AAPL,2024-08-09,10,BUY,55,5.02,True
AAPL,2024-08-09,20,BUY,55,2.28,True
AAPL,2024-08-12,5,BUY,55,3.84,True
AAPL,2024-08-12,10,BUY,55,4.44,True
AAPL,2024-08-12,20,BUY,55,1.19,True
AAPL,2024-08-13,5,BUY,55,2.37,True
AAPL,2024-08-13,10,BUY,55,3.06,True
AAPL,2024-08-13,20,BUY,55,0.63,True
AAPL,2024-08-14,5,BUY,55,2.11,True
AAPL,2024-08-14,10,BUY,55,2.15,True
AAPL,2024-08-14,20,BUY,55,0.47,True
AAPL,2024-08-15,5,BUY,55,-0.08,False
AAPL,2024-08-15,10,BUY,55,2.26,True
AAPL,2024-08-15,20,BUY,55,-0.99,False
AAPL,2024-08-16,5,BUY,55,0.35,True
AAPL,2024-08-16,10,BUY,55,1.31,True
AAPL,2024-08-16,20,BUY,55,-4.3,False
AAPL,2024-08-19,5,BUY,55,0.57,True
AAPL,2024-08-19,10,BUY,55,-1.38,False
AAPL,2024-08-19,20,BUY,55,-4.03,False
AAPL,2024-08-21,5,BUY,55,0.04,True
AAPL,2024-08-21,10,BUY,55,-1.78,False
AAPL,2024-08-21,20,BUY,55,1.09,True
AAPL,2024-08-22,5,BUY,55,2.34,True
AAPL,2024-08-22,10,BUY,55,-1.65,False
AAPL,2024-08-22,20,BUY,55,1.63,True
AAPL,2024-08-23,5,BUY,55,0.95,True
AAPL,2024-08-23,10,BUY,55,-2.61,False
AAPL,2024-08-23,20,BUY,55,-0.16,False
AAPL,2024-08-26,5,BUY,55,-1.94,False
AAPL,2024-08-26,10,BUY,55,-3.11,False
AAPL,2024-08-26,20,BUY,55,0.08,True
AAPL,2024-08-28,5,BUY,55,-1.81,False
AAPL,2024-08-28,10,BUY,55,-1.64,False
AAPL,2024-08-28,20,BUY,55,0.45,True
AAPL,2024-08-29,5,BUY,55,-3.9,False
AAPL,2024-08-29,10,BUY,55,-3.17,False
AAPL,2024-08-29,20,BUY,55,-0.87,False
AAPL,2024-08-30,5,BUY,55,-3.53,False
AAPL,2024-08-30,10,BUY,55,-5.54,False
AAPL,2024-08-30,20,BUY,55,1.75,True
AAPL,2024-09-03,5,BUY,55,-1.19,False
AAPL,2024-09-03,10,BUY,55,-2.68,False
AAPL,2024-09-03,20,BUY,55,1.54,True
AAPL,2024-09-04,5,BUY,55,0.82,True
AAPL,2024-09-04,10,BUY,55,-0.07,False
AAPL,2024-09-04,20,BUY,55,2.69,True
AAPL,2024-09-05,5,BUY,55,0.18,True
AAPL,2024-09-05,10,BUY,55,2.92,True
AAPL,2024-09-05,20,BUY,55,1.48,True
AAPL,2024-09-06,5,BUY,55,0.76,True
AAPL,2024-09-06,10,BUY,55,3.34,True
AAPL,2024-09-06,20,BUY,55,2.71,True
AAPL,2024-09-09,5,BUY,55,-2.08,False
AAPL,2024-09-09,10,BUY,55,2.52,True
AAPL,2024-09-09,20,BUY,55,0.35,True
AAPL,2024-09-10,5,BUY,55,-1.51,False
AAPL,2024-09-10,10,BUY,55,3.3,True
AAPL,2024-09-10,20,BUY,55,2.57,True
AAPL,2024-09-11,5,BUY,55,-0.88,False
AAPL,2024-09-11,10,BUY,55,1.67,True
AAPL,2024-09-11,20,BUY,55,3.09,True
AAPL,2024-09-12,5,BUY,55,2.74,True
AAPL,2024-09-12,10,BUY,55,2.13,True
AAPL,2024-09-12,20,BUY,55,2.81,True
AAPL,2024-09-13,5,BUY,55,2.56,True
AAPL,2024-09-13,10,BUY,55,2.38,True
AAPL,2024-09-13,20,BUY,55,2.27,True
AAPL,2024-09-16,5,BUY,55,4.69,True
AAPL,2024-09-16,10,BUY,55,7.71,True
AAPL,2024-09-16,20,BUY,55,6.92,True
AAPL,2024-09-17,5,BUY,55,4.88,True
AAPL,2024-09-17,10,BUY,55,4.35,True
AAPL,2024-09-17,20,BUY,55,7.87,True
AAPL,2024-09-18,5,BUY,55,2.57,True
AAPL,2024-09-18,10,BUY,55,2.76,True
AAPL,2024-09-18,20,BUY,55,5.03,True
AAPL,2024-09-19,5,BUY,55,-0.59,False
AAPL,2024-09-19,10,BUY,55,-1.4,False
AAPL,2024-09-19,20,BUY,55,1.43,True
AAPL,2024-09-20,5,BUY,55,-0.18,False
AAPL,2024-09-20,10,BUY,55,-0.61,False
AAPL,2024-09-20,20,BUY,55,2.98,True
AAPL,2024-09-23,5,BUY,55,2.88,True
AAPL,2024-09-23,10,BUY,55,-2.11,False
AAPL,2024-09-23,20,BUY,55,4.42,True
AAPL,2024-09-24,5,BUY,55,-0.51,False
AAPL,2024-09-24,10,BUY,55,-0.7,False
AAPL,2024-09-24,20,BUY,55,3.73,True
AAPL,2024-09-25,5,BUY,55,0.18,True
AAPL,2024-09-25,10,BUY,55,1.4,True
AAPL,2024-09-25,20,BUY,55,1.94,True
AAPL,2024-09-26,5,BUY,55,-0.81,False
AAPL,2024-09-26,10,BUY,55,0.67,True
AAPL,2024-09-26,20,BUY,55,1.34,True
AAPL,2024-09-27,5,BUY,55,-0.43,False
AAPL,2024-09-27,10,BUY,55,-0.11,False
AAPL,2024-09-27,20,BUY,55,1.59,True
AAPL,2024-09-30,5,BUY,55,-4.85,False
AAPL,2024-09-30,10,BUY,55,-0.73,False
AAPL,2024-09-30,20,BUY,55,0.17,True
AAPL,2024-10-01,5,BUY,55,-0.19,False
AAPL,2024-10-01,10,BUY,55,3.38,True
AAPL,2024-10-01,20,BUY,55,3.3,True
AAPL,2024-10-02,5,BUY,55,1.22,True
AAPL,2024-10-02,10,BUY,55,2.2,True
AAPL,2024-10-02,20,BUY,55,1.46,True
AAPL,2024-10-03,5,BUY,55,1.49,True
AAPL,2024-10-03,10,BUY,55,2.87,True
AAPL,2024-10-03,20,BUY,55,0.11,True
AAPL,2024-10-04,5,BUY,55,0.33,True
AAPL,2024-10-04,10,BUY,55,3.62,True
AAPL,2024-10-04,20,BUY,55,-1.72,False
AAPL,2024-10-07,5,BUY,55,4.33,True
AAPL,2024-10-07,10,BUY,55,6.67,True
AAPL,2024-10-07,20,BUY,55,0.14,True
AAPL,2024-10-08,5,BUY,55,3.58,True
AAPL,2024-10-08,10,BUY,55,4.47,True
AAPL,2024-10-08,20,BUY,55,-1.03,False
AAPL,2024-10-09,5,BUY,55,0.98,True
AAPL,2024-10-09,10,BUY,55,0.53,True
AAPL,2024-10-09,20,BUY,55,-2.97,False
AAPL,2024-10-10,5,BUY,55,1.36,True
AAPL,2024-10-10,10,BUY,55,0.67,True
AAPL,2024-10-10,20,BUY,55,-0.68,False
AAPL,2024-10-11,5,BUY,55,3.27,True
AAPL,2024-10-11,10,BUY,55,1.7,True
AAPL,2024-10-11,20,BUY,55,-0.15,False
AAPL,2024-10-14,5,BUY,55,2.24,True
AAPL,2024-10-14,10,BUY,55,0.91,True
AAPL,2024-10-14,20,BUY,55,-2.95,False
AAPL,2024-10-15,5,BUY,55,0.86,True
AAPL,2024-10-15,10,BUY,55,-0.08,False
AAPL,2024-10-15,20,BUY,55,-4.01,False
AAPL,2024-10-16,5,BUY,55,-0.44,False
AAPL,2024-10-16,10,BUY,55,-0.72,False
AAPL,2024-10-16,20,BUY,55,-2.77,False
AAPL,2024-10-17,5,BUY,55,-0.68,False
AAPL,2024-10-17,10,BUY,55,-2.69,False
AAPL,2024-10-17,20,BUY,55,-1.58,False
AAPL,2024-10-18,5,BUY,55,-1.53,False
AAPL,2024-10-18,10,BUY,55,-5.14,False
AAPL,2024-10-18,20,BUY,55,-4.15,False
AAPL,2024-10-21,5,BUY,55,-1.3,False
AAPL,2024-10-21,10,BUY,55,-6.12,False
AAPL,2024-10-21,20,BUY,55,-3.47,False
AAPL,2024-10-22,5,BUY,55,-0.93,False
AAPL,2024-10-22,10,BUY,55,-5.26,False
AAPL,2024-10-22,20,BUY,55,-3.11,False
AAPL,2024-10-23,5,BUY,55,-0.29,False
AAPL,2024-10-23,10,BUY,55,-3.48,False
AAPL,2024-10-23,20,BUY,55,-0.65,False
AAPL,2024-10-24,5,BUY,55,-2.02,False
AAPL,2024-10-24,10,BUY,55,-1.34,False
AAPL,2024-10-24,20,BUY,55,-0.78,False
AAPL,2024-10-25,5,BUY,55,-3.67,False
AAPL,2024-10-25,10,BUY,55,-1.82,False
AAPL,2024-10-25,20,BUY,55,-0.56,False
AAPL,2024-10-28,5,BUY,55,-4.88,False
AAPL,2024-10-28,10,BUY,55,-3.82,False
AAPL,2024-10-28,20,BUY,55,-0.12,False
AAPL,2024-10-29,5,BUY,55,-4.37,False
AAPL,2024-10-29,10,BUY,55,-3.93,False
AAPL,2024-10-29,20,BUY,55,0.71,True
AAPL,2024-10-30,5,BUY,55,-3.21,False
AAPL,2024-10-30,10,BUY,55,-2.06,False
AAPL,2024-10-30,20,BUY,55,2.21,True
AAPL,2024-10-31,5,BUY,55,0.69,True
AAPL,2024-10-31,10,BUY,55,1.13,True
AAPL,2024-10-31,20,BUY,55,5.17,True
AAPL,2024-11-01,5,BUY,55,1.93,True
AAPL,2024-11-01,10,BUY,55,1.05,True
AAPL,2024-11-01,20,BUY,55,7.6,True
AAPL,2024-11-04,5,BUY,55,1.11,True
AAPL,2024-11-04,10,BUY,55,2.82,True
AAPL,2024-11-04,20,BUY,55,9.42,True
AAPL,2024-11-05,5,BUY,55,0.46,True
AAPL,2024-11-05,10,BUY,55,2.27,True
AAPL,2024-11-05,20,BUY,55,8.87,True
AAPL,2024-11-06,5,BUY,55,1.19,True
AAPL,2024-11-06,10,BUY,55,2.93,True
AAPL,2024-11-06,20,BUY,55,9.24,True
AAPL,2024-11-07,5,BUY,55,0.44,True
AAPL,2024-11-07,10,BUY,55,0.57,True
AAPL,2024-11-07,20,BUY,55,6.87,True
AAPL,2024-11-08,5,BUY,55,-0.86,False
AAPL,2024-11-08,10,BUY,55,1.28,True
AAPL,2024-11-08,20,BUY,55,8.72,True
AAPL,2024-11-11,5,BUY,55,1.69,True
AAPL,2024-11-11,10,BUY,55,3.85,True
AAPL,2024-11-11,20,BUY,55,10.5,True
AAPL,2024-11-12,5,BUY,55,1.81,True
AAPL,2024-11-12,10,BUY,55,4.83,True
AAPL,2024-11-12,20,BUY,55,9.93,True
AAPL,2024-11-13,5,BUY,55,1.72,True
AAPL,2024-11-13,10,BUY,55,4.36,True
AAPL,2024-11-13,20,BUY,55,10.15,True
AAPL,2024-11-14,5,BUY,55,0.13,True
AAPL,2024-11-14,10,BUY,55,3.99,True
AAPL,2024-11-14,20,BUY,55,8.72,True
AAPL,2024-11-15,5,BUY,55,2.16,True
AAPL,2024-11-15,10,BUY,55,6.48,True
AAPL,2024-11-15,20,BUY,55,11.57,True
AAPL,2024-11-18,5,BUY,55,2.13,True
AAPL,2024-11-18,10,BUY,55,6.42,True
AAPL,2024-11-18,20,BUY,55,11.17,True
AAPL,2024-11-20,5,BUY,55,2.59,True
AAPL,2024-11-20,10,BUY,55,6.13,True
AAPL,2024-11-20,20,BUY,55,9.08,True
AAPL,2024-11-21,5,BUY,55,3.86,True
AAPL,2024-11-21,10,BUY,55,6.27,True
AAPL,2024-11-21,20,BUY,55,11.36,True
AAPL,2024-11-22,5,BUY,55,4.23,True
AAPL,2024-11-22,10,BUY,55,7.34,True
AAPL,2024-11-22,20,BUY,55,11.05,True
AAPL,2024-11-25,5,BUY,55,4.2,True
AAPL,2024-11-25,10,BUY,55,6.4,True
AAPL,2024-11-25,20,BUY,55,10.88,True
AAPL,2024-11-26,5,BUY,55,3.38,True
AAPL,2024-11-26,10,BUY,55,4.86,True
AAPL,2024-11-26,20,BUY,55,10.19,True
AAPL,2024-11-27,5,BUY,55,3.45,True
AAPL,2024-11-27,10,BUY,55,5.55,True
AAPL,2024-11-27,20,BUY,55,8.79,True
AAPL,2024-11-29,5,BUY,55,2.32,True
AAPL,2024-11-29,10,BUY,55,4.55,True
AAPL,2024-11-29,20,BUY,55,6.27,True
AAPL,2024-12-02,5,BUY,55,2.99,True
AAPL,2024-12-02,10,BUY,55,4.78,True
AAPL,2024-12-02,20,BUY,55,4.52,True
AAPL,2024-12-04,5,BUY,55,1.43,True
AAPL,2024-12-04,10,BUY,55,2.07,True
AAPL,2024-12-04,20,BUY,55,0.14,True
AAPL,2024-12-05,5,BUY,55,2.02,True
AAPL,2024-12-05,10,BUY,55,2.78,True
AAPL,2024-12-05,20,BUY,55,0.81,True
AAPL,2024-12-06,5,BUY,55,2.18,True
AAPL,2024-12-06,10,BUY,55,4.8,True
AAPL,2024-12-06,20,BUY,55,-0.26,False
AAPL,2024-12-09,5,BUY,55,1.74,True
AAPL,2024-12-09,10,BUY,55,3.45,True
AAPL,2024-12-09,20,BUY,55,-1.64,False
AAPL,2024-12-10,5,BUY,55,2.3,True
AAPL,2024-12-10,10,BUY,55,4.21,True
AAPL,2024-12-10,20,BUY,55,-4.41,False
AAPL,2024-12-11,5,BUY,55,0.63,True
AAPL,2024-12-11,10,BUY,55,5.08,True
AAPL,2024-12-11,20,BUY,55,-4.9,False
AAPL,2024-12-12,5,BUY,55,0.74,True
AAPL,2024-12-12,10,BUY,55,3.08,True
AAPL,2024-12-12,20,BUY,55,-5.92,False
AAPL,2024-12-13,5,BUY,55,2.56,True
AAPL,2024-12-13,10,BUY,55,1.64,True
AAPL,2024-12-13,20,BUY,55,-4.13,False
AAPL,2024-12-16,5,BUY,55,1.68,True
AAPL,2024-12-16,10,BUY,55,-0.25,False
AAPL,2024-12-16,20,BUY,55,-9.07,False
AAPL,2024-12-17,5,BUY,55,1.86,True
AAPL,2024-12-17,10,BUY,55,-3.8,False
AAPL,2024-12-17,20,BUY,55,-9.27,False
AAPL,2024-12-18,5,BUY,55,4.42,True
AAPL,2024-12-18,10,BUY,55,-1.89,False
AAPL,2024-12-18,20,BUY,55,-10.24,False
AAPL,2024-12-19,5,BUY,55,2.32,True
AAPL,2024-12-19,10,BUY,55,-1.92,False
AAPL,2024-12-19,20,BUY,55,-10.39,False
AAPL,2024-12-20,5,BUY,55,-0.9,False
AAPL,2024-12-20,10,BUY,55,-4.83,False
AAPL,2024-12-20,20,BUY,55,-12.11,False
AAPL,2024-12-23,5,BUY,55,-1.9,False
AAPL,2024-12-23,10,BUY,55,-4.92,False
AAPL,2024-12-23,20,BUY,55,-12.73,False
AAPL,2024-12-24,5,BUY,55,-5.56,False
AAPL,2024-12-24,10,BUY,55,-8.27,False
AAPL,2024-12-24,20,BUY,55,-10.98,False
AAPL,2024-12-26,5,BUY,55,-6.05,False
AAPL,2024-12-26,10,BUY,55,-9.51,False
AAPL,2024-12-26,20,BUY,55,-8.01,False
AAPL,2024-12-27,5,BUY,55,-4.14,False
AAPL,2024-12-27,10,BUY,55,-8.73,False
AAPL,2024-12-27,20,BUY,55,-6.35,False
AAPL,2024-12-30,5,BUY,55,-3.96,False
AAPL,2024-12-30,10,BUY,55,-5.68,False
AAPL,2024-12-30,20,BUY,55,-5.79,False
AAPL,2024-12-31,5,BUY,55,-3.08,False
AAPL,2024-12-31,10,BUY,55,-8.85,False
AAPL,2024-12-31,20,BUY,55,-5.76,False
AAPL,2025-01-02,5,BUY,55,-2.87,False
AAPL,2025-01-02,10,BUY,55,-5.69,False
AAPL,2025-01-02,20,BUY,55,-6.5,False
AAPL,2025-01-03,5,BUY,55,-3.68,False
AAPL,2025-01-03,10,BUY,55,-8.51,False
AAPL,2025-01-03,20,BUY,55,-4.34,False
AAPL,2025-01-06,5,BUY,55,-4.78,False
AAPL,2025-01-06,10,BUY,55,-8.64,False
AAPL,2025-01-06,20,BUY,55,-5.11,False
AAPL,2025-01-07,5,BUY,55,-1.79,False
AAPL,2025-01-07,10,BUY,55,-7.66,False
AAPL,2025-01-07,20,BUY,55,-3.71,False
AAPL,2025-01-08,5,BUY,55,-5.95,False
AAPL,2025-01-08,10,BUY,55,-8.21,False
AAPL,2025-01-08,20,BUY,55,-6.21,False
AAPL,2025-01-10,5,BUY,55,-2.9,False
AAPL,2025-01-10,10,BUY,55,-2.95,False
AAPL,2025-01-10,20,BUY,55,-3.78,False
AAPL,2025-01-13,5,BUY,55,-5.02,False
AAPL,2025-01-13,10,BUY,55,1.65,True
AAPL,2025-01-13,20,BUY,55,-0.65,False
AAPL,2025-01-14,5,BUY,55,-4.05,False
AAPL,2025-01-14,10,BUY,55,2.61,True
AAPL,2025-01-14,20,BUY,55,1.65,True
AAPL,2025-01-15,5,BUY,55,-5.97,False
AAPL,2025-01-15,10,BUY,55,-0.12,False
AAPL,2025-01-15,20,BUY,55,1.65,True
AAPL,2025-01-16,5,BUY,55,-2.4,False
AAPL,2025-01-16,10,BUY,55,3.39,True
AAPL,2025-01-16,20,BUY,55,7.28,True
AAPL,2025-01-17,5,BUY,55,-0.05,False
AAPL,2025-01-17,10,BUY,55,-0.86,False
AAPL,2025-01-17,20,BUY,55,6.42,True
AAPL,2025-01-21,5,BUY,55,7.02,True
AAPL,2025-01-21,10,BUY,55,4.56,True
AAPL,2025-01-21,20,BUY,55,10.11,True
AAPL,2025-01-22,5,BUY,55,6.94,True
AAPL,2025-01-22,10,BUY,55,3.86,True
AAPL,2025-01-22,20,BUY,55,9.95,True
AAPL,2025-01-23,5,BUY,55,6.23,True
AAPL,2025-01-23,10,BUY,55,4.27,True
AAPL,2025-01-23,20,BUY,55,9.91,True
AAPL,2025-01-24,5,BUY,55,5.93,True
AAPL,2025-01-24,10,BUY,55,2.18,True
AAPL,2025-01-24,20,BUY,55,11.04,True
AAPL,2025-01-28,5,BUY,55,-2.29,False
AAPL,2025-01-28,10,BUY,55,-2.26,False
AAPL,2025-01-28,20,BUY,55,0.99,True
AAPL,2025-01-29,5,BUY,55,-2.88,False
AAPL,2025-01-29,10,BUY,55,-0.93,False
AAPL,2025-01-29,20,BUY,55,-0.75,False
AAPL,2025-01-30,5,BUY,55,-1.84,False
AAPL,2025-01-30,10,BUY,55,1.77,True
AAPL,2025-01-30,20,BUY,55,1.9,True
AAPL,2025-01-31,5,BUY,55,-3.55,False
AAPL,2025-01-31,10,BUY,55,3.76,True
AAPL,2025-01-31,20,BUY,55,0.97,True
AAPL,2025-02-03,5,BUY,55,-0.05,False
AAPL,2025-02-03,10,BUY,55,7.34,True
AAPL,2025-02-03,20,BUY,55,3.59,True
AAPL,2025-02-04,5,BUY,55,0.03,True
AAPL,2025-02-04,10,BUY,55,5.3,True
AAPL,2025-02-04,20,BUY,55,1.37,True
AAPL,2025-02-05,5,BUY,55,2.0,True
AAPL,2025-02-05,10,BUY,55,5.86,True
AAPL,2025-02-05,20,BUY,55,1.34,True
AAPL,2025-02-06,5,BUY,55,3.68,True
AAPL,2025-02-06,10,BUY,55,5.4,True
AAPL,2025-02-06,20,BUY,55,2.62,True
AAPL,2025-02-07,5,BUY,55,7.57,True
AAPL,2025-02-07,10,BUY,55,8.67,True
AAPL,2025-02-07,20,BUY,55,0.04,True
AAPL,2025-02-10,5,BUY,55,7.39,True
AAPL,2025-02-10,10,BUY,55,8.52,True
AAPL,2025-02-10,20,BUY,55,-2.99,False
AAPL,2025-02-11,5,BUY,55,5.27,True
AAPL,2025-02-11,10,BUY,55,3.33,True
AAPL,2025-02-11,20,BUY,55,-6.72,False
AAPL,2025-02-12,5,BUY,55,3.78,True
AAPL,2025-02-12,10,BUY,55,0.18,True
AAPL,2025-02-12,20,BUY,55,-11.48,False
AAPL,2025-02-13,5,BUY,55,1.66,True
AAPL,2025-02-13,10,BUY,55,0.13,True
AAPL,2025-02-13,20,BUY,55,-11.61,False
AAPL,2025-02-14,5,BUY,55,1.02,True
AAPL,2025-02-14,10,BUY,55,-2.69,False
AAPL,2025-02-14,20,BUY,55,-12.51,False
AAPL,2025-02-18,5,BUY,55,1.05,True
AAPL,2025-02-18,10,BUY,55,-3.49,False
AAPL,2025-02-18,20,BUY,55,-13.0,False
AAPL,2025-02-19,5,BUY,55,-1.84,False
AAPL,2025-02-19,10,BUY,55,-3.73,False
AAPL,2025-02-19,20,BUY,55,-12.1,False
AAPL,2025-02-20,5,BUY,55,-3.47,False
AAPL,2025-02-20,10,BUY,55,-4.27,False
AAPL,2025-02-20,20,BUY,55,-12.91,False
AAPL,2025-02-21,5,BUY,55,-1.51,False
AAPL,2025-02-21,10,BUY,55,-2.64,False
AAPL,2025-02-21,20,BUY,55,-11.11,False
AAPL,2025-02-24,5,BUY,55,-3.67,False
AAPL,2025-02-24,10,BUY,55,-7.94,False
AAPL,2025-02-24,20,BUY,55,-10.67,False
AAPL,2025-02-25,5,BUY,55,-4.5,False
AAPL,2025-02-25,10,BUY,55,-10.61,False
AAPL,2025-02-25,20,BUY,55,-9.43,False
AAPL,2025-02-26,5,BUY,55,-1.92,False
AAPL,2025-02-26,10,BUY,55,-9.73,False
AAPL,2025-02-26,20,BUY,55,-7.83,False
AAPL,2025-02-27,5,BUY,55,-0.83,False
AAPL,2025-02-27,10,BUY,55,-11.64,False
AAPL,2025-02-27,20,BUY,55,-5.67,False
AAPL,2025-02-28,5,BUY,55,-1.15,False
AAPL,2025-02-28,10,BUY,55,-11.72,False
AAPL,2025-02-28,20,BUY,55,-9.9,False
AAPL,2025-03-03,5,BUY,55,-4.43,False
AAPL,2025-03-03,10,BUY,55,-10.1,False
AAPL,2025-03-03,20,BUY,55,-6.68,False
AAPL,2025-03-04,5,BUY,55,-6.4,False
AAPL,2025-03-04,10,BUY,55,-9.85,False
AAPL,2025-03-04,20,BUY,55,-5.4,False
AAPL,2025-03-05,5,BUY,55,-7.96,False
AAPL,2025-03-05,10,BUY,55,-8.7,False
AAPL,2025-03-05,20,BUY,55,-5.03,False
AAPL,2025-03-07,5,BUY,55,-10.7,False
AAPL,2025-03-07,10,BUY,55,-8.7,False
AAPL,2025-03-07,20,BUY,55,-21.2,False
AAPL,2025-03-10,5,BUY,55,-5.93,False
AAPL,2025-03-10,10,BUY,55,-2.97,False
AAPL,2025-03-10,20,BUY,55,-20.23,False
AAPL,2025-03-11,5,BUY,55,-3.69,False
AAPL,2025-03-11,10,BUY,55,1.32,True
AAPL,2025-03-11,20,BUY,55,-21.93,False
AAPL,2025-03-12,5,BUY,55,-0.8,False
AAPL,2025-03-12,10,BUY,55,2.1,True
AAPL,2025-03-12,20,BUY,55,-8.36,False
AAPL,2025-03-13,5,BUY,55,2.11,True
AAPL,2025-03-13,10,BUY,55,6.76,True
AAPL,2025-03-13,20,BUY,55,-9.19,False
AAPL,2025-03-14,5,BUY,55,2.24,True
AAPL,2025-03-14,10,BUY,55,2.07,True
AAPL,2025-03-14,20,BUY,55,-7.19,False
AAPL,2025-03-18,5,BUY,55,5.2,True
AAPL,2025-03-18,10,BUY,55,4.94,True
AAPL,2025-03-18,20,BUY,55,-4.96,False
AAPL,2025-03-19,5,BUY,55,2.92,True
AAPL,2025-03-19,10,BUY,55,4.02,True
AAPL,2025-03-19,20,BUY,55,-9.74,False
AAPL,2025-03-20,5,BUY,55,4.55,True
AAPL,2025-03-20,10,BUY,55,-5.1,False
AAPL,2025-03-20,20,BUY,55,-8.0,False
AAPL,2025-03-21,5,BUY,55,-0.17,False
AAPL,2025-03-21,10,BUY,55,-13.69,False
AAPL,2025-03-21,20,BUY,55,-11.5,False
AAPL,2025-03-24,5,BUY,55,0.63,True
AAPL,2025-03-24,10,BUY,55,-17.79,False
AAPL,2025-03-24,20,BUY,55,-9.51,False
AAPL,2025-03-25,5,BUY,55,-0.25,False
AAPL,2025-03-25,10,BUY,55,-22.94,False
AAPL,2025-03-25,20,BUY,55,-8.56,False
AAPL,2025-03-26,5,BUY,55,1.07,True
AAPL,2025-03-26,10,BUY,55,-10.24,False
AAPL,2025-03-26,20,BUY,55,-5.94,False
AAPL,2025-03-27,5,BUY,55,-9.23,False
AAPL,2025-03-27,10,BUY,55,-14.93,False
AAPL,2025-03-27,20,BUY,55,-6.51,False
AAPL,2025-03-28,5,BUY,55,-13.55,False
AAPL,2025-03-28,10,BUY,55,-9.06,False
AAPL,2025-03-28,20,BUY,55,-3.56,False
AAPL,2025-03-31,5,BUY,55,-18.31,False
AAPL,2025-03-31,10,BUY,55,-8.83,False
AAPL,2025-03-31,20,BUY,55,-4.92,False
AAPL,2025-04-01,5,BUY,55,-22.75,False
AAPL,2025-04-01,10,BUY,55,-9.43,False
AAPL,2025-04-01,20,BUY,55,-4.79,False
AAPL,2025-04-02,5,BUY,55,-11.18,False
AAPL,2025-04-02,10,BUY,55,-13.23,False
AAPL,2025-04-02,20,BUY,55,-4.72,False
AAPL,2025-04-03,5,BUY,55,-6.28,False
AAPL,2025-04-03,10,BUY,55,-3.06,False
AAPL,2025-04-03,20,BUY,55,1.06,True
AAPL,2025-04-04,5,BUY,55,5.19,True
AAPL,2025-04-04,10,BUY,55,2.54,True
AAPL,2025-04-04,20,BUY,55,5.58,True
AAPL,2025-04-07,5,BUY,55,11.61,True
AAPL,2025-04-07,10,BUY,55,10.07,True
AAPL,2025-04-07,20,BUY,55,9.4,True
AAPL,2025-04-08,5,BUY,55,17.24,True
AAPL,2025-04-08,10,BUY,55,18.66,True
AAPL,2025-04-08,20,BUY,55,13.82,True
AAPL,2025-04-09,5,BUY,55,-2.3,False
AAPL,2025-04-09,10,BUY,55,4.79,True
AAPL,2025-04-09,20,BUY,55,-0.68,False
AAPL,2025-04-10,5,BUY,55,3.45,True
AAPL,2025-04-10,10,BUY,55,9.9,True
AAPL,2025-04-10,20,BUY,55,4.26,True
AAPL,2025-04-11,5,BUY,55,-2.52,False
AAPL,2025-04-11,10,BUY,55,6.05,True
AAPL,2025-04-11,20,BUY,55,6.52,True
AAPL,2025-04-14,5,BUY,55,-1.37,False
AAPL,2025-04-14,10,BUY,55,4.29,True
AAPL,2025-04-14,20,BUY,55,5.28,True
AAPL,2025-04-15,5,BUY,55,1.22,True
AAPL,2025-04-15,10,BUY,55,5.13,True
AAPL,2025-04-15,20,BUY,55,5.18,True
AAPL,2025-04-16,5,BUY,55,7.26,True
AAPL,2025-04-16,10,BUY,55,9.81,True
AAPL,2025-04-16,20,BUY,55,8.99,True
AAPL,2025-04-17,5,BUY,55,6.24,True
AAPL,2025-04-17,10,BUY,55,4.25,True
AAPL,2025-04-17,20,BUY,55,7.39,True
AAPL,2025-04-21,5,BUY,55,8.79,True
AAPL,2025-04-21,10,BUY,55,2.97,True
AAPL,2025-04-21,20,BUY,55,8.23,True
AAPL,2025-04-22,5,BUY,55,5.74,True
AAPL,2025-04-22,10,BUY,55,-0.62,False
AAPL,2025-04-22,20,BUY,55,3.7,True
AAPL,2025-04-23,5,BUY,55,3.86,True
AAPL,2025-04-23,10,BUY,55,-4.08,False
AAPL,2025-04-23,20,BUY,55,-1.1,False
AAPL,2025-04-24,5,BUY,55,2.38,True
AAPL,2025-04-24,10,BUY,55,-5.22,False
AAPL,2025-04-24,20,BUY,55,-3.24,False
AAPL,2025-04-25,5,BUY,55,-1.88,False
AAPL,2025-04-25,10,BUY,55,-5.14,False
AAPL,2025-04-25,20,BUY,55,-6.57,False
AAPL,2025-04-28,5,BUY,55,-5.35,False
AAPL,2025-04-28,10,BUY,55,0.44,True
AAPL,2025-04-28,20,BUY,55,-4.6,False
AAPL,2025-04-29,5,BUY,55,-6.01,False
AAPL,2025-04-29,10,BUY,55,0.95,True
AAPL,2025-04-29,20,BUY,55,-4.98,False
AAPL,2025-04-30,5,BUY,55,-7.65,False
AAPL,2025-04-30,10,BUY,55,0.05,True
AAPL,2025-04-30,20,BUY,55,-5.78,False
AAPL,2025-05-01,5,BUY,55,-7.42,False
AAPL,2025-05-01,10,BUY,55,-0.75,False
AAPL,2025-05-01,20,BUY,55,-5.72,False
AAPL,2025-05-02,5,BUY,55,-3.32,False
AAPL,2025-05-02,10,BUY,55,3.01,True
AAPL,2025-05-02,20,BUY,55,-1.65,False
AAPL,2025-05-05,5,BUY,55,6.12,True
AAPL,2025-05-05,10,BUY,55,5.11,True
AAPL,2025-05-05,20,BUY,55,2.34,True
AAPL,2025-05-06,5,BUY,55,7.4,True
AAPL,2025-05-06,10,BUY,55,4.34,True
AAPL,2025-05-06,20,BUY,55,2.31,True
AAPL,2025-05-07,5,BUY,55,8.34,True
AAPL,2025-05-07,10,BUY,55,3.11,True
AAPL,2025-05-07,20,BUY,55,2.37,True
AAPL,2025-05-08,5,BUY,55,7.21,True
AAPL,2025-05-08,10,BUY,55,2.09,True
AAPL,2025-05-08,20,BUY,55,3.39,True
AAPL,2025-05-09,5,BUY,55,6.55,True
AAPL,2025-05-09,10,BUY,55,-1.51,False
AAPL,2025-05-09,20,BUY,55,1.6,True
AAPL,2025-05-12,5,BUY,55,-0.95,False
AAPL,2025-05-12,10,BUY,55,-5.02,False
AAPL,2025-05-12,20,BUY,55,-3.85,False
AAPL,2025-05-13,5,BUY,55,-2.85,False
AAPL,2025-05-13,10,BUY,55,-5.88,False
AAPL,2025-05-13,20,BUY,55,-6.65,False
AAPL,2025-05-14,5,BUY,55,-4.82,False
AAPL,2025-05-14,10,BUY,55,-5.83,False
AAPL,2025-05-14,20,BUY,55,-6.18,False
AAPL,2025-05-15,5,BUY,55,-4.77,False
AAPL,2025-05-15,10,BUY,55,-5.01,False
AAPL,2025-05-15,20,BUY,55,-7.09,False
AAPL,2025-05-16,5,BUY,55,-7.57,False
AAPL,2025-05-16,10,BUY,55,-4.53,False
AAPL,2025-05-16,20,BUY,55,-6.08,False
AAPL,2025-05-19,5,BUY,55,-4.1,False
AAPL,2025-05-19,10,BUY,55,-2.64,False
AAPL,2025-05-19,20,BUY,55,-6.29,False
AAPL,2025-05-20,5,BUY,55,-3.11,False
AAPL,2025-05-20,10,BUY,55,-1.95,False
AAPL,2025-05-20,20,BUY,55,-4.97,False
AAPL,2025-05-21,5,BUY,55,-1.06,False
AAPL,2025-05-21,10,BUY,55,-0.72,False
AAPL,2025-05-21,20,BUY,55,-0.54,False
AAPL,2025-05-22,5,BUY,55,-0.25,False
AAPL,2025-05-22,10,BUY,55,1.27,True
AAPL,2025-05-22,20,BUY,55,0.07,True
AAPL,2025-05-23,5,BUY,55,3.29,True
AAPL,2025-05-23,10,BUY,55,3.16,True
AAPL,2025-05-23,20,BUY,55,2.58,True
AAPL,2025-05-27,5,BUY,55,1.53,True
AAPL,2025-05-27,10,BUY,55,1.23,True
AAPL,2025-05-27,20,BUY,55,0.67,True
AAPL,2025-05-28,5,BUY,55,1.2,True
AAPL,2025-05-28,10,BUY,55,-0.82,False
AAPL,2025-05-28,20,BUY,55,0.29,True
AAPL,2025-05-29,5,BUY,55,0.34,True
AAPL,2025-05-29,10,BUY,55,-0.38,False
AAPL,2025-05-29,20,BUY,55,0.57,True
AAPL,2025-05-30,5,BUY,55,1.53,True
AAPL,2025-05-30,10,BUY,55,-2.19,False
AAPL,2025-05-30,20,BUY,55,2.15,True
AAPL,2025-06-02,5,BUY,55,-0.12,False
AAPL,2025-06-02,10,BUY,55,-1.63,False
AAPL,2025-06-02,20,BUY,55,3.03,True
AAPL,2025-06-03,5,BUY,55,-0.3,False
AAPL,2025-06-03,10,BUY,55,-3.75,False
AAPL,2025-06-03,20,BUY,55,4.51,True
AAPL,2025-06-04,5,BUY,55,-1.99,False
AAPL,2025-06-04,10,BUY,55,-3.08,False
AAPL,2025-06-04,20,BUY,55,5.29,True
AAPL,2025-06-06,5,BUY,55,-3.66,False
AAPL,2025-06-06,10,BUY,55,-1.19,False
AAPL,2025-06-06,20,BUY,55,2.99,True
AAPL,2025-06-09,5,BUY,55,-1.5,False
AAPL,2025-06-09,10,BUY,55,-0.57,False
AAPL,2025-06-09,20,BUY,55,4.81,True
AAPL,2025-06-10,5,BUY,55,-3.47,False
AAPL,2025-06-10,10,BUY,55,-0.55,False
AAPL,2025-06-10,20,BUY,55,4.81,True
AAPL,2025-06-11,5,BUY,55,-1.11,False
AAPL,2025-06-11,10,BUY,55,1.12,True
AAPL,2025-06-11,20,BUY,55,6.23,True
AAPL,2025-06-12,5,BUY,55,0.9,True
AAPL,2025-06-12,10,BUY,55,0.94,True
AAPL,2025-06-12,20,BUY,55,4.73,True
AAPL,2025-06-13,5,BUY,55,2.57,True
AAPL,2025-06-13,10,BUY,55,4.44,True
AAPL,2025-06-13,20,BUY,55,6.44,True
AAPL,2025-06-16,5,BUY,55,0.95,True
AAPL,2025-06-16,10,BUY,55,4.74,True
AAPL,2025-06-16,20,BUY,55,5.92,True
AAPL,2025-06-18,5,BUY,55,2.25,True
AAPL,2025-06-18,10,BUY,55,8.63,True
AAPL,2025-06-18,20,BUY,55,7.43,True
AAPL,2025-06-20,5,BUY,55,0.04,True
AAPL,2025-06-20,10,BUY,55,4.45,True
AAPL,2025-06-20,20,BUY,55,5.71,True
AAPL,2025-06-23,5,BUY,55,1.82,True
AAPL,2025-06-23,10,BUY,55,4.22,True
AAPL,2025-06-23,20,BUY,55,6.4,True
AAPL,2025-06-24,5,BUY,55,3.75,True
AAPL,2025-06-24,10,BUY,55,5.41,True
AAPL,2025-06-24,20,BUY,55,6.91,True
AAPL,2025-06-25,5,BUY,55,5.4,True
AAPL,2025-06-25,10,BUY,55,5.38,True
AAPL,2025-06-25,20,BUY,55,6.05,True
AAPL,2025-06-26,5,BUY,55,6.24,True
AAPL,2025-06-26,10,BUY,55,5.05,True
AAPL,2025-06-26,20,BUY,55,6.41,True
AAPL,2025-06-27,5,BUY,55,4.41,True
AAPL,2025-06-27,10,BUY,55,3.75,True
AAPL,2025-06-27,20,BUY,55,6.45,True
AAPL,2025-06-30,5,BUY,55,2.36,True
AAPL,2025-06-30,10,BUY,55,1.92,True
AAPL,2025-06-30,20,BUY,55,2.97,True
AAPL,2025-07-01,5,BUY,55,1.6,True
AAPL,2025-07-01,10,BUY,55,1.13,True
AAPL,2025-07-01,20,BUY,55,0.59,True
AAPL,2025-07-02,5,BUY,55,-0.01,False
AAPL,2025-07-02,10,BUY,55,-1.14,False
AAPL,2025-07-02,20,BUY,55,-2.29,False
AAPL,2025-07-03,5,BUY,55,-1.12,False
AAPL,2025-07-03,10,BUY,55,-1.11,False
AAPL,2025-07-03,20,BUY,55,-5.23,False
AAPL,2025-07-07,5,BUY,55,-0.63,False
AAPL,2025-07-07,10,BUY,55,1.21,True
AAPL,2025-07-07,20,BUY,55,-3.14,False
AAPL,2025-07-08,5,BUY,55,-0.43,False
AAPL,2025-07-08,10,BUY,55,2.09,True
AAPL,2025-07-08,20,BUY,55,-3.38,False
AAPL,2025-07-09,5,BUY,55,-0.46,False
AAPL,2025-07-09,10,BUY,55,1.43,True
AAPL,2025-07-09,20,BUY,55,1.0,True
AAPL,2025-07-10,5,BUY,55,-1.13,False
AAPL,2025-07-10,10,BUY,55,0.64,True
AAPL,2025-07-10,20,BUY,55,3.59,True
AAPL,2025-07-14,5,BUY,55,1.85,True
AAPL,2025-07-14,10,BUY,55,2.6,True
AAPL,2025-07-14,20,BUY,55,9.02,True
AAPL,2025-07-15,5,BUY,55,2.53,True
AAPL,2025-07-15,10,BUY,55,1.03,True
AAPL,2025-07-15,20,BUY,55,9.95,True
AAPL,2025-07-16,5,BUY,55,1.9,True
AAPL,2025-07-16,10,BUY,55,-0.53,False
AAPL,2025-07-16,20,BUY,55,11.15,True
AAPL,2025-07-17,5,BUY,55,1.78,True
AAPL,2025-07-17,10,BUY,55,-1.17,False
AAPL,2025-07-17,20,BUY,55,10.96,True
AAPL,2025-07-18,5,BUY,55,1.28,True
AAPL,2025-07-18,10,BUY,55,-4.17,False
AAPL,2025-07-18,20,BUY,55,9.79,True
AAPL,2025-07-21,5,BUY,55,0.74,True
AAPL,2025-07-21,10,BUY,55,-4.3,False
AAPL,2025-07-21,20,BUY,55,8.79,True
AAPL,2025-07-22,5,BUY,55,-1.46,False
AAPL,2025-07-22,10,BUY,55,-5.35,False
AAPL,2025-07-22,20,BUY,55,7.66,True
AAPL,2025-07-23,5,BUY,55,-2.38,False
AAPL,2025-07-23,10,BUY,55,-0.42,False
AAPL,2025-07-23,20,BUY,55,5.66,True
AAPL,2025-07-24,5,BUY,55,-2.9,False
AAPL,2025-07-24,10,BUY,55,2.93,True
AAPL,2025-07-24,20,BUY,55,5.33,True
AAPL,2025-07-25,5,BUY,55,-5.38,False
AAPL,2025-07-25,10,BUY,55,7.23,True
AAPL,2025-07-25,20,BUY,55,6.61,True
AAPL,2025-07-28,5,BUY,55,-5.0,False
AAPL,2025-07-28,10,BUY,55,6.25,True
AAPL,2025-07-28,20,BUY,55,6.25,True
AAPL,2025-07-29,5,BUY,55,-3.95,False
AAPL,2025-07-29,10,BUY,55,8.82,True
AAPL,2025-07-29,20,BUY,55,8.66,True
AAPL,2025-07-30,5,BUY,55,2.01,True
AAPL,2025-07-30,10,BUY,55,11.74,True
AAPL,2025-07-30,20,BUY,55,10.38,True
AAPL,2025-07-31,5,BUY,55,6.0,True
AAPL,2025-07-31,10,BUY,55,12.27,True
AAPL,2025-07-31,20,BUY,55,12.17,True
AAPL,2025-08-01,5,BUY,55,13.33,True
AAPL,2025-08-01,10,BUY,55,14.56,True
AAPL,2025-08-01,20,BUY,55,14.84,True
AAPL,2025-08-04,5,BUY,55,11.85,True
AAPL,2025-08-04,10,BUY,55,13.67,True
AAPL,2025-08-04,20,BUY,55,13.1,True
AAPL,2025-08-05,5,BUY,55,13.3,True
AAPL,2025-08-05,10,BUY,55,13.75,True
AAPL,2025-08-05,20,BUY,55,17.65,True
AAPL,2025-08-06,5,BUY,55,9.54,True
AAPL,2025-08-06,10,BUY,55,6.1,True
AAPL,2025-08-06,20,BUY,55,12.57,True
AAPL,2025-08-07,5,BUY,55,5.91,True
AAPL,2025-08-07,10,BUY,55,2.33,True
AAPL,2025-08-07,20,BUY,55,9.06,True
AAPL,2025-08-08,5,BUY,55,1.09,True
AAPL,2025-08-08,10,BUY,55,-0.58,False
AAPL,2025-08-08,20,BUY,55,3.84,True
AAPL,2025-08-11,5,BUY,55,1.63,True
AAPL,2025-08-11,10,BUY,55,-0.01,False
AAPL,2025-08-11,20,BUY,55,3.16,True
AAPL,2025-08-12,5,BUY,55,0.4,True
AAPL,2025-08-12,10,BUY,55,-0.15,False
AAPL,2025-08-12,20,BUY,55,-1.25,False
AAPL,2025-08-13,5,BUY,55,-3.14,False
AAPL,2025-08-13,10,BUY,55,-1.22,False
AAPL,2025-08-13,20,BUY,55,-1.41,False
AAPL,2025-08-14,5,BUY,55,-3.39,False
AAPL,2025-08-14,10,BUY,55,-0.09,False
AAPL,2025-08-14,20,BUY,55,0.55,True
AAPL,2025-08-15,5,BUY,55,-1.65,False
AAPL,2025-08-15,10,BUY,55,0.24,True
AAPL,2025-08-15,20,BUY,55,2.21,True
AAPL,2025-08-18,5,BUY,55,-1.62,False
AAPL,2025-08-18,10,BUY,55,-0.51,False
AAPL,2025-08-18,20,BUY,55,3.14,True
AAPL,2025-08-19,5,BUY,55,-0.54,False
AAPL,2025-08-19,10,BUY,55,3.43,True
AAPL,2025-08-19,20,BUY,55,3.66,True
AAPL,2025-08-20,5,BUY,55,1.98,True
AAPL,2025-08-20,10,BUY,55,6.09,True
AAPL,2025-08-20,20,BUY,55,5.25,True
AAPL,2025-08-21,5,BUY,55,3.41,True
AAPL,2025-08-21,10,BUY,55,6.58,True
AAPL,2025-08-21,20,BUY,55,9.16,True
AAPL,2025-08-22,5,BUY,55,1.92,True
AAPL,2025-08-22,10,BUY,55,4.44,True
AAPL,2025-08-22,20,BUY,55,12.43,True
AAPL,2025-08-25,5,BUY,55,1.13,True
AAPL,2025-08-25,10,BUY,55,3.17,True
AAPL,2025-08-25,20,BUY,55,12.0,True
AAPL,2025-08-26,5,BUY,55,3.99,True
AAPL,2025-08-26,10,BUY,55,-1.1,False
AAPL,2025-08-26,20,BUY,55,10.03,True
AAPL,2025-08-27,5,BUY,55,4.03,True
AAPL,2025-08-27,10,BUY,55,-0.2,False
AAPL,2025-08-27,20,BUY,55,11.45,True
AAPL,2025-08-28,5,BUY,55,3.07,True
AAPL,2025-08-28,10,BUY,55,0.65,True
AAPL,2025-08-28,20,BUY,55,9.85,True
AAPL,2025-08-29,5,BUY,55,2.47,True
AAPL,2025-08-29,10,BUY,55,1.96,True
AAPL,2025-08-29,20,BUY,55,9.6,True
AAPL,2025-09-02,5,BUY,55,2.02,True
AAPL,2025-09-02,10,BUY,55,3.67,True
AAPL,2025-09-02,20,BUY,55,10.84,True
AAPL,2025-09-03,5,BUY,55,-4.9,False
AAPL,2025-09-03,10,BUY,55,0.22,True
AAPL,2025-09-03,20,BUY,55,7.12,True
AAPL,2025-09-04,5,BUY,55,-4.07,False
AAPL,2025-09-04,10,BUY,55,-0.79,False
AAPL,2025-09-04,20,BUY,55,7.24,True
AAPL,2025-09-05,5,BUY,55,-2.34,False
AAPL,2025-09-05,10,BUY,55,2.42,True
AAPL,2025-09-05,20,BUY,55,7.65,True
AAPL,2025-09-08,5,BUY,55,-0.5,False
AAPL,2025-09-08,10,BUY,55,7.65,True
AAPL,2025-09-08,20,BUY,55,7.91,True
AAPL,2025-09-09,5,BUY,55,1.62,True
AAPL,2025-09-09,10,BUY,55,8.57,True
AAPL,2025-09-09,20,BUY,55,9.44,True
AAPL,2025-09-10,5,BUY,55,5.38,True
AAPL,2025-09-10,10,BUY,55,11.25,True
AAPL,2025-09-10,20,BUY,55,13.79,True
AAPL,2025-09-11,5,BUY,55,3.41,True
AAPL,2025-09-11,10,BUY,55,11.67,True
AAPL,2025-09-11,20,BUY,55,10.44,True
AAPL,2025-09-12,5,BUY,55,4.88,True
AAPL,2025-09-12,10,BUY,55,9.14,True
AAPL,2025-09-12,20,BUY,55,4.78,True
AAPL,2025-09-15,5,BUY,55,8.19,True
AAPL,2025-09-15,10,BUY,55,7.49,True
AAPL,2025-09-15,20,BUY,55,4.63,True
AAPL,2025-09-16,5,BUY,55,6.84,True
AAPL,2025-09-16,10,BUY,55,6.92,True
AAPL,2025-09-16,20,BUY,55,4.04,True
AAPL,2025-09-17,5,BUY,55,5.57,True
AAPL,2025-09-17,10,BUY,55,6.89,True
AAPL,2025-09-17,20,BUY,55,4.33,True
AAPL,2025-09-18,5,BUY,55,7.98,True
AAPL,2025-09-18,10,BUY,55,8.09,True
AAPL,2025-09-18,20,BUY,55,4.02,True
AAPL,2025-09-19,5,BUY,55,4.06,True
AAPL,2025-09-19,10,BUY,55,5.1,True
AAPL,2025-09-19,20,BUY,55,2.77,True
AAPL,2025-09-22,5,BUY,55,-0.64,False
AAPL,2025-09-22,10,BUY,55,0.24,True
AAPL,2025-09-22,20,BUY,55,2.41,True
AAPL,2025-09-23,5,BUY,55,0.08,True
AAPL,2025-09-23,10,BUY,55,0.81,True
AAPL,2025-09-23,20,BUY,55,3.28,True
AAPL,2025-09-24,5,BUY,55,1.24,True
AAPL,2025-09-24,10,BUY,55,2.28,True
AAPL,2025-09-24,20,BUY,55,2.43,True
AAPL,2025-09-25,5,BUY,55,0.1,True
AAPL,2025-09-25,10,BUY,55,-1.1,False
AAPL,2025-09-25,20,BUY,55,1.06,True
AAPL,2025-09-26,5,BUY,55,1.0,True
AAPL,2025-09-26,10,BUY,55,-3.99,False
AAPL,2025-09-26,20,BUY,55,2.88,True
AAPL,2025-09-29,5,BUY,55,0.89,True
AAPL,2025-09-29,10,BUY,55,-2.66,False
AAPL,2025-09-29,20,BUY,55,5.65,True
AAPL,2025-09-30,5,BUY,55,0.73,True
AAPL,2025-09-30,10,BUY,55,-2.69,False
AAPL,2025-09-30,20,BUY,55,5.64,True
AAPL,2025-10-01,5,BUY,55,1.02,True
AAPL,2025-10-01,10,BUY,55,-2.39,False
AAPL,2025-10-01,20,BUY,55,5.58,True
AAPL,2025-10-02,5,BUY,55,-1.2,False
AAPL,2025-10-02,10,BUY,55,-3.76,False
AAPL,2025-10-02,20,BUY,55,5.55,True
AAPL,2025-10-03,5,BUY,55,-4.94,False
AAPL,2025-10-03,10,BUY,55,-2.22,False
AAPL,2025-10-03,20,BUY,55,4.79,True
AAPL,2025-10-06,5,BUY,55,-3.52,False
AAPL,2025-10-06,10,BUY,55,2.16,True
AAPL,2025-10-06,20,BUY,55,4.82,True
AAPL,2025-10-07,5,BUY,55,-3.4,False
AAPL,2025-10-07,10,BUY,55,2.45,True
AAPL,2025-10-07,20,BUY,55,5.29,True
AAPL,2025-10-08,5,BUY,55,-3.38,False
AAPL,2025-10-08,10,BUY,55,0.15,True
AAPL,2025-10-08,20,BUY,55,4.68,True
AAPL,2025-10-09,5,BUY,55,-2.59,False
AAPL,2025-10-09,10,BUY,55,2.18,True
AAPL,2025-10-09,20,BUY,55,6.19,True
AAPL,2025-10-10,5,BUY,55,2.86,True
AAPL,2025-10-10,10,BUY,55,7.16,True
AAPL,2025-10-10,20,BUY,55,9.46,True
AAPL,2025-10-13,5,BUY,55,5.89,True
AAPL,2025-10-13,10,BUY,55,8.54,True
AAPL,2025-10-13,20,BUY,55,8.9,True
AAPL,2025-10-14,5,BUY,55,6.05,True
AAPL,2025-10-14,10,BUY,55,8.57,True
AAPL,2025-10-14,20,BUY,55,11.2,True
AAPL,2025-10-15,5,BUY,55,3.65,True
AAPL,2025-10-15,10,BUY,55,8.17,True
AAPL,2025-10-15,20,BUY,55,9.78,True
AAPL,2025-10-16,5,BUY,55,4.9,True
AAPL,2025-10-16,10,BUY,55,9.68,True
AAPL,2025-10-16,20,BUY,55,10.41,True
AAPL,2025-10-17,5,BUY,55,4.17,True
AAPL,2025-10-17,10,BUY,55,7.17,True
AAPL,2025-10-17,20,BUY,55,8.08,True
AAPL,2025-10-20,5,BUY,55,2.51,True
AAPL,2025-10-20,10,BUY,55,2.6,True
AAPL,2025-10-20,20,BUY,55,2.09,True
AAPL,2025-10-21,5,BUY,55,2.37,True
AAPL,2025-10-21,10,BUY,55,2.77,True
AAPL,2025-10-21,20,BUY,55,1.88,True
AAPL,2025-10-22,5,BUY,55,4.35,True
AAPL,2025-10-22,10,BUY,55,4.52,True
AAPL,2025-10-22,20,BUY,55,4.01,True
AAPL,2025-10-23,5,BUY,55,4.55,True
AAPL,2025-10-23,10,BUY,55,3.93,True
AAPL,2025-10-23,20,BUY,55,2.67,True
AAPL,2025-10-24,5,BUY,55,2.87,True
AAPL,2025-10-24,10,BUY,55,2.15,True
AAPL,2025-10-24,20,BUY,55,3.4,True
AAPL,2025-10-27,5,BUY,55,0.09,True
AAPL,2025-10-27,10,BUY,55,0.33,True
AAPL,2025-10-27,20,BUY,55,2.74,True
AAPL,2025-10-28,5,BUY,55,0.39,True
AAPL,2025-10-28,10,BUY,55,2.42,True
AAPL,2025-10-28,20,BUY,55,3.06,True
AAPL,2025-10-29,5,BUY,55,0.16,True
AAPL,2025-10-29,10,BUY,55,1.5,True
AAPL,2025-10-29,20,BUY,55,3.01,True
AAPL,2025-10-30,5,BUY,55,-0.6,False
AAPL,2025-10-30,10,BUY,55,0.67,True
AAPL,2025-10-30,20,BUY,55,2.84,True
AAPL,2025-10-31,5,BUY,55,-0.7,False
AAPL,2025-10-31,10,BUY,55,0.85,True
AAPL,2025-10-31,20,BUY,55,4.81,True
AAPL,2025-11-03,5,BUY,55,0.24,True
AAPL,2025-11-03,10,BUY,55,-0.49,False
AAPL,2025-11-03,20,BUY,55,6.47,True
AAPL,2025-11-04,5,BUY,55,2.03,True
AAPL,2025-11-04,10,BUY,55,-0.87,False
AAPL,2025-11-04,20,BUY,55,5.33,True
AAPL,2025-11-05,5,BUY,55,1.33,True
AAPL,2025-11-05,10,BUY,55,-0.49,False
AAPL,2025-11-05,20,BUY,55,4.01,True
AAPL,2025-11-06,5,BUY,55,1.28,True
AAPL,2025-11-06,10,BUY,55,-1.21,False
AAPL,2025-11-06,20,BUY,55,3.44,True
AAPL,2025-11-07,5,BUY,55,1.57,True
AAPL,2025-11-07,10,BUY,55,1.22,True
AAPL,2025-11-07,20,BUY,55,3.61,True
AAPL,2025-11-10,5,BUY,55,-0.73,False
AAPL,2025-11-10,10,BUY,55,2.41,True
AAPL,2025-11-10,20,BUY,55,2.88,True
AAPL,2025-11-11,5,BUY,55,-2.84,False
AAPL,2025-11-11,10,BUY,55,0.62,True
AAPL,2025-11-11,20,BUY,55,1.28,True
AAPL,2025-11-12,5,BUY,55,-1.8,False
AAPL,2025-11-12,10,BUY,55,1.49,True
AAPL,2025-11-12,20,BUY,55,1.67,True
AAPL,2025-11-13,5,BUY,55,-2.45,False
AAPL,2025-11-13,10,BUY,55,2.16,True
AAPL,2025-11-13,20,BUY,55,1.95,True
AAPL,2025-11-14,5,BUY,55,-0.34,False
AAPL,2025-11-14,10,BUY,55,3.92,True
AAPL,2025-11-14,20,BUY,55,0.62,True
AAPL,2025-11-17,5,BUY,55,3.16,True
AAPL,2025-11-17,10,BUY,55,7.0,True
AAPL,2025-11-17,20,BUY,55,2.67,True
AAPL,2025-11-18,5,BUY,55,3.56,True
AAPL,2025-11-18,10,BUY,55,6.25,True
AAPL,2025-11-18,20,BUY,55,1.65,True
AAPL,2025-11-19,5,BUY,55,3.35,True
AAPL,2025-11-19,10,BUY,55,4.52,True
AAPL,2025-11-19,20,BUY,55,1.35,True
AAPL,2025-11-20,5,BUY,55,4.73,True
AAPL,2025-11-20,10,BUY,55,4.71,True
AAPL,2025-11-20,20,BUY,55,2.79,True
AAPL,2025-11-21,5,BUY,55,4.28,True
AAPL,2025-11-21,10,BUY,55,2.36,True
AAPL,2025-11-21,20,BUY,55,-0.19,False
AAPL,2025-11-24,5,BUY,55,3.72,True
AAPL,2025-11-24,10,BUY,55,0.46,True
AAPL,2025-11-24,20,BUY,55,-1.29,False
AAPL,2025-11-25,5,BUY,55,2.59,True
AAPL,2025-11-25,10,BUY,55,0.65,True
AAPL,2025-11-25,20,BUY,55,-1.14,False
AAPL,2025-11-26,5,BUY,55,1.13,True
AAPL,2025-11-26,10,BUY,55,0.17,True
AAPL,2025-11-26,20,BUY,55,-1.5,False
AAPL,2025-11-28,5,BUY,55,-0.03,False
AAPL,2025-11-28,10,BUY,55,-0.2,False
AAPL,2025-11-28,20,BUY,55,-1.83,False
AAPL,2025-12-01,5,BUY,55,-1.84,False
AAPL,2025-12-01,10,BUY,55,-3.18,False
AAPL,2025-12-01,20,BUY,55,-3.54,False
AAPL,2025-12-02,5,BUY,55,-3.15,False
AAPL,2025-12-02,10,BUY,55,-4.05,False
AAPL,2025-12-02,20,BUY,55,-5.01,False
AAPL,2025-12-03,5,BUY,55,-1.89,False
AAPL,2025-12-03,10,BUY,55,-4.33,False
AAPL,2025-12-03,20,BUY,55,-4.62,False
AAPL,2025-12-04,5,BUY,55,-0.95,False
AAPL,2025-12-04,10,BUY,55,-3.03,False
AAPL,2025-12-04,20,BUY,55,-4.79,False
AAPL,2025-12-05,5,BUY,55,-0.18,False
AAPL,2025-12-05,10,BUY,55,-1.83,False
AAPL,2025-12-05,20,BUY,55,-5.89,False
AAPL,2025-12-08,5,BUY,55,-1.36,False
AAPL,2025-12-08,10,BUY,55,-2.49,False
AAPL,2025-12-08,20,BUY,55,-6.32,False
AAPL,2025-12-09,5,BUY,55,-0.93,False
AAPL,2025-12-09,10,BUY,55,-1.74,False
AAPL,2025-12-09,20,BUY,55,-6.54,False
AAPL,2025-12-10,5,BUY,55,-2.49,False
AAPL,2025-12-10,10,BUY,55,-1.78,False
AAPL,2025-12-10,20,BUY,55,-6.96,False
AAPL,2025-12-11,5,BUY,55,-2.1,False
AAPL,2025-12-11,10,BUY,55,-1.67,False
AAPL,2025-12-11,20,BUY,55,-6.39,False
AAPL,2025-12-12,5,BUY,55,-1.66,False
AAPL,2025-12-12,10,BUY,55,-1.62,False
AAPL,2025-12-12,20,BUY,55,-6.19,False
AAPL,2025-12-15,5,BUY,55,-1.15,False
AAPL,2025-12-15,10,BUY,55,-0.38,False
AAPL,2025-12-15,20,BUY,55,-5.16,False
AAPL,2025-12-16,5,BUY,55,-0.82,False
AAPL,2025-12-16,10,BUY,55,-1.0,False
AAPL,2025-12-16,20,BUY,55,-5.97,False
AAPL,2025-12-17,5,BUY,55,0.72,True
AAPL,2025-12-17,10,BUY,55,-0.31,False
AAPL,2025-12-17,20,BUY,55,-6.0,False
AAPL,2025-12-18,5,BUY,55,0.44,True
AAPL,2025-12-18,10,BUY,55,-1.81,False
AAPL,2025-12-18,20,BUY,55,-9.36,False
AAPL,2025-12-19,5,BUY,55,0.03,True
AAPL,2025-12-19,10,BUY,55,-4.13,False
AAPL,2025-12-19,20,BUY,55,-9.51,False
AAPL,2025-12-22,5,BUY,55,0.78,True
AAPL,2025-12-22,10,BUY,55,-3.93,False
AAPL,2025-12-22,20,BUY,55,-8.35,False
AAPL,2025-12-23,5,BUY,55,-0.18,False
AAPL,2025-12-23,10,BUY,55,-4.89,False
AAPL,2025-12-23,20,BUY,55,-8.93,False
AAPL,2025-12-24,5,BUY,55,-1.02,False
AAPL,2025-12-24,10,BUY,55,-5.27,False
AAPL,2025-12-24,20,BUY,55,-6.72,False
AAPL,2025-12-26,5,BUY,55,-2.25,False
AAPL,2025-12-26,10,BUY,55,-4.81,False
AAPL,2025-12-26,20,BUY,55,-5.53,False
AAPL,2025-12-29,5,BUY,55,-4.16,False
AAPL,2025-12-29,10,BUY,55,-4.64,False
AAPL,2025-12-29,20,BUY,55,-6.33,False
AAPL,2025-12-30,5,BUY,55,-4.67,False
AAPL,2025-12-30,10,BUY,55,-4.8,False
AAPL,2025-12-30,20,BUY,55,-5.42,False
AAPL,2025-12-31,5,BUY,55,-4.72,False
AAPL,2025-12-31,10,BUY,55,-5.02,False
AAPL,2025-12-31,20,BUY,55,-4.55,False
AAPL,2026-01-02,5,BUY,55,-4.3,False
AAPL,2026-01-02,10,BUY,55,-5.71,False
AAPL,2026-01-02,20,BUY,55,-0.37,False
AAPL,2026-01-05,5,BUY,55,-2.62,False
AAPL,2026-01-05,10,BUY,55,-7.69,False
AAPL,2026-01-05,20,BUY,55,0.83,True
AAPL,2026-01-06,5,BUY,55,-0.5,False
AAPL,2026-01-06,10,BUY,55,-5.61,False
AAPL,2026-01-06,20,BUY,55,5.39,True
AAPL,2026-01-08,5,BUY,55,-0.32,False
AAPL,2026-01-08,10,BUY,55,-4.25,False
AAPL,2026-01-08,20,BUY,55,7.37,True
AAPL,2026-01-09,5,BUY,55,-1.48,False
AAPL,2026-01-09,10,BUY,55,-1.53,False
AAPL,2026-01-09,20,BUY,55,5.98,True
AAPL,2026-01-12,5,BUY,55,-5.21,False
AAPL,2026-01-12,10,BUY,55,-0.76,False
AAPL,2026-01-12,20,BUY,55,5.26,True
AAPL,2026-01-13,5,BUY,55,-5.13,False
AAPL,2026-01-13,10,BUY,55,-1.77,False
AAPL,2026-01-13,20,BUY,55,5.63,True
AAPL,2026-01-14,5,BUY,55,-4.47,False
AAPL,2026-01-14,10,BUY,55,-0.65,False
AAPL,2026-01-14,20,BUY,55,0.78,True
AAPL,2026-01-15,5,BUY,55,-3.94,False
AAPL,2026-01-15,10,BUY,55,0.49,True
AAPL,2026-01-15,20,BUY,55,-0.85,False
AAPL,2026-01-16,5,BUY,55,-0.05,False
AAPL,2026-01-16,10,BUY,55,5.67,True
AAPL,2026-01-16,20,BUY,55,3.36,True
AAPL,2026-01-20,5,BUY,55,4.69,True
AAPL,2026-01-20,10,BUY,55,9.23,True
AAPL,2026-01-20,20,BUY,55,7.25,True
AAPL,2026-01-21,5,BUY,55,3.55,True
AAPL,2026-01-21,10,BUY,55,11.65,True
AAPL,2026-01-21,20,BUY,55,5.32,True
AAPL,2026-01-22,5,BUY,55,4.0,True
AAPL,2026-01-22,10,BUY,55,11.1,True
AAPL,2026-01-22,20,BUY,55,6.63,True
AAPL,2026-01-23,5,BUY,55,4.61,True
AAPL,2026-01-23,10,BUY,55,12.13,True
AAPL,2026-01-23,20,BUY,55,7.41,True
AAPL,2026-01-26,5,BUY,55,5.72,True
AAPL,2026-01-26,10,BUY,55,7.62,True
AAPL,2026-01-26,20,BUY,55,6.65,True
AAPL,2026-01-27,5,BUY,55,4.34,True
AAPL,2026-01-27,10,BUY,55,6.07,True
AAPL,2026-01-27,20,BUY,55,6.28,True
AAPL,2026-01-28,5,BUY,55,7.82,True
AAPL,2026-01-28,10,BUY,55,7.53,True
AAPL,2026-01-28,20,BUY,55,6.54,True
AAPL,2026-01-29,5,BUY,55,6.83,True
AAPL,2026-01-29,10,BUY,55,1.43,True
AAPL,2026-01-29,20,BUY,55,2.38,True
AAPL,2026-01-30,5,BUY,55,7.18,True
AAPL,2026-01-30,10,BUY,55,-1.33,False
AAPL,2026-01-30,20,BUY,55,2.11,True
AAPL,2026-02-02,5,BUY,55,1.8,True
AAPL,2026-02-02,10,BUY,55,-2.18,False
AAPL,2026-02-02,20,BUY,55,-2.23,False
AAPL,2026-02-03,5,BUY,55,1.65,True
AAPL,2026-02-03,10,BUY,55,-1.81,False
AAPL,2026-02-03,20,BUY,55,-2.49,False
AAPL,2026-02-04,5,BUY,55,-0.26,False
AAPL,2026-02-04,10,BUY,55,-5.67,False
AAPL,2026-02-04,20,BUY,55,-5.77,False
AAPL,2026-02-05,5,BUY,55,-5.05,False
AAPL,2026-02-05,10,BUY,55,-4.02,False
AAPL,2026-02-05,20,BUY,55,-6.6,False
AAPL,2026-02-06,5,BUY,55,-7.95,False
AAPL,2026-02-06,10,BUY,55,-4.2,False
AAPL,2026-02-06,20,BUY,55,-6.47,False
AAPL,2026-02-09,5,BUY,55,-3.91,False
AAPL,2026-02-09,10,BUY,55,-0.9,False
AAPL,2026-02-09,20,BUY,55,-5.02,False
AAPL,2026-02-10,5,BUY,55,-3.41,False
AAPL,2026-02-10,10,BUY,55,0.2,True
AAPL,2026-02-10,20,BUY,55,-4.7,False
AAPL,2026-02-11,5,BUY,55,-5.42,False
AAPL,2026-02-11,10,BUY,55,-0.93,False
AAPL,2026-02-11,20,BUY,55,-7.17,False
AAPL,2026-02-12,5,BUY,55,1.09,True
AAPL,2026-02-12,10,BUY,55,0.94,True
AAPL,2026-02-12,20,BUY,55,-4.44,False
AAPL,2026-02-13,5,BUY,55,4.07,True
AAPL,2026-02-13,10,BUY,55,3.5,True
AAPL,2026-02-13,20,BUY,55,-1.16,False
AAPL,2026-02-17,5,BUY,55,3.13,True
AAPL,2026-02-17,10,BUY,55,-0.05,False
AAPL,2026-02-17,20,BUY,55,-3.66,False
AAPL,2026-02-18,5,BUY,55,3.74,True
AAPL,2026-02-18,10,BUY,55,-0.69,False
AAPL,2026-02-18,20,BUY,55,-5.45,False
AAPL,2026-02-19,5,BUY,55,4.75,True
AAPL,2026-02-19,10,BUY,55,-0.11,False
AAPL,2026-02-19,20,BUY,55,-4.46,False
AAPL,2026-02-20,5,BUY,55,-0.15,False
AAPL,2026-02-20,10,BUY,55,-2.69,False
AAPL,2026-02-20,20,BUY,55,-6.27,False
AAPL,2026-02-24,5,BUY,55,-3.08,False
AAPL,2026-02-24,10,BUY,55,-4.16,False
AAPL,2026-02-24,20,BUY,55,-7.53,False
AAPL,2026-02-25,5,BUY,55,-4.27,False
AAPL,2026-02-25,10,BUY,55,-4.89,False
AAPL,2026-02-25,20,BUY,55,-7.88,False
AAPL,2026-02-26,5,BUY,55,-4.64,False
AAPL,2026-02-26,10,BUY,55,-6.3,False
AAPL,2026-02-26,20,BUY,55,-7.35,False
AAPL,2026-02-27,5,BUY,55,-2.54,False
AAPL,2026-02-27,10,BUY,55,-5.32,False
AAPL,2026-02-27,20,BUY,55,-5.82,False
AAPL,2026-03-02,5,BUY,55,-1.83,False
AAPL,2026-03-02,10,BUY,55,-4.5,False
AAPL,2026-03-02,20,BUY,55,-6.83,False
AAPL,2026-03-03,5,BUY,55,-1.11,False
AAPL,2026-03-03,10,BUY,55,-3.61,False
AAPL,2026-03-03,20,BUY,55,-3.78,False
AAPL,2026-03-04,5,BUY,55,-0.65,False
AAPL,2026-03-04,10,BUY,55,-4.79,False
AAPL,2026-03-04,20,BUY,55,-2.62,False
AAPL,2026-03-05,5,BUY,55,-1.74,False
AAPL,2026-03-05,10,BUY,55,-4.35,False
AAPL,2026-03-05,20,BUY,55,-1.68,False
AAPL,2026-03-06,5,BUY,55,-2.85,False
AAPL,2026-03-06,10,BUY,55,-3.68,False
AAPL,2026-03-06,20,BUY,55,0.54,True
AAPL,2026-03-09,5,BUY,55,-2.72,False
AAPL,2026-03-09,10,BUY,55,-3.23,False
AAPL,2026-03-09,20,BUY,55,-2.45,False
AAPL,2026-03-10,5,BUY,55,-2.53,False
AAPL,2026-03-10,10,BUY,55,-3.52,False
AAPL,2026-03-10,20,BUY,55,-0.74,False
AAPL,2026-03-11,5,BUY,55,-4.17,False
AAPL,2026-03-11,10,BUY,55,-3.14,False
AAPL,2026-03-11,20,BUY,55,-0.12,False
AAPL,2026-03-12,5,BUY,55,-2.66,False
AAPL,2026-03-12,10,BUY,55,-1.12,False
AAPL,2026-03-12,20,BUY,55,1.85,True
AAPL,2026-03-13,5,BUY,55,-0.85,False
AAPL,2026-03-13,10,BUY,55,-0.53,False
AAPL,2026-03-13,20,BUY,55,3.63,True
MSFT,2022-01-27,5,BUY,55,0.47,True
MSFT,2022-01-27,10,BUY,55,0.85,True
MSFT,2022-01-27,20,BUY,55,-0.64,False
MSFT,2022-01-28,5,BUY,55,-0.75,False
MSFT,2022-01-28,10,BUY,55,-4.29,False
MSFT,2022-01-28,20,BUY,55,-2.87,False
MSFT,2022-01-31,5,BUY,55,-3.23,False
MSFT,2022-01-31,10,BUY,55,-5.14,False
MSFT,2022-01-31,20,BUY,55,-4.96,False
MSFT,2022-02-01,5,BUY,55,-1.36,False
MSFT,2022-02-01,10,BUY,55,-2.68,False
MSFT,2022-02-01,20,BUY,55,-2.57,False
MSFT,2022-02-02,5,BUY,55,-0.72,False
MSFT,2022-02-02,10,BUY,55,-4.26,False
MSFT,2022-02-02,20,BUY,55,-5.4,False
MSFT,2022-02-03,5,BUY,55,0.38,True
MSFT,2022-02-03,10,BUY,55,-3.29,False
MSFT,2022-02-03,20,BUY,55,-3.58,False
MSFT,2022-02-04,5,BUY,55,-3.56,False
MSFT,2022-02-04,10,BUY,55,-5.69,False
MSFT,2022-02-04,20,BUY,55,-8.65,False
MSFT,2022-02-07,5,BUY,55,-1.98,False
MSFT,2022-02-07,10,BUY,55,-4.2,False
MSFT,2022-02-07,20,BUY,55,-8.15,False
MSFT,2022-02-08,5,BUY,55,-1.34,False
MSFT,2022-02-08,10,BUY,55,-7.79,False
MSFT,2022-02-08,20,BUY,55,-5.08,False
MSFT,2022-02-09,5,BUY,55,-3.56,False
MSFT,2022-02-09,10,BUY,55,-5.14,False
MSFT,2022-02-09,20,BUY,55,-8.04,False
MSFT,2022-04-28,5,BUY,55,-4.24,False
MSFT,2022-04-28,10,BUY,55,-11.84,False
MSFT,2022-04-28,20,BUY,55,-7.98,False
MSFT,2022-04-29,5,BUY,55,-1.01,False
MSFT,2022-04-29,10,BUY,55,-5.91,False
MSFT,2022-04-29,20,BUY,55,-1.31,False
MSFT,2022-05-02,5,BUY,55,-6.99,False
MSFT,2022-05-02,10,BUY,55,-8.07,False
MSFT,2022-05-02,20,BUY,55,-4.21,False
MSFT,2022-05-03,5,BUY,55,-4.36,False
MSFT,2022-05-03,10,BUY,55,-5.31,False
MSFT,2022-05-03,20,BUY,55,-3.1,False
MSFT,2022-05-04,5,BUY,55,-10.15,False
MSFT,2022-05-04,10,BUY,55,-12.18,False
MSFT,2022-05-04,20,BUY,55,-5.09,False
MSFT,2022-05-05,5,BUY,55,-7.93,False
MSFT,2022-05-05,10,BUY,55,-8.52,False
MSFT,2022-05-05,20,BUY,55,-2.42,False
MSFT,2022-05-06,5,BUY,55,-4.95,False
MSFT,2022-05-06,10,BUY,55,-7.86,False
MSFT,2022-05-06,20,BUY,55,-1.95,False
MSFT,2022-05-09,5,BUY,55,-1.16,False
MSFT,2022-05-09,10,BUY,55,-1.26,False
MSFT,2022-05-09,20,BUY,55,3.23,True
MSFT,2022-05-10,5,BUY,55,-0.99,False
MSFT,2022-05-10,10,BUY,55,-3.44,False
MSFT,2022-05-10,20,BUY,55,0.57,True
MSFT,2022-05-11,5,BUY,55,-2.26,False
MSFT,2022-05-11,10,BUY,55,0.99,True
MSFT,2022-05-11,20,BUY,55,1.86,True
MSFT,2022-05-12,5,BUY,55,-0.63,False
MSFT,2022-05-12,10,BUY,55,4.37,True
MSFT,2022-05-12,20,BUY,55,-0.69,False
MSFT,2022-05-13,5,BUY,55,-3.05,False
MSFT,2022-05-13,10,BUY,55,4.89,True
MSFT,2022-05-13,20,BUY,55,-7.01,False
MSFT,2022-05-16,5,BUY,55,-0.09,False
MSFT,2022-05-16,10,BUY,55,4.21,True
MSFT,2022-05-16,20,BUY,55,-6.29,False
MSFT,2022-05-17,5,BUY,55,-2.47,False
MSFT,2022-05-17,10,BUY,55,2.34,True
MSFT,2022-05-17,20,BUY,55,-5.42,False
MSFT,2022-05-18,5,BUY,55,3.32,True
MSFT,2022-05-18,10,BUY,55,8.07,True
MSFT,2022-05-18,20,BUY,55,-3.59,False
MSFT,2022-05-19,5,BUY,55,5.04,True
MSFT,2022-05-19,10,BUY,55,6.67,True
MSFT,2022-05-19,20,BUY,55,-2.17,False
MSFT,2022-05-20,5,BUY,55,8.19,True
MSFT,2022-05-20,10,BUY,55,6.41,True
MSFT,2022-05-20,20,BUY,55,0.47,True
MSFT,2022-05-23,5,BUY,55,4.3,True
MSFT,2022-05-23,10,BUY,55,4.55,True
MSFT,2022-05-23,20,BUY,55,-2.89,False
MSFT,2022-05-24,5,BUY,55,4.93,True
MSFT,2022-05-24,10,BUY,55,4.16,True
MSFT,2022-05-24,20,BUY,55,-0.29,False
MSFT,2022-05-25,5,BUY,55,4.59,True
MSFT,2022-05-25,10,BUY,55,0.86,True
MSFT,2022-05-25,20,BUY,55,1.97,True
MSFT,2022-09-06,5,BUY,55,-0.5,False
MSFT,2022-09-06,10,BUY,55,-4.26,False
MSFT,2022-09-06,20,BUY,55,-1.73,False
MSFT,2022-09-07,5,BUY,55,-2.27,False
MSFT,2022-09-07,10,BUY,55,-7.42,False
MSFT,2022-09-07,20,BUY,55,-3.44,False
MSFT,2022-09-08,5,BUY,55,-5.08,False
MSFT,2022-09-08,10,BUY,55,-6.78,False
MSFT,2022-09-08,20,BUY,55,-4.54,False
MSFT,2022-09-09,5,BUY,55,-7.46,False
MSFT,2022-09-09,10,BUY,55,-10.04,False
MSFT,2022-09-09,20,BUY,55,-11.43,False
MSFT,2022-09-12,5,BUY,55,-8.3,False
MSFT,2022-09-12,10,BUY,55,-10.95,False
MSFT,2022-09-12,20,BUY,55,-14.03,False
MSFT,2022-09-13,5,BUY,55,-3.79,False
MSFT,2022-09-13,10,BUY,55,-6.18,False
MSFT,2022-09-13,20,BUY,55,-10.55,False
MSFT,2022-09-15,5,BUY,55,-1.79,False
MSFT,2022-09-15,10,BUY,55,-3.21,False
MSFT,2022-09-15,20,BUY,55,-4.54,False
MSFT,2022-09-16,5,BUY,55,-2.79,False
MSFT,2022-09-16,10,BUY,55,-4.84,False
MSFT,2022-09-16,20,BUY,55,-6.61,False
MSFT,2022-09-19,5,BUY,55,-2.89,False
MSFT,2022-09-19,10,BUY,55,-1.55,False
MSFT,2022-09-19,20,BUY,55,-2.86,False
MSFT,2022-09-20,5,BUY,55,-2.49,False
MSFT,2022-09-20,10,BUY,55,2.65,True
MSFT,2022-09-20,20,BUY,55,-1.63,False
MSFT,2022-09-21,5,BUY,55,0.89,True
MSFT,2022-09-21,10,BUY,55,4.29,True
MSFT,2022-09-21,20,BUY,55,-1.03,False
MSFT,2022-09-22,5,BUY,55,-1.44,False
MSFT,2022-09-22,10,BUY,55,2.41,True
MSFT,2022-09-22,20,BUY,55,-2.0,False
MSFT,2022-09-23,5,BUY,55,-2.11,False
MSFT,2022-09-23,10,BUY,55,-1.55,False
MSFT,2022-09-23,20,BUY,55,1.77,True
MSFT,2022-09-26,5,BUY,55,1.39,True
MSFT,2022-09-26,10,BUY,55,-3.45,False
MSFT,2022-09-26,20,BUY,55,4.13,True
MSFT,2022-09-27,5,BUY,55,5.27,True
MSFT,2022-09-27,10,BUY,55,-4.65,False
MSFT,2022-09-27,20,BUY,55,6.03,True
MSFT,2022-09-28,5,BUY,55,3.37,True
MSFT,2022-09-28,10,BUY,55,-6.36,False
MSFT,2022-09-28,20,BUY,55,-4.04,False
MSFT,2022-09-29,5,BUY,55,3.91,True
MSFT,2022-09-29,10,BUY,55,-1.37,False
MSFT,2022-09-29,20,BUY,55,-4.53,False
MSFT,2022-09-30,5,BUY,55,0.58,True
MSFT,2022-09-30,10,BUY,55,-1.86,False
MSFT,2022-09-30,20,BUY,55,1.28,True
MSFT,2022-10-03,5,BUY,55,-4.77,False
MSFT,2022-10-03,10,BUY,55,-1.33,False
MSFT,2022-10-03,20,BUY,55,-3.58,False
MSFT,2022-10-04,5,BUY,55,-9.43,False
MSFT,2022-10-04,10,BUY,55,-4.17,False
MSFT,2022-10-04,20,BUY,55,-8.32,False
MSFT,2022-10-05,5,BUY,55,-9.41,False
MSFT,2022-10-05,10,BUY,55,-5.1,False
MSFT,2022-10-05,20,BUY,55,-11.68,False
MSFT,2022-10-06,5,BUY,55,-5.09,False
MSFT,2022-10-06,10,BUY,55,-4.31,False
MSFT,2022-10-06,20,BUY,55,-13.19,False
MSFT,2022-10-07,5,BUY,55,-2.42,False
MSFT,2022-10-07,10,BUY,55,3.36,True
MSFT,2022-10-07,20,BUY,55,-5.49,False
MSFT,2022-10-10,5,BUY,55,3.61,True
MSFT,2022-10-10,10,BUY,55,7.85,True
MSFT,2022-10-10,20,BUY,55,-0.6,False
MSFT,2022-10-11,5,BUY,55,5.81,True
MSFT,2022-10-11,10,BUY,55,11.2,True
MSFT,2022-10-11,20,BUY,55,1.53,True
MSFT,2022-10-12,5,BUY,55,4.75,True
MSFT,2022-10-12,10,BUY,55,2.47,True
MSFT,2022-10-12,20,BUY,55,-0.55,False
MSFT,2022-10-13,5,BUY,55,0.82,True
MSFT,2022-10-13,10,BUY,55,-3.2,False
MSFT,2022-10-13,20,BUY,55,3.73,True
MSFT,2022-10-14,5,BUY,55,5.93,True
MSFT,2022-10-14,10,BUY,55,3.2,True
MSFT,2022-10-14,20,BUY,55,8.12,True
MSFT,2022-10-17,5,BUY,55,4.09,True
MSFT,2022-10-17,10,BUY,55,-2.27,False
MSFT,2022-10-17,20,BUY,55,1.69,True
MSFT,2022-10-18,5,BUY,55,5.1,True
MSFT,2022-10-18,10,BUY,55,-4.33,False
MSFT,2022-10-18,20,BUY,55,1.45,True
MSFT,2022-10-27,5,BUY,55,-5.51,False
MSFT,2022-10-27,10,BUY,55,7.16,True
MSFT,2022-10-27,20,BUY,55,9.45,True
MSFT,2022-10-28,5,BUY,55,-6.14,False
MSFT,2022-10-28,10,BUY,55,4.77,True
MSFT,2022-10-28,20,BUY,55,2.79,True
MSFT,2022-10-31,5,BUY,55,-1.84,False
MSFT,2022-10-31,10,BUY,55,4.06,True
MSFT,2022-10-31,20,BUY,55,3.82,True
MSFT,2022-11-01,5,BUY,55,0.31,True
MSFT,2022-11-01,10,BUY,55,6.05,True
MSFT,2022-11-01,20,BUY,55,12.14,True
MSFT,2022-11-02,5,BUY,55,2.0,True
MSFT,2022-11-02,10,BUY,55,10.14,True
MSFT,2022-11-02,20,BUY,55,16.04,True
MSFT,2022-11-03,5,BUY,55,13.41,True
MSFT,2022-11-03,10,BUY,55,13.12,True
MSFT,2022-11-03,20,BUY,55,19.36,True
MSFT,2022-11-04,5,BUY,55,11.62,True
MSFT,2022-11-04,10,BUY,55,9.26,True
MSFT,2022-11-04,20,BUY,55,13.33,True
MSFT,2022-11-07,5,BUY,55,6.0,True
MSFT,2022-11-07,10,BUY,55,6.52,True
MSFT,2022-11-07,20,BUY,55,7.87,True
MSFT,2022-11-08,5,BUY,55,5.72,True
MSFT,2022-11-08,10,BUY,55,7.36,True
MSFT,2022-11-08,20,BUY,55,7.07,True
MSFT,2022-11-09,5,BUY,55,7.97,True
MSFT,2022-11-09,10,BUY,55,10.59,True
MSFT,2022-11-09,20,BUY,55,10.51,True
MSFT,2022-11-10,5,BUY,55,-0.25,False
MSFT,2022-11-10,10,BUY,55,2.14,True
MSFT,2022-11-10,20,BUY,55,1.29,True
MSFT,2022-11-11,5,BUY,55,-2.11,False
MSFT,2022-11-11,10,BUY,55,-1.89,False
MSFT,2022-11-11,20,BUY,55,2.47,True
MSFT,2022-11-14,5,BUY,55,0.49,True
MSFT,2022-11-14,10,BUY,55,-0.22,False
MSFT,2022-11-14,20,BUY,55,6.66,True
MSFT,2022-11-15,5,BUY,55,1.55,True
MSFT,2022-11-15,10,BUY,55,5.74,True
MSFT,2022-11-15,20,BUY,55,6.6,True
MSFT,2022-11-16,5,BUY,55,2.42,True
MSFT,2022-11-16,10,BUY,55,5.36,True
MSFT,2022-11-16,20,BUY,55,3.01,True
MSFT,2022-11-17,5,BUY,55,2.4,True
MSFT,2022-11-17,10,BUY,55,5.52,True
MSFT,2022-11-17,20,BUY,55,1.25,True
MSFT,2022-11-18,5,BUY,55,0.22,True
MSFT,2022-11-18,10,BUY,55,3.72,True
MSFT,2022-11-18,20,BUY,55,-0.32,False
MSFT,2022-12-19,5,BUY,55,-1.45,False
MSFT,2022-12-19,10,BUY,55,-4.72,False
MSFT,2022-12-19,20,BUY,55,-3.54,False
MSFT,2022-12-20,5,BUY,55,-3.01,False
MSFT,2022-12-20,10,BUY,55,-8.06,False
MSFT,2022-12-20,20,BUY,55,-0.65,False
MSFT,2022-12-21,5,BUY,55,-1.4,False
MSFT,2022-12-21,10,BUY,55,-7.98,False
MSFT,2022-12-21,20,BUY,55,-0.76,False
MSFT,2022-12-22,5,BUY,55,0.68,True
MSFT,2022-12-22,10,BUY,55,-4.65,False
MSFT,2022-12-22,20,BUY,55,1.62,True
MSFT,2022-12-23,5,BUY,55,0.36,True
MSFT,2022-12-23,10,BUY,55,-4.14,False
MSFT,2022-12-23,20,BUY,55,0.79,True
MSFT,2022-12-27,5,BUY,55,-3.32,False
MSFT,2022-12-27,10,BUY,55,-0.5,False
MSFT,2022-12-27,20,BUY,55,4.66,True
MSFT,2022-12-28,5,BUY,55,-5.21,False
MSFT,2022-12-28,10,BUY,55,1.7,True
MSFT,2022-12-28,20,BUY,55,5.81,True
MSFT,2022-12-29,5,BUY,55,-6.67,False
MSFT,2022-12-29,10,BUY,55,-0.74,False
MSFT,2022-12-29,20,BUY,55,0.71,True
MSFT,2023-01-05,5,BUY,55,7.29,True
MSFT,2023-01-05,10,BUY,55,8.06,True
MSFT,2023-01-05,20,BUY,55,16.21,True
MSFT,2023-01-06,5,BUY,55,6.36,True
MSFT,2023-01-06,10,BUY,55,7.85,True
MSFT,2023-01-06,20,BUY,55,14.16,True
MSFT,2023-01-09,5,BUY,55,5.83,True
MSFT,2023-01-09,10,BUY,55,6.57,True
MSFT,2023-01-09,20,BUY,55,17.81,True
MSFT,2023-01-11,5,BUY,55,-1.63,False
MSFT,2023-01-11,10,BUY,55,5.19,True
MSFT,2023-01-11,20,BUY,55,11.81,True
MSFT,2023-01-12,5,BUY,55,0.72,True
MSFT,2023-01-12,10,BUY,55,4.05,True
MSFT,2023-01-12,20,BUY,55,10.31,True
MSFT,2023-01-13,5,BUY,55,1.4,True
MSFT,2023-01-13,10,BUY,55,1.45,True
MSFT,2023-01-13,20,BUY,55,13.41,True
MSFT,2023-01-17,5,BUY,55,0.7,True
MSFT,2023-01-17,10,BUY,55,3.1,True
MSFT,2023-01-17,20,BUY,55,13.24,True
MSFT,2023-01-27,5,BUY,55,4.11,True
MSFT,2023-01-27,10,BUY,55,6.02,True
MSFT,2023-01-27,20,BUY,55,1.06,True
MSFT,2023-01-30,5,BUY,55,5.79,True
MSFT,2023-01-30,10,BUY,55,11.79,True
MSFT,2023-01-30,20,BUY,55,3.02,True
MSFT,2023-01-31,5,BUY,55,7.97,True
MSFT,2023-01-31,10,BUY,55,9.83,True
MSFT,2023-01-31,20,BUY,55,-0.37,False
MSFT,2023-02-01,5,BUY,55,5.53,True
MSFT,2023-02-01,10,BUY,55,6.82,True
MSFT,2023-02-01,20,BUY,55,-0.4,False
MSFT,2023-02-02,5,BUY,55,-0.37,False
MSFT,2023-02-02,10,BUY,55,-0.68,False
MSFT,2023-02-02,20,BUY,55,-3.28,False
MSFT,2023-02-03,5,BUY,55,1.84,True
MSFT,2023-02-03,10,BUY,55,0.14,True
MSFT,2023-02-03,20,BUY,55,-0.32,False
MSFT,2023-02-06,5,BUY,55,5.67,True
MSFT,2023-02-06,10,BUY,55,-1.35,False
MSFT,2023-02-06,20,BUY,55,-0.77,False
MSFT,2023-02-14,5,BUY,55,-7.36,False
MSFT,2023-02-14,10,BUY,55,-9.29,False
MSFT,2023-02-14,20,BUY,55,-2.23,False
MSFT,2023-02-15,5,BUY,55,-5.4,False
MSFT,2023-02-15,10,BUY,55,-6.76,False
MSFT,2023-02-15,20,BUY,55,2.55,True
MSFT,2023-02-16,5,BUY,55,-4.93,False
MSFT,2023-02-16,10,BUY,55,-2.62,False
MSFT,2023-02-16,20,BUY,55,6.59,True
MSFT,2023-02-17,5,BUY,55,-3.06,False
MSFT,2023-02-17,10,BUY,55,-0.46,False
MSFT,2023-02-17,20,BUY,55,5.49,True
MSFT,2023-02-21,5,BUY,55,-1.29,False
MSFT,2023-02-21,10,BUY,55,0.59,True
MSFT,2023-02-21,20,BUY,55,8.35,True
MSFT,2023-02-22,5,BUY,55,-2.08,False
MSFT,2023-02-22,10,BUY,55,0.87,True
MSFT,2023-02-22,20,BUY,55,8.26,True
MSFT,2023-03-21,5,BUY,55,0.53,True
MSFT,2023-03-21,10,BUY,55,4.89,True
MSFT,2023-03-21,20,BUY,55,5.36,True
MSFT,2023-03-22,5,BUY,55,3.02,True
MSFT,2023-03-22,10,BUY,55,4.43,True
MSFT,2023-03-22,20,BUY,55,5.08,True
MSFT,2023-03-23,5,BUY,55,2.3,True
MSFT,2023-03-23,10,BUY,55,5.02,True
MSFT,2023-03-23,20,BUY,55,2.92,True
MSFT,2023-03-24,5,BUY,55,2.76,True
MSFT,2023-03-24,10,BUY,55,3.14,True
MSFT,2023-03-24,20,BUY,55,0.43,True
MSFT,2023-03-27,5,BUY,55,3.93,True
MSFT,2023-03-27,10,BUY,55,2.33,True
MSFT,2023-03-27,20,BUY,55,-0.35,False
MSFT,2023-03-28,5,BUY,55,4.34,True
MSFT,2023-03-28,10,BUY,55,3.0,True
MSFT,2023-03-28,20,BUY,55,7.32,True
MSFT,2023-03-29,5,BUY,55,1.37,True
MSFT,2023-03-29,10,BUY,55,3.33,True
MSFT,2023-03-29,20,BUY,55,8.67,True
MSFT,2023-05-01,5,BUY,55,1.01,True
MSFT,2023-05-01,10,BUY,55,1.28,True
MSFT,2023-05-01,20,BUY,55,8.63,True
MSFT,2023-05-02,5,BUY,55,0.52,True
MSFT,2023-05-02,10,BUY,55,2.07,True
MSFT,2023-05-02,20,BUY,55,7.76,True
MSFT,2023-05-03,5,BUY,55,2.6,True
MSFT,2023-05-03,10,BUY,55,3.38,True
MSFT,2023-05-03,20,BUY,55,9.5,True
MSFT,2023-05-04,5,BUY,55,1.54,True
MSFT,2023-05-04,10,BUY,55,4.52,True
MSFT,2023-05-04,20,BUY,55,10.06,True
MSFT,2023-05-05,5,BUY,55,-0.54,False
MSFT,2023-05-05,10,BUY,55,2.7,True
MSFT,2023-05-05,20,BUY,55,8.38,True
MSFT,2023-06-07,5,BUY,55,4.32,True
MSFT,2023-06-07,10,BUY,55,5.05,True
MSFT,2023-06-07,20,BUY,55,4.28,True
MSFT,2023-06-08,5,BUY,55,7.02,True
MSFT,2023-06-08,10,BUY,55,3.0,True
MSFT,2023-06-08,20,BUY,55,2.02,True
MSFT,2023-06-09,5,BUY,55,4.76,True
MSFT,2023-06-09,10,BUY,55,0.55,True
MSFT,2023-06-09,20,BUY,55,1.74,True
MSFT,2023-06-20,5,BUY,55,-1.03,False
MSFT,2023-06-20,10,BUY,55,0.03,True
MSFT,2023-06-20,20,BUY,55,5.04,True
MSFT,2023-06-21,5,BUY,55,0.69,True
MSFT,2023-06-21,10,BUY,55,2.31,True
MSFT,2023-06-21,20,BUY,55,3.99,True
MSFT,2023-06-22,5,BUY,55,-1.37,False
MSFT,2023-06-22,10,BUY,55,-0.73,False
MSFT,2023-06-22,20,BUY,55,1.2,True
MSFT,2023-06-23,5,BUY,55,1.65,True
MSFT,2023-06-23,10,BUY,55,-0.95,False
MSFT,2023-06-23,20,BUY,55,3.01,True
MSFT,2023-06-26,5,BUY,55,2.86,True
MSFT,2023-06-26,10,BUY,55,1.18,True
MSFT,2023-06-26,20,BUY,55,6.81,True
MSFT,2023-07-24,5,BUY,55,-2.66,False
MSFT,2023-07-24,10,BUY,55,-4.35,False
MSFT,2023-07-24,20,BUY,55,-6.53,False
MSFT,2023-07-25,5,BUY,55,-4.17,False
MSFT,2023-07-25,10,BUY,55,-7.1,False
MSFT,2023-07-25,20,BUY,55,-7.93,False
MSFT,2023-07-26,5,BUY,55,-3.04,False
MSFT,2023-07-26,10,BUY,55,-4.6,False
MSFT,2023-07-26,20,BUY,55,-2.98,False
MSFT,2023-07-27,5,BUY,55,-1.23,False
MSFT,2023-07-27,10,BUY,55,-2.36,False
MSFT,2023-07-27,20,BUY,55,-3.05,False
MSFT,2023-07-28,5,BUY,55,-3.13,False
MSFT,2023-07-28,10,BUY,55,-5.13,False
MSFT,2023-07-28,20,BUY,55,-4.35,False
MSFT,2023-07-31,5,BUY,55,-1.73,False
MSFT,2023-07-31,10,BUY,55,-3.54,False
MSFT,2023-07-31,20,BUY,55,-3.43,False
MSFT,2023-08-01,5,BUY,55,-3.06,False
MSFT,2023-08-01,10,BUY,55,-4.31,False
MSFT,2023-08-01,20,BUY,55,-2.15,False
MSFT,2023-08-02,5,BUY,55,-1.61,False
MSFT,2023-08-02,10,BUY,55,-1.96,False
MSFT,2023-08-02,20,BUY,55,0.61,True
MSFT,2023-08-03,5,BUY,55,-1.14,False
MSFT,2023-08-03,10,BUY,55,-2.79,False
MSFT,2023-08-03,20,BUY,55,0.55,True
MSFT,2023-08-04,5,BUY,55,-2.07,False
MSFT,2023-08-04,10,BUY,55,-3.24,False
MSFT,2023-08-04,20,BUY,55,0.48,True
MSFT,2023-08-07,5,BUY,55,-1.84,False
MSFT,2023-08-07,10,BUY,55,-2.29,False
MSFT,2023-08-07,20,BUY,55,1.26,True
MSFT,2023-08-08,5,BUY,55,-1.29,False
MSFT,2023-08-08,10,BUY,55,-0.89,False
MSFT,2023-08-08,20,BUY,55,2.31,True
MSFT,2023-08-09,5,BUY,55,-0.36,False
MSFT,2023-08-09,10,BUY,55,1.7,True
MSFT,2023-08-09,20,BUY,55,2.6,True
MSFT,2023-09-22,5,BUY,55,-0.4,False
MSFT,2023-09-22,10,BUY,55,3.23,True
MSFT,2023-09-22,20,BUY,55,3.05,True
MSFT,2023-09-25,5,BUY,55,1.34,True
MSFT,2023-09-25,10,BUY,55,3.87,True
MSFT,2023-09-25,20,BUY,55,3.71,True
MSFT,2023-09-26,5,BUY,55,0.4,True
MSFT,2023-09-26,10,BUY,55,5.21,True
MSFT,2023-09-26,20,BUY,55,5.89,True
MSFT,2023-09-27,5,BUY,55,1.97,True
MSFT,2023-09-27,10,BUY,55,6.28,True
MSFT,2023-09-27,20,BUY,55,8.91,True
MSFT,2023-09-28,5,BUY,55,1.82,True
MSFT,2023-09-28,10,BUY,55,5.59,True
MSFT,2023-09-28,20,BUY,55,4.54,True
MSFT,2023-09-29,5,BUY,55,3.65,True
MSFT,2023-09-29,10,BUY,55,3.79,True
MSFT,2023-09-29,20,BUY,55,4.45,True
MSFT,2023-10-02,5,BUY,55,2.49,True
MSFT,2023-10-02,10,BUY,55,3.37,True
MSFT,2023-10-02,20,BUY,55,4.82,True
MSFT,2023-10-03,5,BUY,55,4.79,True
MSFT,2023-10-03,10,BUY,55,5.96,True
MSFT,2023-10-03,20,BUY,55,7.89,True
MSFT,2023-10-04,5,BUY,55,4.22,True
MSFT,2023-10-04,10,BUY,55,3.5,True
MSFT,2023-10-04,20,BUY,55,8.5,True
MSFT,2023-10-05,5,BUY,55,3.69,True
MSFT,2023-10-05,10,BUY,55,3.74,True
MSFT,2023-10-05,20,BUY,55,9.07,True
MSFT,2023-10-06,5,BUY,55,0.14,True
MSFT,2023-10-06,10,BUY,55,-0.18,False
MSFT,2023-10-06,20,BUY,55,7.8,True
MSFT,2023-10-09,5,BUY,55,0.86,True
MSFT,2023-10-09,10,BUY,55,-0.15,False
MSFT,2023-10-09,20,BUY,55,8.1,True
MSFT,2023-10-26,5,BUY,55,6.23,True
MSFT,2023-10-26,10,BUY,55,10.0,True
MSFT,2023-10-26,20,BUY,55,15.34,True
MSFT,2023-10-27,5,BUY,55,6.97,True
MSFT,2023-10-27,10,BUY,55,12.09,True
MSFT,2023-10-27,20,BUY,55,15.03,True
MSFT,2023-10-30,5,BUY,55,5.7,True
MSFT,2023-10-30,10,BUY,55,8.71,True
MSFT,2023-10-30,20,BUY,55,13.69,True
MSFT,2023-10-31,5,BUY,55,6.63,True
MSFT,2023-10-31,10,BUY,55,9.51,True
MSFT,2023-10-31,20,BUY,55,12.28,True
MSFT,2023-11-01,5,BUY,55,4.95,True
MSFT,2023-11-01,10,BUY,55,7.04,True
MSFT,2023-11-01,20,BUY,55,9.71,True
MSFT,2023-11-02,5,BUY,55,3.55,True
MSFT,2023-11-02,10,BUY,55,8.21,True
MSFT,2023-11-02,20,BUY,55,7.74,True
MSFT,2023-11-03,5,BUY,55,4.78,True
MSFT,2023-11-03,10,BUY,55,5.05,True
MSFT,2023-11-03,20,BUY,55,4.84,True
MSFT,2023-11-06,5,BUY,55,2.85,True
MSFT,2023-11-06,10,BUY,55,6.08,True
MSFT,2023-11-06,20,BUY,55,4.7,True
MSFT,2023-11-21,5,BUY,55,1.55,True
MSFT,2023-11-21,10,BUY,55,-1.14,False
MSFT,2023-11-21,20,BUY,55,-0.66,False
MSFT,2023-11-22,5,BUY,55,0.28,True
MSFT,2023-11-22,10,BUY,55,-1.83,False
MSFT,2023-11-22,20,BUY,55,-1.14,False
MSFT,2023-12-07,5,BUY,55,-1.35,False
MSFT,2023-12-07,10,BUY,55,0.7,True
MSFT,2023-12-07,20,BUY,55,1.01,True
MSFT,2023-12-08,5,BUY,55,-0.94,False
MSFT,2023-12-08,10,BUY,55,0.09,True
MSFT,2023-12-08,20,BUY,55,0.42,True
MSFT,2023-12-11,5,BUY,55,0.36,True
MSFT,2023-12-11,10,BUY,55,0.9,True
MSFT,2023-12-11,20,BUY,55,3.09,True
MSFT,2023-12-18,5,BUY,55,0.54,True
MSFT,2023-12-18,10,BUY,55,-0.55,False
MSFT,2023-12-18,20,BUY,55,5.69,True
MSFT,2023-12-19,5,BUY,55,0.22,True
MSFT,2023-12-19,10,BUY,55,-1.43,False
MSFT,2023-12-19,20,BUY,55,6.81,True
MSFT,2023-12-20,5,BUY,55,1.26,True
MSFT,2023-12-20,10,BUY,55,-0.77,False
MSFT,2023-12-20,20,BUY,55,6.99,True
MSFT,2023-12-21,5,BUY,55,0.67,True
MSFT,2023-12-21,10,BUY,55,0.31,True
MSFT,2023-12-21,20,BUY,55,6.79,True
MSFT,2023-12-22,5,BUY,55,-0.99,False
MSFT,2023-12-22,10,BUY,55,0.32,True
MSFT,2023-12-22,20,BUY,55,7.47,True
MSFT,2024-01-31,5,BUY,55,4.14,True
MSFT,2024-01-31,10,BUY,55,3.19,True
MSFT,2024-01-31,20,BUY,55,4.23,True
MSFT,2024-02-01,5,BUY,55,2.56,True
MSFT,2024-02-01,10,BUY,55,0.87,True
MSFT,2024-02-01,20,BUY,55,3.09,True
MSFT,2024-02-02,5,BUY,55,2.27,True
MSFT,2024-02-02,10,BUY,55,-1.56,False
MSFT,2024-02-02,20,BUY,55,1.09,True
MSFT,2024-02-05,5,BUY,55,2.37,True
MSFT,2024-02-05,10,BUY,55,-0.52,False
MSFT,2024-02-05,20,BUY,55,-0.56,False
MSFT,2024-02-06,5,BUY,55,0.2,True
MSFT,2024-02-06,10,BUY,55,-0.63,False
MSFT,2024-02-06,20,BUY,55,-0.66,False
MSFT,2024-02-07,5,BUY,55,-0.92,False
MSFT,2024-02-07,10,BUY,55,-0.4,False
MSFT,2024-02-07,20,BUY,55,-1.0,False
MSFT,2024-02-08,5,BUY,55,-1.64,False
MSFT,2024-02-08,10,BUY,55,-0.73,False
MSFT,2024-02-08,20,BUY,55,-1.72,False
MSFT,2024-04-26,5,BUY,55,0.08,True
MSFT,2024-04-26,10,BUY,55,2.07,True
MSFT,2024-04-26,20,BUY,55,6.06,True
MSFT,2024-04-30,5,BUY,55,5.14,True
MSFT,2024-04-30,10,BUY,55,6.99,True
MSFT,2024-04-30,20,BUY,55,10.43,True
MSFT,2024-05-01,5,BUY,55,3.95,True
MSFT,2024-05-01,10,BUY,55,7.32,True
MSFT,2024-05-01,20,BUY,55,5.19,True
MSFT,2024-05-02,5,BUY,55,3.64,True
MSFT,2024-05-02,10,BUY,55,6.01,True
MSFT,2024-05-02,20,BUY,55,4.53,True
MSFT,2024-05-03,5,BUY,55,1.99,True
MSFT,2024-05-03,10,BUY,55,3.52,True
MSFT,2024-05-03,20,BUY,55,1.87,True
MSFT,2024-05-06,5,BUY,55,0.04,True
MSFT,2024-05-06,10,BUY,55,3.04,True
MSFT,2024-05-06,20,BUY,55,0.79,True
MSFT,2024-05-07,5,BUY,55,1.76,True
MSFT,2024-05-07,10,BUY,55,5.0,True
MSFT,2024-05-07,20,BUY,55,3.77,True
MSFT,2024-05-08,5,BUY,55,3.24,True
MSFT,2024-05-08,10,BUY,55,5.06,True
MSFT,2024-05-08,20,BUY,55,3.59,True
MSFT,2024-05-09,5,BUY,55,2.29,True
MSFT,2024-05-09,10,BUY,55,3.75,True
MSFT,2024-05-09,20,BUY,55,2.98,True
MSFT,2024-06-07,5,BUY,55,4.42,True
MSFT,2024-06-07,10,BUY,55,5.62,True
MSFT,2024-06-07,20,BUY,55,8.42,True
MSFT,2024-06-10,5,BUY,55,4.79,True
MSFT,2024-06-10,10,BUY,55,5.39,True
MSFT,2024-06-10,20,BUY,55,8.97,True
MSFT,2024-06-11,5,BUY,55,3.16,True
MSFT,2024-06-11,10,BUY,55,4.5,True
MSFT,2024-06-11,20,BUY,55,5.09,True
MSFT,2024-07-17,5,BUY,55,-3.3,False
MSFT,2024-07-17,10,BUY,55,-5.68,False
MSFT,2024-07-17,20,BUY,55,-6.01,False
MSFT,2024-07-18,5,BUY,55,-4.99,False
MSFT,2024-07-18,10,BUY,55,-5.28,False
MSFT,2024-07-18,20,BUY,55,-4.22,False
MSFT,2024-07-19,5,BUY,55,-2.71,False
MSFT,2024-07-19,10,BUY,55,-6.55,False
MSFT,2024-07-19,20,BUY,55,-4.09,False
MSFT,2024-07-22,5,BUY,55,-3.66,False
MSFT,2024-07-22,10,BUY,55,-10.79,False
MSFT,2024-07-22,20,BUY,55,-4.66,False
MSFT,2024-07-25,5,BUY,55,-0.31,False
MSFT,2024-07-25,10,BUY,55,-3.75,False
MSFT,2024-07-25,20,BUY,55,-0.5,False
MSFT,2024-07-26,5,BUY,55,-3.95,False
MSFT,2024-07-26,10,BUY,55,-4.53,False
MSFT,2024-07-26,20,BUY,55,-1.82,False
MSFT,2024-07-29,5,BUY,55,-7.4,False
MSFT,2024-07-29,10,BUY,55,-4.67,False
MSFT,2024-07-29,20,BUY,55,-2.93,False
MSFT,2024-07-30,5,BUY,55,-5.51,False
MSFT,2024-07-30,10,BUY,55,-2.11,False
MSFT,2024-07-30,20,BUY,55,-1.97,False
MSFT,2024-07-31,5,BUY,55,-4.76,False
MSFT,2024-07-31,10,BUY,55,-0.36,False
MSFT,2024-07-31,20,BUY,55,-1.68,False
MSFT,2024-08-01,5,BUY,55,-3.46,False
MSFT,2024-08-01,10,BUY,55,1.12,True
MSFT,2024-08-01,20,BUY,55,-0.78,False
MSFT,2024-08-02,5,BUY,55,-0.6,False
MSFT,2024-08-02,10,BUY,55,2.63,True
MSFT,2024-08-02,20,BUY,55,2.3,True
MSFT,2024-08-06,5,BUY,55,3.6,True
MSFT,2024-08-06,10,BUY,55,6.5,True
MSFT,2024-08-06,20,BUY,55,2.51,True
MSFT,2024-08-07,5,BUY,55,4.63,True
MSFT,2024-08-07,10,BUY,55,6.64,True
MSFT,2024-08-07,20,BUY,55,2.68,True
MSFT,2024-08-08,5,BUY,55,4.74,True
MSFT,2024-08-08,10,BUY,55,3.38,True
MSFT,2024-08-08,20,BUY,55,-0.07,False
MSFT,2024-08-09,5,BUY,55,3.25,True
MSFT,2024-08-09,10,BUY,55,2.84,True
MSFT,2024-08-09,20,BUY,55,0.11,True
MSFT,2024-08-12,5,BUY,55,3.81,True
MSFT,2024-08-12,10,BUY,55,1.83,True
MSFT,2024-08-12,20,BUY,55,2.0,True
MSFT,2024-08-13,5,BUY,55,2.79,True
MSFT,2024-08-13,10,BUY,55,0.14,True
MSFT,2024-08-13,20,BUY,55,2.37,True
MSFT,2024-08-14,5,BUY,55,1.93,True
MSFT,2024-08-14,10,BUY,55,-1.32,False
MSFT,2024-08-14,20,BUY,55,2.62,True
MSFT,2024-08-15,5,BUY,55,-1.3,False
MSFT,2024-08-15,10,BUY,55,-1.88,False
MSFT,2024-08-15,20,BUY,55,2.27,True
MSFT,2024-08-16,5,BUY,55,-0.4,False
MSFT,2024-08-16,10,BUY,55,-0.32,False
MSFT,2024-08-16,20,BUY,55,3.08,True
MSFT,2024-09-25,5,BUY,55,-3.47,False
MSFT,2024-09-25,10,BUY,55,-3.39,False
MSFT,2024-09-25,20,BUY,55,-1.74,False
MSFT,2024-09-26,5,BUY,55,-3.42,False
MSFT,2024-09-26,10,BUY,55,-3.59,False
MSFT,2024-09-26,20,BUY,55,-1.53,False
MSFT,2024-09-27,5,BUY,55,-2.79,False
MSFT,2024-09-27,10,BUY,55,-2.73,False
MSFT,2024-09-27,20,BUY,55,0.03,True
MSFT,2024-09-30,5,BUY,55,-4.82,False
MSFT,2024-09-30,10,BUY,55,-2.59,False
MSFT,2024-09-30,20,BUY,55,-0.86,False
MSFT,2024-10-01,5,BUY,55,-1.42,False
MSFT,2024-10-01,10,BUY,55,-0.46,False
MSFT,2024-10-01,20,BUY,55,2.68,True
MSFT,2024-10-02,5,BUY,55,0.08,True
MSFT,2024-10-02,10,BUY,55,-0.24,False
MSFT,2024-10-02,20,BUY,55,3.69,True
MSFT,2024-10-07,5,BUY,55,2.34,True
MSFT,2024-10-07,10,BUY,55,2.26,True
MSFT,2024-10-07,20,BUY,55,-0.26,False
MSFT,2024-10-09,5,BUY,55,-0.32,False
MSFT,2024-10-09,10,BUY,55,1.71,True
MSFT,2024-10-09,20,BUY,55,0.65,True
MSFT,2024-10-10,5,BUY,55,0.21,True
MSFT,2024-10-10,10,BUY,55,2.14,True
MSFT,2024-10-10,20,BUY,55,2.31,True
MSFT,2024-10-11,5,BUY,55,0.44,True
MSFT,2024-10-11,10,BUY,55,2.84,True
MSFT,2024-10-11,20,BUY,55,1.49,True
MSFT,2024-10-15,5,BUY,55,2.09,True
MSFT,2024-10-15,10,BUY,55,3.15,True
MSFT,2024-10-15,20,BUY,55,1.02,True
MSFT,2024-10-16,5,BUY,55,2.04,True
MSFT,2024-10-16,10,BUY,55,3.94,True
MSFT,2024-10-16,20,BUY,55,2.18,True
MSFT,2024-10-31,5,BUY,55,4.7,True
MSFT,2024-10-31,10,BUY,55,5.05,True
MSFT,2024-10-31,20,BUY,55,4.42,True
MSFT,2024-11-01,5,BUY,55,2.97,True
MSFT,2024-11-01,10,BUY,55,1.13,True
MSFT,2024-11-01,20,BUY,55,5.23,True
MSFT,2024-11-04,5,BUY,55,2.34,True
MSFT,2024-11-04,10,BUY,55,1.79,True
MSFT,2024-11-04,20,BUY,55,5.78,True
MSFT,2024-11-05,5,BUY,55,2.81,True
MSFT,2024-11-05,10,BUY,55,1.54,True
MSFT,2024-11-05,20,BUY,55,6.52,True
MSFT,2024-11-06,5,BUY,55,1.19,True
MSFT,2024-11-06,10,BUY,55,-1.12,False
MSFT,2024-11-06,20,BUY,55,5.55,True
MSFT,2024-11-07,5,BUY,55,0.34,True
MSFT,2024-11-07,10,BUY,55,-2.76,False
MSFT,2024-11-07,20,BUY,55,4.47,True
MSFT,2024-11-08,5,BUY,55,-1.78,False
MSFT,2024-11-08,10,BUY,55,-1.11,False
MSFT,2024-11-08,20,BUY,55,5.77,True
MSFT,2024-11-11,5,BUY,55,-0.54,False
MSFT,2024-11-11,10,BUY,55,0.39,True
MSFT,2024-11-11,20,BUY,55,6.27,True
MSFT,2024-11-12,5,BUY,55,-1.24,False
MSFT,2024-11-12,10,BUY,55,1.38,True
MSFT,2024-11-12,20,BUY,55,6.35,True
MSFT,2024-11-13,5,BUY,55,-2.28,False
MSFT,2024-11-13,10,BUY,55,-0.32,False
MSFT,2024-11-13,20,BUY,55,5.94,True
MSFT,2024-11-14,5,BUY,55,-3.09,False
MSFT,2024-11-14,10,BUY,55,-0.6,False
MSFT,2024-11-14,20,BUY,55,4.98,True
MSFT,2024-11-15,5,BUY,55,0.68,True
MSFT,2024-11-15,10,BUY,55,4.06,True
MSFT,2024-11-15,20,BUY,55,9.03,True
MSFT,2024-11-18,5,BUY,55,0.93,True
MSFT,2024-11-18,10,BUY,55,3.92,True
MSFT,2024-11-18,20,BUY,55,9.53,True
MSFT,2024-11-19,5,BUY,55,2.65,True
MSFT,2024-11-19,10,BUY,55,4.91,True
MSFT,2024-11-19,20,BUY,55,4.9,True
MSFT,2024-11-20,5,BUY,55,2.01,True
MSFT,2024-11-20,10,BUY,55,6.74,True
MSFT,2024-11-20,20,BUY,55,5.39,True
MSFT,2024-11-21,5,BUY,55,2.56,True
MSFT,2024-11-21,10,BUY,55,7.44,True
MSFT,2024-11-21,20,BUY,55,5.75,True
MSFT,2024-11-22,5,BUY,55,3.35,True
MSFT,2024-11-22,10,BUY,55,6.96,True
MSFT,2024-11-22,20,BUY,55,4.38,True
MSFT,2024-11-25,5,BUY,55,2.96,True
MSFT,2024-11-25,10,BUY,55,5.86,True
MSFT,2024-11-25,20,BUY,55,4.9,True
MSFT,2024-11-26,5,BUY,55,2.2,True
MSFT,2024-11-26,10,BUY,55,4.91,True
MSFT,2024-11-26,20,BUY,55,2.36,True
MSFT,2024-11-27,5,BUY,55,4.64,True
MSFT,2024-11-27,10,BUY,55,6.28,True
MSFT,2024-11-27,20,BUY,55,1.78,True
MSFT,2024-12-23,5,BUY,55,-3.16,False
MSFT,2024-12-23,10,BUY,55,-2.46,False
MSFT,2024-12-23,20,BUY,55,2.02,True
MSFT,2024-12-24,5,BUY,55,-4.72,False
MSFT,2024-12-24,10,BUY,55,-4.64,False
MSFT,2024-12-24,20,BUY,55,-1.09,False
MSFT,2024-12-26,5,BUY,55,-3.37,False
MSFT,2024-12-26,10,BUY,55,-4.78,False
MSFT,2024-12-26,20,BUY,55,2.07,True
MSFT,2024-12-27,5,BUY,55,-0.62,False
MSFT,2024-12-27,10,BUY,55,-3.45,False
MSFT,2024-12-27,20,BUY,55,2.74,True
MSFT,2024-12-30,5,BUY,55,-0.58,False
MSFT,2024-12-30,10,BUY,55,0.35,True
MSFT,2024-12-30,20,BUY,55,-2.32,False
MSFT,2024-12-31,5,BUY,55,0.73,True
MSFT,2024-12-31,10,BUY,55,0.73,True
MSFT,2024-12-31,20,BUY,55,-1.53,False
MSFT,2025-01-02,5,BUY,55,0.09,True
MSFT,2025-01-02,10,BUY,55,2.5,True
MSFT,2025-01-02,20,BUY,55,-1.83,False
MSFT,2025-01-31,5,BUY,55,-1.28,False
MSFT,2025-01-31,10,BUY,55,-1.6,False
MSFT,2025-01-31,20,BUY,55,-6.21,False
MSFT,2025-02-03,5,BUY,55,0.32,True
MSFT,2025-02-03,10,BUY,55,-0.31,False
MSFT,2025-02-03,20,BUY,55,-5.24,False
MSFT,2025-02-04,5,BUY,55,-0.23,False
MSFT,2025-02-04,10,BUY,55,0.58,True
MSFT,2025-02-04,20,BUY,55,-2.56,False
MSFT,2025-02-05,5,BUY,55,-1.03,False
MSFT,2025-02-05,10,BUY,55,0.89,True
MSFT,2025-02-05,20,BUY,55,-3.78,False
MSFT,2025-02-06,5,BUY,55,-1.27,False
MSFT,2025-02-06,10,BUY,55,-1.63,False
MSFT,2025-02-06,20,BUY,55,-5.22,False
MSFT,2025-02-07,5,BUY,55,-0.32,False
MSFT,2025-02-07,10,BUY,55,-1.21,False
MSFT,2025-02-07,20,BUY,55,-7.04,False
MSFT,2025-02-10,5,BUY,55,-0.63,False
MSFT,2025-02-10,10,BUY,55,-3.28,False
MSFT,2025-02-10,20,BUY,55,-7.52,False
MSFT,2025-02-11,5,BUY,55,0.81,True
MSFT,2025-02-11,10,BUY,55,-2.65,False
MSFT,2025-02-11,20,BUY,55,-6.66,False
MSFT,2025-02-12,5,BUY,55,1.94,True
MSFT,2025-02-12,10,BUY,55,-3.84,False
MSFT,2025-02-12,20,BUY,55,-7.21,False
MSFT,2025-02-13,5,BUY,55,-0.37,False
MSFT,2025-02-13,10,BUY,55,-3.11,False
MSFT,2025-02-13,20,BUY,55,-5.16,False
MSFT,2025-02-14,5,BUY,55,-0.89,False
MSFT,2025-02-14,10,BUY,55,-4.69,False
MSFT,2025-02-14,20,BUY,55,-4.64,False
MSFT,2025-02-18,5,BUY,55,-2.67,False
MSFT,2025-02-18,10,BUY,55,-4.94,False
MSFT,2025-02-18,20,BUY,55,-6.19,False
MSFT,2025-02-19,5,BUY,55,-3.43,False
MSFT,2025-02-19,10,BUY,55,-3.12,False
MSFT,2025-02-19,20,BUY,55,-6.31,False
MSFT,2025-02-21,5,BUY,55,-2.75,False
MSFT,2025-02-21,10,BUY,55,-3.65,False
MSFT,2025-02-21,20,BUY,55,-4.15,False
MSFT,2025-02-24,5,BUY,55,-3.84,False
MSFT,2025-02-24,10,BUY,55,-5.9,False
MSFT,2025-02-24,20,BUY,55,-2.7,False
MSFT,2025-02-25,5,BUY,55,-2.33,False
MSFT,2025-02-25,10,BUY,55,-4.39,False
MSFT,2025-02-25,20,BUY,55,-0.69,False
MSFT,2025-02-26,5,BUY,55,0.32,True
MSFT,2025-02-26,10,BUY,55,-4.12,False
MSFT,2025-02-26,20,BUY,55,-2.44,False
MSFT,2025-02-27,5,BUY,55,1.11,True
MSFT,2025-02-27,10,BUY,55,-3.51,False
MSFT,2025-02-27,20,BUY,55,-0.5,False
MSFT,2025-03-11,5,BUY,55,0.81,True
MSFT,2025-03-11,10,BUY,55,3.87,True
MSFT,2025-03-11,20,BUY,55,-6.81,False
MSFT,2025-03-12,5,BUY,55,1.19,True
MSFT,2025-03-12,10,BUY,55,1.75,True
MSFT,2025-03-12,20,BUY,55,1.88,True
MSFT,2025-03-13,5,BUY,55,2.13,True
MSFT,2025-03-13,10,BUY,55,3.12,True
MSFT,2025-03-13,20,BUY,55,0.68,True
MSFT,2025-03-14,5,BUY,55,0.69,True
MSFT,2025-03-14,10,BUY,55,-2.51,False
MSFT,2025-03-14,20,BUY,55,-0.03,False
MSFT,2025-03-17,5,BUY,55,1.13,True
MSFT,2025-03-17,10,BUY,55,-3.42,False
MSFT,2025-03-17,20,BUY,55,-0.23,False
MSFT,2025-03-18,5,BUY,55,3.04,True
MSFT,2025-03-18,10,BUY,55,-0.35,False
MSFT,2025-03-18,20,BUY,55,0.58,True
MSFT,2025-03-19,5,BUY,55,0.55,True
MSFT,2025-03-19,10,BUY,55,-1.46,False
MSFT,2025-03-19,20,BUY,55,-4.18,False
MSFT,2025-03-20,5,BUY,55,0.97,True
MSFT,2025-03-20,10,BUY,55,-3.55,False
MSFT,2025-03-20,20,BUY,55,-4.93,False
MSFT,2025-04-07,5,BUY,55,8.37,True
MSFT,2025-04-07,10,BUY,55,2.5,True
MSFT,2025-04-07,20,BUY,55,21.08,True
MSFT,2025-04-08,5,BUY,55,8.79,True
MSFT,2025-04-08,10,BUY,55,5.59,True
MSFT,2025-04-08,20,BUY,55,22.22,True
MSFT,2025-04-09,5,BUY,55,-4.83,False
MSFT,2025-04-09,10,BUY,55,-0.82,False
MSFT,2025-04-09,20,BUY,55,12.21,True
MSFT,2025-04-10,5,BUY,55,-3.56,False
MSFT,2025-04-10,10,BUY,55,2.75,True
MSFT,2025-04-10,20,BUY,55,15.05,True
MSFT,2025-04-11,5,BUY,55,-7.55,False
MSFT,2025-04-11,10,BUY,55,0.7,True
MSFT,2025-04-11,20,BUY,55,15.65,True
MSFT,2025-04-14,5,BUY,55,-5.41,False
MSFT,2025-04-14,10,BUY,55,1.61,True
MSFT,2025-04-14,20,BUY,55,15.81,True
MSFT,2025-04-15,5,BUY,55,-2.94,False
MSFT,2025-04-15,10,BUY,55,2.47,True
MSFT,2025-04-15,20,BUY,55,17.42,True
MSFT,2025-04-16,5,BUY,55,4.22,True
MSFT,2025-04-16,10,BUY,55,14.47,True
MSFT,2025-04-16,20,BUY,55,22.16,True
MSFT,2025-04-17,5,BUY,55,6.54,True
MSFT,2025-04-17,10,BUY,55,18.35,True
MSFT,2025-04-17,20,BUY,55,23.74,True
MSFT,2025-04-21,5,BUY,55,8.92,True
MSFT,2025-04-21,10,BUY,55,21.46,True
MSFT,2025-04-21,20,BUY,55,28.01,True
MSFT,2025-04-22,5,BUY,55,7.42,True
MSFT,2025-04-22,10,BUY,55,18.13,True
MSFT,2025-04-22,20,BUY,55,25.13,True
MSFT,2025-07-01,5,BUY,55,2.33,True
MSFT,2025-07-01,10,BUY,55,2.76,True
MSFT,2025-07-01,20,BUY,55,4.31,True
MSFT,2025-07-02,5,BUY,55,2.12,True
MSFT,2025-07-02,10,BUY,55,4.2,True
MSFT,2025-07-02,20,BUY,55,8.64,True
MSFT,2025-08-05,5,BUY,55,0.28,True
MSFT,2025-08-05,10,BUY,55,-3.41,False
MSFT,2025-08-05,20,BUY,55,-4.09,False
MSFT,2025-08-06,5,BUY,55,-0.83,False
MSFT,2025-08-06,10,BUY,55,-3.66,False
MSFT,2025-08-06,20,BUY,55,-3.07,False
MSFT,2025-08-07,5,BUY,55,0.31,True
MSFT,2025-08-07,10,BUY,55,-3.03,False
MSFT,2025-08-07,20,BUY,55,-4.8,False
MSFT,2025-08-08,5,BUY,55,-0.36,False
MSFT,2025-08-08,10,BUY,55,-2.68,False
MSFT,2025-08-08,20,BUY,55,-4.41,False
MSFT,2025-08-11,5,BUY,55,-0.9,False
MSFT,2025-08-11,10,BUY,55,-3.2,False
MSFT,2025-08-11,20,BUY,55,-4.32,False
MSFT,2025-08-12,5,BUY,55,-3.68,False
MSFT,2025-08-12,10,BUY,55,-4.98,False
MSFT,2025-08-12,20,BUY,55,-5.3,False
MSFT,2025-08-13,5,BUY,55,-2.85,False
MSFT,2025-08-13,10,BUY,55,-2.5,False
MSFT,2025-08-13,20,BUY,55,-3.6,False
MSFT,2025-08-14,5,BUY,55,-3.33,False
MSFT,2025-08-14,10,BUY,55,-2.3,False
MSFT,2025-08-14,20,BUY,55,-2.25,False
MSFT,2025-08-15,5,BUY,55,-2.33,False
MSFT,2025-08-15,10,BUY,55,-2.43,False
MSFT,2025-08-15,20,BUY,55,-0.76,False
MSFT,2025-08-18,5,BUY,55,-2.32,False
MSFT,2025-08-18,10,BUY,55,-2.16,False
MSFT,2025-08-18,20,BUY,55,-1.4,False
MSFT,2025-08-19,5,BUY,55,-1.35,False
MSFT,2025-08-19,10,BUY,55,-0.7,False
MSFT,2025-08-19,20,BUY,55,0.21,True
MSFT,2025-08-20,5,BUY,55,0.37,True
MSFT,2025-08-20,10,BUY,55,0.61,True
MSFT,2025-08-20,20,BUY,55,0.71,True
MSFT,2025-08-21,5,BUY,55,1.07,True
MSFT,2025-08-21,10,BUY,55,-1.83,False
MSFT,2025-08-21,20,BUY,55,2.71,True
MSFT,2025-08-22,5,BUY,55,-0.11,False
MSFT,2025-08-22,10,BUY,55,-1.78,False
MSFT,2025-08-22,20,BUY,55,1.42,True
MSFT,2025-08-25,5,BUY,55,0.17,True
MSFT,2025-08-25,10,BUY,55,-1.16,False
MSFT,2025-08-25,20,BUY,55,0.99,True
MSFT,2025-08-26,5,BUY,55,0.66,True
MSFT,2025-08-26,10,BUY,55,-0.33,False
MSFT,2025-08-26,20,BUY,55,1.62,True
MSFT,2025-08-27,5,BUY,55,0.24,True
MSFT,2025-08-27,10,BUY,55,-1.13,False
MSFT,2025-08-27,20,BUY,55,0.06,True
MSFT,2025-08-28,5,BUY,55,-2.87,False
MSFT,2025-08-28,10,BUY,55,0.05,True
MSFT,2025-08-28,20,BUY,55,0.36,True
MSFT,2025-08-29,5,BUY,55,-1.68,False
MSFT,2025-08-29,10,BUY,55,1.71,True
MSFT,2025-08-29,20,BUY,55,1.56,True
MSFT,2025-10-31,5,BUY,55,-4.05,False
MSFT,2025-10-31,10,BUY,55,-1.47,False
MSFT,2025-10-31,20,BUY,55,-5.82,False
MSFT,2025-11-03,5,BUY,55,-2.13,False
MSFT,2025-11-03,10,BUY,55,-1.85,False
MSFT,2025-11-03,20,BUY,55,-5.05,False
MSFT,2025-11-04,5,BUY,55,-1.1,False
MSFT,2025-11-04,10,BUY,55,-3.99,False
MSFT,2025-11-04,20,BUY,55,-6.94,False
MSFT,2025-11-05,5,BUY,55,0.78,True
MSFT,2025-11-05,10,BUY,55,-3.95,False
MSFT,2025-11-05,20,BUY,55,-5.01,False
MSFT,2025-11-06,5,BUY,55,1.25,True
MSFT,2025-11-06,10,BUY,55,-3.58,False
MSFT,2025-11-06,20,BUY,55,-2.62,False
MSFT,2025-11-07,5,BUY,55,2.69,True
MSFT,2025-11-07,10,BUY,55,-4.79,False
MSFT,2025-11-07,20,BUY,55,-0.98,False
MSFT,2025-11-10,5,BUY,55,0.29,True
MSFT,2025-11-10,10,BUY,55,-6.15,False
MSFT,2025-11-10,20,BUY,55,-2.58,False
MSFT,2025-11-11,5,BUY,55,-2.93,False
MSFT,2025-11-11,10,BUY,55,-6.05,False
MSFT,2025-11-11,20,BUY,55,-5.75,False
MSFT,2025-11-12,5,BUY,55,-4.7,False
MSFT,2025-11-12,10,BUY,55,-4.84,False
MSFT,2025-11-12,20,BUY,55,-5.24,False
MSFT,2025-11-13,5,BUY,55,-4.76,False
MSFT,2025-11-13,10,BUY,55,-2.06,False
MSFT,2025-11-13,20,BUY,55,-4.74,False
MSFT,2025-11-14,5,BUY,55,-7.29,False
MSFT,2025-11-14,10,BUY,55,-4.42,False
MSFT,2025-11-14,20,BUY,55,-6.76,False
MSFT,2025-11-17,5,BUY,55,-6.42,False
MSFT,2025-11-17,10,BUY,55,-3.27,False
MSFT,2025-11-17,20,BUY,55,-5.95,False
MSFT,2025-11-18,5,BUY,55,-3.22,False
MSFT,2025-11-18,10,BUY,55,-3.07,False
MSFT,2025-11-18,20,BUY,55,-3.4,False
MSFT,2025-11-20,5,BUY,55,2.84,True
MSFT,2025-11-20,10,BUY,55,0.99,True
MSFT,2025-11-20,20,BUY,55,1.57,True
MSFT,2025-11-21,5,BUY,55,3.1,True
MSFT,2025-11-21,10,BUY,55,4.0,True
MSFT,2025-11-21,20,BUY,55,2.71,True
MSFT,2025-11-24,5,BUY,55,3.38,True
MSFT,2025-11-24,10,BUY,55,3.8,True
MSFT,2025-11-24,20,BUY,55,2.71,True
MSFT,2025-11-25,5,BUY,55,0.16,True
MSFT,2025-11-25,10,BUY,55,0.33,True
MSFT,2025-11-25,20,BUY,55,2.31,True
MSFT,2025-11-26,5,BUY,55,-0.96,False
MSFT,2025-11-26,10,BUY,55,-0.42,False
MSFT,2025-11-26,20,BUY,55,0.46,True
MSFT,2025-11-28,5,BUY,55,-1.8,False
MSFT,2025-11-28,10,BUY,55,-2.74,False
MSFT,2025-11-28,20,BUY,55,-1.0,False
MSFT,2025-12-01,5,BUY,55,0.88,True
MSFT,2025-12-01,10,BUY,55,-2.45,False
MSFT,2025-12-01,20,BUY,55,0.15,True
MSFT,2025-12-22,5,BUY,55,0.53,True
MSFT,2025-12-22,10,BUY,55,-0.3,False
MSFT,2025-12-22,20,BUY,55,-6.97,False
MSFT,2026-01-14,5,BUY,55,-1.79,False
MSFT,2026-01-14,10,BUY,55,-5.63,False
MSFT,2026-01-14,20,BUY,55,-12.53,False
MSFT,2026-01-15,5,BUY,55,2.03,True
MSFT,2026-01-15,10,BUY,55,-5.77,False
MSFT,2026-01-15,20,BUY,55,-12.12,False
MSFT,2026-01-16,5,BUY,55,2.27,True
MSFT,2026-01-16,10,BUY,55,-7.94,False
MSFT,2026-01-16,20,BUY,55,-13.7,False
MSFT,2026-01-20,5,BUY,55,5.73,True
MSFT,2026-01-20,10,BUY,55,-9.53,False
MSFT,2026-01-20,20,BUY,55,-12.08,False
MSFT,2026-01-21,5,BUY,55,8.45,True
MSFT,2026-01-21,10,BUY,55,-6.74,False
MSFT,2026-01-21,20,BUY,55,-10.07,False
MSFT,2026-01-22,5,BUY,55,-3.91,False
MSFT,2026-01-22,10,BUY,55,-12.74,False
MSFT,2026-01-22,20,BUY,55,-11.75,False
MSFT,2026-01-26,5,BUY,55,-9.97,False
MSFT,2026-01-26,10,BUY,55,-12.05,False
MSFT,2026-01-26,20,BUY,55,-17.09,False
MSFT,2026-01-27,5,BUY,55,-14.43,False
MSFT,2026-01-27,10,BUY,55,-14.01,False
MSFT,2026-01-27,20,BUY,55,-16.45,False
MSFT,2026-01-28,5,BUY,55,-14.0,False
MSFT,2026-01-28,10,BUY,55,-16.04,False
MSFT,2026-01-28,20,BUY,55,-16.4,False
MSFT,2026-01-29,5,BUY,55,-9.19,False
MSFT,2026-01-29,10,BUY,55,-7.3,False
MSFT,2026-01-29,20,BUY,55,-9.2,False
MSFT,2026-01-30,5,BUY,55,-6.77,False
MSFT,2026-01-30,10,BUY,55,-6.73,False
MSFT,2026-01-30,20,BUY,55,-7.17,False
MSFT,2026-02-02,5,BUY,55,-2.31,False
MSFT,2026-02-02,10,BUY,55,-6.26,False
MSFT,2026-02-02,20,BUY,55,-4.37,False
MSFT,2026-02-03,5,BUY,55,0.5,True
MSFT,2026-02-03,10,BUY,55,-2.82,False
MSFT,2026-02-03,20,BUY,55,-1.24,False
MSFT,2026-02-04,5,BUY,55,-2.37,False
MSFT,2026-02-04,10,BUY,55,-3.58,False
MSFT,2026-02-04,20,BUY,55,-0.62,False
MSFT,2026-02-05,5,BUY,55,2.08,True
MSFT,2026-02-05,10,BUY,55,1.13,True
MSFT,2026-02-05,20,BUY,55,4.12,True
MSFT,2026-02-06,5,BUY,55,0.04,True
MSFT,2026-02-06,10,BUY,55,-3.94,False
MSFT,2026-02-06,20,BUY,55,2.29,True
MSFT,2026-02-09,5,BUY,55,-4.05,False
MSFT,2026-02-09,10,BUY,55,-5.73,False
MSFT,2026-02-09,20,BUY,55,-1.67,False
MSFT,2026-02-10,5,BUY,55,-3.31,False
MSFT,2026-02-10,10,BUY,55,-2.84,False
MSFT,2026-02-10,20,BUY,55,-1.81,False
MSFT,2026-02-11,5,BUY,55,-1.24,False
MSFT,2026-02-11,10,BUY,55,-0.43,False
MSFT,2026-02-11,20,BUY,55,-0.39,False
MSFT,2026-02-12,5,BUY,55,-0.92,False
MSFT,2026-02-12,10,BUY,55,-2.04,False
MSFT,2026-02-12,20,BUY,55,-1.34,False
MSFT,2026-02-13,5,BUY,55,-3.98,False
MSFT,2026-02-13,10,BUY,55,-0.46,False
MSFT,2026-02-13,20,BUY,55,-0.11,False
MSFT,2026-02-17,5,BUY,55,-1.76,False
MSFT,2026-02-17,10,BUY,55,2.01,True
MSFT,2026-02-17,20,BUY,55,0.87,True
MSFT,2026-02-18,5,BUY,55,0.48,True
MSFT,2026-02-18,10,BUY,55,1.63,True
MSFT,2026-02-18,20,BUY,55,-1.73,False
MSFT,2026-02-19,5,BUY,55,0.82,True
MSFT,2026-02-19,10,BUY,55,3.07,True
MSFT,2026-02-19,20,BUY,55,-2.37,False
MSFT,2026-02-20,5,BUY,55,-1.13,False
MSFT,2026-02-20,10,BUY,55,2.95,True
MSFT,2026-02-20,20,BUY,55,-3.87,False
MSFT,2026-02-23,5,BUY,55,3.66,True
MSFT,2026-02-23,10,BUY,55,6.49,True
MSFT,2026-02-23,20,BUY,55,-0.38,False
MSFT,2026-02-24,5,BUY,55,3.84,True
MSFT,2026-02-24,10,BUY,55,4.31,True
MSFT,2026-02-24,20,BUY,55,-4.18,False
MSFT,2026-02-25,5,BUY,55,1.15,True
MSFT,2026-02-25,10,BUY,55,1.07,True
MSFT,2026-02-25,20,BUY,55,-7.38,False
MSFT,2026-02-26,5,BUY,55,2.23,True
MSFT,2026-02-26,10,BUY,55,0.03,True
MSFT,2026-02-26,20,BUY,55,-8.9,False
GOOGL,2022-01-27,5,BUY,55,10.92,True
GOOGL,2022-01-27,10,BUY,55,7.45,True
GOOGL,2022-01-27,20,BUY,55,4.23,True
GOOGL,2022-01-28,5,BUY,55,7.46,True
GOOGL,2022-01-28,10,BUY,55,0.7,True
GOOGL,2022-01-28,20,BUY,55,1.28,True
GOOGL,2022-01-31,5,BUY,55,2.88,True
GOOGL,2022-01-31,10,BUY,55,0.16,True
GOOGL,2022-01-31,20,BUY,55,-0.92,False
GOOGL,2022-02-01,5,BUY,55,1.28,True
GOOGL,2022-02-01,10,BUY,55,-0.75,False
GOOGL,2022-02-01,20,BUY,55,-2.23,False
GOOGL,2022-02-02,5,BUY,55,-4.33,False
GOOGL,2022-02-02,10,BUY,55,-6.93,False
GOOGL,2022-02-02,20,BUY,55,-9.53,False
GOOGL,2022-02-09,5,SELL,55,-2.72,True
GOOGL,2022-02-09,10,SELL,55,-6.29,True
GOOGL,2022-02-09,20,SELL,55,-6.47,True
GOOGL,2022-02-10,5,SELL,55,-4.39,True
GOOGL,2022-02-10,10,SELL,55,-3.0,True
GOOGL,2022-02-10,20,SELL,55,-6.31,True
GOOGL,2022-02-14,5,SELL,55,-4.22,True
GOOGL,2022-02-14,10,SELL,55,-1.08,True
GOOGL,2022-02-14,20,SELL,55,-4.67,True
GOOGL,2022-02-15,5,SELL,55,-6.6,True
GOOGL,2022-02-15,10,SELL,55,-1.49,True
GOOGL,2022-02-15,20,SELL,55,-2.44,True
GOOGL,2022-02-16,5,SELL,55,-3.66,True
GOOGL,2022-02-16,10,SELL,55,-2.79,True
GOOGL,2022-02-16,20,SELL,55,-2.83,True
GOOGL,2022-02-17,5,BUY,55,1.45,True
GOOGL,2022-02-17,10,BUY,55,-0.48,False
GOOGL,2022-02-17,20,BUY,55,2.71,True
GOOGL,2022-02-18,5,BUY,55,3.57,True
GOOGL,2022-02-18,10,BUY,55,-3.09,False
GOOGL,2022-02-18,20,BUY,55,4.37,True
GOOGL,2022-02-22,5,BUY,55,3.27,True
GOOGL,2022-02-22,10,BUY,55,-2.09,False
GOOGL,2022-02-22,20,BUY,55,7.75,True
GOOGL,2022-02-23,5,BUY,55,5.47,True
GOOGL,2022-02-23,10,BUY,55,4.57,True
GOOGL,2022-02-23,20,BUY,55,8.38,True
GOOGL,2022-02-24,5,BUY,55,0.91,True
GOOGL,2022-02-24,10,BUY,55,-0.2,False
GOOGL,2022-02-24,20,BUY,55,6.69,True
GOOGL,2022-02-25,5,BUY,55,-1.9,False
GOOGL,2022-02-25,10,BUY,55,-3.41,False
GOOGL,2022-02-25,20,BUY,55,5.36,True
GOOGL,2022-02-28,5,BUY,55,-6.43,False
GOOGL,2022-02-28,10,BUY,55,-6.74,False
GOOGL,2022-02-28,20,BUY,55,4.74,True
GOOGL,2022-03-01,5,BUY,55,-5.19,False
GOOGL,2022-03-01,10,BUY,55,-3.63,False
GOOGL,2022-03-01,20,BUY,55,6.3,True
GOOGL,2022-03-02,5,BUY,55,-0.86,False
GOOGL,2022-03-02,10,BUY,55,-0.96,False
GOOGL,2022-03-02,20,BUY,55,5.47,True
GOOGL,2022-03-03,5,BUY,55,-1.1,False
GOOGL,2022-03-03,10,BUY,55,-0.05,False
GOOGL,2022-03-03,20,BUY,55,3.86,True
GOOGL,2022-03-04,5,BUY,55,-1.54,False
GOOGL,2022-03-04,10,BUY,55,3.2,True
GOOGL,2022-03-04,20,BUY,55,6.25,True
GOOGL,2022-03-07,5,BUY,55,-0.34,False
GOOGL,2022-03-07,10,BUY,55,7.69,True
GOOGL,2022-03-07,20,BUY,55,13.13,True
GOOGL,2022-03-08,5,BUY,55,1.65,True
GOOGL,2022-03-08,10,BUY,55,10.04,True
GOOGL,2022-03-08,20,BUY,55,10.61,True
GOOGL,2022-03-09,5,BUY,55,-0.1,False
GOOGL,2022-03-09,10,BUY,55,3.64,True
GOOGL,2022-03-09,20,BUY,55,2.34,True
GOOGL,2022-03-10,5,BUY,55,1.06,True
GOOGL,2022-03-10,10,BUY,55,6.9,True
GOOGL,2022-03-10,20,BUY,55,2.61,True
GOOGL,2022-03-11,5,BUY,55,4.82,True
GOOGL,2022-03-11,10,BUY,55,9.09,True
GOOGL,2022-03-11,20,BUY,55,2.63,True
GOOGL,2022-03-14,5,BUY,55,8.06,True
GOOGL,2022-03-14,10,BUY,55,12.31,True
GOOGL,2022-03-14,20,BUY,55,2.28,True
GOOGL,2022-03-15,5,BUY,55,8.26,True
GOOGL,2022-03-15,10,BUY,55,10.3,True
GOOGL,2022-03-15,20,BUY,55,-1.15,False
GOOGL,2022-03-16,5,BUY,55,3.75,True
GOOGL,2022-03-16,10,BUY,55,6.5,True
GOOGL,2022-03-16,20,BUY,55,-2.54,False
GOOGL,2022-03-17,5,BUY,55,5.78,True
GOOGL,2022-03-17,10,BUY,55,3.91,True
GOOGL,2022-03-17,20,BUY,55,-5.31,False
GOOGL,2022-03-18,5,BUY,55,4.08,True
GOOGL,2022-03-18,10,BUY,55,2.96,True
GOOGL,2022-03-18,20,BUY,55,-6.21,False
GOOGL,2022-03-21,5,BUY,55,3.93,True
GOOGL,2022-03-21,10,BUY,55,5.05,True
GOOGL,2022-03-21,20,BUY,55,-4.48,False
GOOGL,2022-03-22,5,BUY,55,1.89,True
GOOGL,2022-03-22,10,BUY,55,0.52,True
GOOGL,2022-03-22,20,BUY,55,-8.46,False
GOOGL,2022-03-23,5,BUY,55,2.65,True
GOOGL,2022-03-23,10,BUY,55,-1.25,False
GOOGL,2022-03-23,20,BUY,55,-9.73,False
GOOGL,2022-03-24,5,BUY,55,-1.77,False
GOOGL,2022-03-24,10,BUY,55,-4.01,False
GOOGL,2022-03-24,20,BUY,55,-15.49,False
GOOGL,2022-03-25,5,SELL,55,-1.07,True
GOOGL,2022-03-25,10,SELL,55,-5.92,True
GOOGL,2022-03-25,20,SELL,55,-13.13,True
GOOGL,2022-03-28,5,SELL,55,1.07,False
GOOGL,2022-03-28,10,SELL,55,-8.93,True
GOOGL,2022-03-28,20,SELL,55,-16.12,True
GOOGL,2022-03-29,5,BUY,55,-1.34,False
GOOGL,2022-03-29,10,BUY,55,-10.38,False
GOOGL,2022-03-29,20,BUY,55,-19.8,False
GOOGL,2022-03-30,5,SELL,55,-3.8,True
GOOGL,2022-03-30,10,SELL,55,-8.49,True
GOOGL,2022-03-30,20,SELL,55,-16.5,True
GOOGL,2022-04-01,5,SELL,55,-4.9,True
GOOGL,2022-04-01,10,SELL,55,-8.9,True
GOOGL,2022-04-01,20,SELL,55,-16.82,True
GOOGL,2022-04-04,5,SELL,55,-9.9,True
GOOGL,2022-04-04,10,SELL,55,-9.07,True
GOOGL,2022-04-04,20,SELL,55,-17.93,True
GOOGL,2022-04-05,5,SELL,55,-9.16,True
GOOGL,2022-04-05,10,SELL,55,-8.93,True
GOOGL,2022-04-05,20,SELL,55,-13.04,True
GOOGL,2022-04-06,5,BUY,55,-4.87,False
GOOGL,2022-04-06,10,BUY,55,-8.59,False
GOOGL,2022-04-06,20,BUY,55,-14.68,False
GOOGL,2022-04-07,5,BUY,55,-6.74,False
GOOGL,2022-04-07,10,BUY,55,-11.96,False
GOOGL,2022-04-07,20,BUY,55,-14.82,False
GOOGL,2022-04-08,5,BUY,55,-4.21,False
GOOGL,2022-04-08,10,BUY,55,-7.66,False
GOOGL,2022-04-08,20,BUY,55,-15.59,False
GOOGL,2022-04-11,5,BUY,55,0.92,True
GOOGL,2022-04-11,10,BUY,55,-7.9,False
GOOGL,2022-04-11,20,BUY,55,-11.2,False
GOOGL,2022-04-12,5,BUY,55,0.25,True
GOOGL,2022-04-12,10,BUY,55,-10.51,False
GOOGL,2022-04-12,20,BUY,55,-11.05,False
GOOGL,2022-04-13,5,BUY,55,-3.91,False
GOOGL,2022-04-13,10,BUY,55,-8.75,False
GOOGL,2022-04-13,20,BUY,55,-13.13,False
GOOGL,2022-04-14,5,BUY,55,-5.6,False
GOOGL,2022-04-14,10,BUY,55,-9.96,False
GOOGL,2022-04-14,20,BUY,55,-8.43,False
GOOGL,2022-04-18,5,BUY,55,-3.6,False
GOOGL,2022-04-18,10,BUY,55,-8.69,False
GOOGL,2022-04-18,20,BUY,55,-10.36,False
GOOGL,2022-04-19,5,BUY,55,-8.74,False
GOOGL,2022-04-19,10,BUY,55,-9.75,False
GOOGL,2022-04-19,20,BUY,55,-10.41,False
GOOGL,2022-04-20,5,BUY,55,-10.74,False
GOOGL,2022-04-20,10,BUY,55,-4.51,False
GOOGL,2022-04-20,20,BUY,55,-12.61,False
GOOGL,2022-04-21,5,BUY,55,-5.04,False
GOOGL,2022-04-21,10,BUY,55,-6.66,False
GOOGL,2022-04-21,20,BUY,55,-11.56,False
GOOGL,2022-04-22,5,BUY,55,-4.62,False
GOOGL,2022-04-22,10,BUY,55,-3.25,False
GOOGL,2022-04-22,20,BUY,55,-8.97,False
GOOGL,2022-04-26,5,BUY,55,-1.11,False
GOOGL,2022-04-26,10,BUY,55,-3.59,False
GOOGL,2022-04-26,20,BUY,55,-10.69,False
GOOGL,2022-04-27,5,BUY,55,6.97,True
GOOGL,2022-04-27,10,BUY,55,-0.61,False
GOOGL,2022-04-27,20,BUY,55,-7.43,False
GOOGL,2022-04-28,5,BUY,55,-1.7,False
GOOGL,2022-04-28,10,BUY,55,-4.79,False
GOOGL,2022-04-28,20,BUY,55,-9.05,False
GOOGL,2022-04-29,5,BUY,55,1.43,True
GOOGL,2022-04-29,10,BUY,55,1.7,True
GOOGL,2022-04-29,20,BUY,55,-1.57,False
GOOGL,2022-05-02,5,BUY,55,-3.49,False
GOOGL,2022-05-02,10,BUY,55,-1.83,False
GOOGL,2022-05-02,20,BUY,55,-2.42,False
GOOGL,2022-05-03,5,BUY,55,-2.5,False
GOOGL,2022-05-03,10,BUY,55,-0.73,False
GOOGL,2022-05-03,20,BUY,55,-2.93,False
GOOGL,2022-05-04,5,BUY,55,-7.08,False
GOOGL,2022-05-04,10,BUY,55,-8.47,False
GOOGL,2022-05-04,20,BUY,55,-3.79,False
GOOGL,2022-05-05,5,BUY,55,-3.14,False
GOOGL,2022-05-05,10,BUY,55,-5.25,False
GOOGL,2022-05-05,20,BUY,55,-1.69,False
GOOGL,2022-05-06,5,BUY,55,0.26,True
GOOGL,2022-05-06,10,BUY,55,-5.91,False
GOOGL,2022-05-06,20,BUY,55,0.93,True
GOOGL,2022-05-09,5,BUY,55,1.72,True
GOOGL,2022-05-09,10,BUY,55,-0.91,False
GOOGL,2022-05-09,20,BUY,55,4.12,True
GOOGL,2022-05-10,5,BUY,55,1.82,True
GOOGL,2022-05-10,10,BUY,55,-7.36,False
GOOGL,2022-05-10,20,BUY,55,2.45,True
GOOGL,2022-05-11,5,BUY,55,-1.5,False
GOOGL,2022-05-11,10,BUY,55,-6.86,False
GOOGL,2022-05-11,20,BUY,55,1.09,True
GOOGL,2022-05-12,5,BUY,55,-2.18,False
GOOGL,2022-05-12,10,BUY,55,-4.48,False
GOOGL,2022-05-12,20,BUY,55,-1.49,False
GOOGL,2022-05-13,5,BUY,55,-6.15,False
GOOGL,2022-05-13,10,BUY,55,-3.22,False
GOOGL,2022-05-13,20,BUY,55,-8.32,False
GOOGL,2022-05-16,5,BUY,55,-2.58,False
GOOGL,2022-05-16,10,BUY,55,-0.6,False
GOOGL,2022-05-16,20,BUY,55,-6.75,False
GOOGL,2022-05-17,5,BUY,55,-9.02,False
GOOGL,2022-05-17,10,BUY,55,-2.22,False
GOOGL,2022-05-17,20,BUY,55,-5.76,False
GOOGL,2022-05-18,5,BUY,55,-5.45,False
GOOGL,2022-05-18,10,BUY,55,5.11,True
GOOGL,2022-05-18,20,BUY,55,-5.24,False
GOOGL,2022-05-19,5,BUY,55,-2.35,False
GOOGL,2022-05-19,10,BUY,55,3.77,True
GOOGL,2022-05-19,20,BUY,55,-2.94,False
GOOGL,2022-05-20,5,BUY,55,3.13,True
GOOGL,2022-05-20,10,BUY,55,7.27,True
GOOGL,2022-05-20,20,BUY,55,2.42,True
GOOGL,2022-05-23,5,BUY,55,2.04,True
GOOGL,2022-05-23,10,BUY,55,5.08,True
GOOGL,2022-05-23,20,BUY,55,-0.0,False
GOOGL,2022-05-24,5,BUY,55,7.48,True
GOOGL,2022-05-24,10,BUY,55,10.59,True
GOOGL,2022-05-24,20,BUY,55,5.92,True
GOOGL,2022-05-25,5,BUY,55,11.17,True
GOOGL,2022-05-25,10,BUY,55,8.54,True
GOOGL,2022-05-25,20,BUY,55,11.5,True
GOOGL,2022-05-26,5,BUY,55,6.26,True
GOOGL,2022-05-26,10,BUY,55,3.13,True
GOOGL,2022-05-26,20,BUY,55,7.46,True
GOOGL,2022-05-27,5,BUY,55,4.01,True
GOOGL,2022-05-27,10,BUY,55,-5.27,False
GOOGL,2022-05-27,20,BUY,55,-0.28,False
GOOGL,2022-05-31,5,BUY,55,2.98,True
GOOGL,2022-05-31,10,BUY,55,-6.19,False
GOOGL,2022-05-31,20,BUY,55,-1.81,False
GOOGL,2022-06-01,5,BUY,55,2.9,True
GOOGL,2022-06-01,10,BUY,55,-3.62,False
GOOGL,2022-06-01,20,BUY,55,-4.33,False
GOOGL,2022-06-02,5,BUY,55,-2.37,False
GOOGL,2022-06-02,10,BUY,55,-9.85,False
GOOGL,2022-06-02,20,BUY,55,-7.55,False
GOOGL,2022-06-03,5,BUY,55,-2.95,False
GOOGL,2022-06-03,10,BUY,55,-6.46,False
GOOGL,2022-06-03,20,BUY,55,-1.12,False
GOOGL,2022-06-06,5,BUY,55,-8.93,False
GOOGL,2022-06-06,10,BUY,55,-4.52,False
GOOGL,2022-06-06,20,BUY,55,-1.92,False
GOOGL,2022-06-07,5,BUY,55,-8.91,False
GOOGL,2022-06-07,10,BUY,55,-4.83,False
GOOGL,2022-06-07,20,BUY,55,1.39,True
GOOGL,2022-06-08,5,BUY,55,-6.34,False
GOOGL,2022-06-08,10,BUY,55,-4.23,False
GOOGL,2022-06-08,20,BUY,55,1.84,True
GOOGL,2022-06-09,5,BUY,55,-7.66,False
GOOGL,2022-06-09,10,BUY,55,2.73,True
GOOGL,2022-06-09,20,BUY,55,0.73,True
GOOGL,2022-06-10,5,BUY,55,-3.61,False
GOOGL,2022-06-10,10,BUY,55,4.2,True
GOOGL,2022-06-10,20,BUY,55,2.57,True
GOOGL,2022-06-13,5,BUY,55,4.84,True
GOOGL,2022-06-13,10,BUY,55,5.28,True
GOOGL,2022-06-13,20,BUY,55,4.66,True
GOOGL,2022-06-14,5,BUY,55,4.47,True
GOOGL,2022-06-14,10,BUY,55,4.67,True
GOOGL,2022-06-14,20,BUY,55,3.42,True
GOOGL,2022-06-15,5,BUY,55,2.26,True
GOOGL,2022-06-15,10,BUY,55,-0.73,False
GOOGL,2022-06-15,20,BUY,55,1.83,True
GOOGL,2022-06-16,5,BUY,55,11.26,True
GOOGL,2022-06-16,10,BUY,55,2.55,True
GOOGL,2022-06-16,20,BUY,55,2.83,True
GOOGL,2022-06-17,5,BUY,55,8.11,True
GOOGL,2022-06-17,10,BUY,55,5.71,True
GOOGL,2022-06-17,20,BUY,55,6.22,True
GOOGL,2022-06-21,5,BUY,55,0.42,True
GOOGL,2022-06-21,10,BUY,55,2.71,True
GOOGL,2022-06-21,20,BUY,55,2.11,True
GOOGL,2022-06-22,5,BUY,55,0.19,True
GOOGL,2022-06-22,10,BUY,55,6.54,True
GOOGL,2022-06-22,20,BUY,55,2.56,True
GOOGL,2022-06-23,5,BUY,55,-2.92,False
GOOGL,2022-06-23,10,BUY,55,6.34,True
GOOGL,2022-06-23,20,BUY,55,-3.87,False
GOOGL,2022-06-24,5,BUY,55,-7.83,False
GOOGL,2022-06-24,10,BUY,55,-1.95,False
GOOGL,2022-06-24,20,BUY,55,-8.87,False
GOOGL,2022-06-27,5,BUY,55,-2.22,False
GOOGL,2022-06-27,10,BUY,55,-1.57,False
GOOGL,2022-06-27,20,BUY,55,-9.34,False
GOOGL,2022-06-28,5,BUY,55,2.29,True
GOOGL,2022-06-28,10,BUY,55,-0.58,False
GOOGL,2022-06-28,20,BUY,55,0.94,True
GOOGL,2022-06-29,5,BUY,55,6.34,True
GOOGL,2022-06-29,10,BUY,55,-1.19,False
GOOGL,2022-06-29,20,BUY,55,2.25,True
GOOGL,2022-06-30,5,BUY,55,9.54,True
GOOGL,2022-06-30,10,BUY,55,2.58,True
GOOGL,2022-06-30,20,BUY,55,6.75,True
GOOGL,2022-07-01,5,BUY,55,6.38,True
GOOGL,2022-07-01,10,BUY,55,0.27,True
GOOGL,2022-07-01,20,BUY,55,5.63,True
GOOGL,2022-07-05,5,BUY,55,0.67,True
GOOGL,2022-07-05,10,BUY,55,0.48,True
GOOGL,2022-07-05,20,BUY,55,1.65,True
GOOGL,2022-07-06,5,BUY,55,-2.81,False
GOOGL,2022-07-06,10,BUY,55,-0.59,False
GOOGL,2022-07-06,20,BUY,55,3.06,True
GOOGL,2022-07-07,5,BUY,55,-7.08,False
GOOGL,2022-07-07,10,BUY,55,-3.74,False
GOOGL,2022-07-07,20,BUY,55,-0.5,False
GOOGL,2022-07-08,5,SELL,55,-6.35,True
GOOGL,2022-07-08,10,SELL,55,-9.6,True
GOOGL,2022-07-08,20,SELL,55,-1.58,True
GOOGL,2022-07-11,5,SELL,55,-5.75,True
GOOGL,2022-07-11,10,SELL,55,-7.06,True
GOOGL,2022-07-11,20,SELL,55,1.4,False
GOOGL,2022-07-12,5,BUY,55,-0.18,False
GOOGL,2022-07-12,10,BUY,55,-7.89,False
GOOGL,2022-07-12,20,BUY,55,2.29,True
GOOGL,2022-07-13,5,BUY,55,2.29,True
GOOGL,2022-07-13,10,BUY,55,1.53,True
GOOGL,2022-07-13,20,BUY,55,7.5,True
GOOGL,2022-07-14,5,BUY,55,3.6,True
GOOGL,2022-07-14,10,BUY,55,3.49,True
GOOGL,2022-07-14,20,BUY,55,7.68,True
GOOGL,2022-07-15,5,BUY,55,-3.47,False
GOOGL,2022-07-15,10,BUY,55,4.06,True
GOOGL,2022-07-15,20,BUY,55,8.86,True
GOOGL,2022-07-19,5,BUY,55,-7.72,False
GOOGL,2022-07-19,10,BUY,55,1.16,True
GOOGL,2022-07-19,20,BUY,55,6.93,True
GOOGL,2022-07-20,5,BUY,55,-0.74,False
GOOGL,2022-07-20,10,BUY,55,3.67,True
GOOGL,2022-07-20,20,BUY,55,4.96,True
GOOGL,2022-07-21,5,BUY,55,-0.1,False
GOOGL,2022-07-21,10,BUY,55,3.37,True
GOOGL,2022-07-21,20,BUY,55,5.1,True
GOOGL,2022-07-22,5,BUY,55,7.8,True
GOOGL,2022-07-22,10,BUY,55,8.87,True
GOOGL,2022-07-22,20,BUY,55,8.63,True
GOOGL,2022-07-25,5,BUY,55,6.84,True
GOOGL,2022-07-25,10,BUY,55,9.11,True
GOOGL,2022-07-25,20,BUY,55,6.26,True
GOOGL,2022-07-28,5,BUY,55,3.48,True
GOOGL,2022-07-28,10,BUY,55,4.04,True
GOOGL,2022-07-28,20,BUY,55,2.13,True
GOOGL,2022-07-29,5,BUY,55,0.99,True
GOOGL,2022-07-29,10,BUY,55,4.61,True
GOOGL,2022-07-29,20,BUY,55,-5.14,False
GOOGL,2022-08-01,5,BUY,55,2.12,True
GOOGL,2022-08-01,10,BUY,55,6.29,True
GOOGL,2022-08-01,20,BUY,55,-4.74,False
GOOGL,2022-08-02,5,SELL,55,1.3,False
GOOGL,2022-08-02,10,SELL,55,5.71,False
GOOGL,2022-08-02,20,SELL,55,-5.38,True
GOOGL,2022-08-03,5,SELL,55,1.37,False
GOOGL,2022-08-03,10,SELL,55,1.24,False
GOOGL,2022-08-03,20,SELL,55,-8.35,True
GOOGL,2022-08-04,5,BUY,55,0.55,True
GOOGL,2022-08-04,10,BUY,55,1.68,True
GOOGL,2022-08-04,20,BUY,55,-7.15,False
GOOGL,2022-08-05,5,SELL,55,3.58,False
GOOGL,2022-08-05,10,SELL,55,-0.22,True
GOOGL,2022-08-05,20,SELL,55,-8.19,True
GOOGL,2022-08-08,5,BUY,55,4.08,True
GOOGL,2022-08-08,10,BUY,55,-2.61,False
GOOGL,2022-08-08,20,BUY,55,-8.94,False
GOOGL,2022-08-09,5,BUY,55,4.35,True
GOOGL,2022-08-09,10,BUY,55,-2.38,False
GOOGL,2022-08-09,20,BUY,55,-6.16,False
GOOGL,2022-08-10,5,BUY,55,-0.13,False
GOOGL,2022-08-10,10,BUY,55,-5.02,False
GOOGL,2022-08-10,20,BUY,55,-9.46,False
GOOGL,2022-08-11,5,SELL,55,1.12,False
GOOGL,2022-08-11,10,SELL,55,-1.84,True
GOOGL,2022-08-11,20,SELL,55,-6.89,True
GOOGL,2022-08-12,5,SELL,55,-3.67,True
GOOGL,2022-08-12,10,SELL,55,-9.32,True
GOOGL,2022-08-12,20,SELL,55,-8.89,True
GOOGL,2022-08-15,5,SELL,55,-6.42,True
GOOGL,2022-08-15,10,SELL,55,-10.37,True
GOOGL,2022-08-15,20,SELL,55,-14.55,True
GOOGL,2022-08-16,5,SELL,55,-6.44,True
GOOGL,2022-08-16,10,SELL,55,-10.48,True
GOOGL,2022-08-16,20,SELL,55,-13.72,True
GOOGL,2022-08-17,5,BUY,55,-4.9,False
GOOGL,2022-08-17,10,BUY,55,-9.48,False
GOOGL,2022-08-17,20,BUY,55,-13.92,False
GOOGL,2022-08-18,5,BUY,55,-2.93,False
GOOGL,2022-08-18,10,BUY,55,-8.68,False
GOOGL,2022-08-18,20,BUY,55,-14.45,False
GOOGL,2022-08-19,5,BUY,55,-5.86,False
GOOGL,2022-08-19,10,BUY,55,-7.99,False
GOOGL,2022-08-19,20,BUY,55,-12.06,False
GOOGL,2022-08-22,5,BUY,55,-4.22,False
GOOGL,2022-08-22,10,BUY,55,-6.5,False
GOOGL,2022-08-22,20,BUY,55,-11.47,False
GOOGL,2022-08-23,5,BUY,55,-4.32,False
GOOGL,2022-08-23,10,BUY,55,-3.87,False
GOOGL,2022-08-23,20,BUY,55,-12.81,False
GOOGL,2022-08-24,5,BUY,55,-4.81,False
GOOGL,2022-08-24,10,BUY,55,-4.67,False
GOOGL,2022-08-24,20,BUY,55,-11.92,False
GOOGL,2022-08-25,5,BUY,55,-5.92,False
GOOGL,2022-08-25,10,BUY,55,-5.14,False
GOOGL,2022-08-25,20,BUY,55,-15.35,False
GOOGL,2022-08-26,5,BUY,55,-2.26,False
GOOGL,2022-08-26,10,BUY,55,0.47,True
GOOGL,2022-08-26,20,BUY,55,-11.03,False
GOOGL,2022-08-29,5,BUY,55,-2.39,False
GOOGL,2022-08-29,10,BUY,55,-4.66,False
GOOGL,2022-08-29,20,BUY,55,-10.89,False
GOOGL,2022-08-30,5,BUY,55,0.47,True
GOOGL,2022-08-30,10,BUY,55,-3.62,False
GOOGL,2022-08-30,20,BUY,55,-8.16,False
GOOGL,2022-08-31,5,BUY,55,0.15,True
GOOGL,2022-08-31,10,BUY,55,-4.91,False
GOOGL,2022-08-31,20,BUY,55,-9.98,False
GOOGL,2022-09-01,5,BUY,55,0.83,True
GOOGL,2022-09-01,10,BUY,55,-6.32,False
GOOGL,2022-09-01,20,BUY,55,-12.84,False
GOOGL,2022-09-02,5,BUY,55,2.79,True
GOOGL,2022-09-02,10,BUY,55,-4.43,False
GOOGL,2022-09-02,20,BUY,55,-8.54,False
GOOGL,2022-09-06,5,BUY,55,-2.33,False
GOOGL,2022-09-06,10,BUY,55,-5.31,False
GOOGL,2022-09-06,20,BUY,55,-4.84,False
GOOGL,2022-09-07,5,BUY,55,-4.07,False
GOOGL,2022-09-07,10,BUY,55,-9.29,False
GOOGL,2022-09-07,20,BUY,55,-7.33,False
GOOGL,2022-09-08,5,BUY,55,-5.05,False
GOOGL,2022-09-08,10,BUY,55,-7.6,False
GOOGL,2022-09-08,20,BUY,55,-6.42,False
GOOGL,2022-09-12,5,BUY,55,-7.03,False
GOOGL,2022-09-12,10,BUY,55,-11.45,False
GOOGL,2022-09-12,20,BUY,55,-11.73,False
GOOGL,2022-09-13,5,BUY,55,-3.05,False
GOOGL,2022-09-13,10,BUY,55,-6.54,False
GOOGL,2022-09-13,20,BUY,55,-6.84,False
GOOGL,2022-09-14,5,BUY,55,-5.45,False
GOOGL,2022-09-14,10,BUY,55,-4.71,False
GOOGL,2022-09-14,20,BUY,55,-7.09,False
GOOGL,2022-09-15,5,BUY,55,-2.69,False
GOOGL,2022-09-15,10,BUY,55,-5.33,False
GOOGL,2022-09-15,20,BUY,55,-3.74,False
GOOGL,2022-09-16,5,BUY,55,-3.95,False
GOOGL,2022-09-16,10,BUY,55,-6.96,False
GOOGL,2022-09-16,20,BUY,55,-6.07,False
GOOGL,2022-09-19,5,BUY,55,-4.75,False
GOOGL,2022-09-19,10,BUY,55,-4.3,False
GOOGL,2022-09-19,20,BUY,55,-3.01,False
GOOGL,2022-09-20,5,BUY,55,-3.6,False
GOOGL,2022-09-20,10,BUY,55,0.49,True
GOOGL,2022-09-20,20,BUY,55,-0.37,False
GOOGL,2022-09-21,5,BUY,55,0.78,True
GOOGL,2022-09-21,10,BUY,55,2.17,True
GOOGL,2022-09-21,20,BUY,55,0.35,True
GOOGL,2022-09-22,5,BUY,55,-2.72,False
GOOGL,2022-09-22,10,BUY,55,1.28,True
GOOGL,2022-09-22,20,BUY,55,-0.17,False
GOOGL,2022-09-23,5,BUY,55,-3.13,False
GOOGL,2022-09-23,10,BUY,55,-0.06,False
GOOGL,2022-09-23,20,BUY,55,2.42,True
GOOGL,2022-09-26,5,BUY,55,0.48,True
GOOGL,2022-09-26,10,BUY,55,-0.32,False
GOOGL,2022-09-26,20,BUY,55,4.43,True
GOOGL,2022-09-27,5,BUY,55,4.25,True
GOOGL,2022-09-27,10,BUY,55,-0.33,False
GOOGL,2022-09-27,20,BUY,55,7.16,True
GOOGL,2022-09-28,5,BUY,55,1.38,True
GOOGL,2022-09-28,10,BUY,55,-2.49,False
GOOGL,2022-09-28,20,BUY,55,-5.12,False
GOOGL,2022-09-29,5,BUY,55,4.11,True
GOOGL,2022-09-29,10,BUY,55,1.68,True
GOOGL,2022-09-29,20,BUY,55,-5.34,False
GOOGL,2022-09-30,5,BUY,55,3.17,True
GOOGL,2022-09-30,10,BUY,55,0.95,True
GOOGL,2022-09-30,20,BUY,55,0.67,True
GOOGL,2022-10-03,5,BUY,55,-0.79,False
GOOGL,2022-10-03,10,BUY,55,1.35,True
GOOGL,2022-10-03,20,BUY,55,-4.19,False
GOOGL,2022-10-04,5,BUY,55,-4.39,False
GOOGL,2022-10-04,10,BUY,55,-0.86,False
GOOGL,2022-10-04,20,BUY,55,-10.99,False
GOOGL,2022-10-05,5,BUY,55,-3.82,False
GOOGL,2022-10-05,10,BUY,55,-1.77,False
GOOGL,2022-10-05,20,BUY,55,-14.26,False
GOOGL,2022-10-06,5,BUY,55,-2.33,False
GOOGL,2022-10-06,10,BUY,55,-1.43,False
GOOGL,2022-10-06,20,BUY,55,-17.74,False
GOOGL,2022-10-07,5,BUY,55,-2.15,False
GOOGL,2022-10-07,10,BUY,55,2.48,True
GOOGL,2022-10-07,20,BUY,55,-12.26,False
GOOGL,2022-10-10,5,BUY,55,2.16,True
GOOGL,2022-10-10,10,BUY,55,4.76,True
GOOGL,2022-10-10,20,BUY,55,-9.57,False
GOOGL,2022-10-11,5,BUY,55,3.69,True
GOOGL,2022-10-11,10,BUY,55,7.51,True
GOOGL,2022-10-11,20,BUY,55,-8.52,False
GOOGL,2022-10-12,5,BUY,55,2.12,True
GOOGL,2022-10-12,10,BUY,55,-2.7,False
GOOGL,2022-10-12,20,BUY,55,-10.5,False
GOOGL,2022-10-13,5,BUY,55,0.92,True
GOOGL,2022-10-13,10,BUY,55,-6.9,False
GOOGL,2022-10-13,20,BUY,55,-5.17,False
GOOGL,2022-10-14,5,BUY,55,4.73,True
GOOGL,2022-10-14,10,BUY,55,-0.28,False
GOOGL,2022-10-14,20,BUY,55,-0.16,False
GOOGL,2022-10-17,5,BUY,55,2.55,True
GOOGL,2022-10-17,10,BUY,55,-5.46,False
GOOGL,2022-10-17,20,BUY,55,-4.27,False
GOOGL,2022-10-18,5,BUY,55,3.68,True
GOOGL,2022-10-18,10,BUY,55,-10.22,False
GOOGL,2022-10-18,20,BUY,55,-2.31,False
GOOGL,2022-10-19,5,BUY,55,-4.72,False
GOOGL,2022-10-19,10,BUY,55,-12.71,False
GOOGL,2022-10-19,20,BUY,55,-0.78,False
GOOGL,2022-10-20,5,BUY,55,-7.75,False
GOOGL,2022-10-20,10,BUY,55,-16.54,False
GOOGL,2022-10-20,20,BUY,55,-1.61,False
GOOGL,2022-10-21,5,BUY,55,-4.79,False
GOOGL,2022-10-21,10,BUY,55,-14.39,False
GOOGL,2022-10-21,20,BUY,55,-3.66,False
GOOGL,2022-10-24,5,BUY,55,-7.81,False
GOOGL,2022-10-24,10,BUY,55,-13.69,False
GOOGL,2022-10-24,20,BUY,55,-6.75,False
GOOGL,2022-10-25,5,BUY,55,-13.41,False
GOOGL,2022-10-25,10,BUY,55,-14.91,False
GOOGL,2022-10-25,20,BUY,55,-7.11,False
GOOGL,2022-10-26,5,BUY,55,-8.39,False
GOOGL,2022-10-26,10,BUY,55,-8.02,False
GOOGL,2022-10-26,20,BUY,55,3.72,True
GOOGL,2022-10-27,5,BUY,55,-9.53,False
GOOGL,2022-10-27,10,BUY,55,1.87,True
GOOGL,2022-10-27,20,BUY,55,5.68,True
GOOGL,2022-10-28,5,BUY,55,-10.08,False
GOOGL,2022-10-28,10,BUY,55,0.12,True
GOOGL,2022-10-28,20,BUY,55,-0.25,False
GOOGL,2022-10-31,5,BUY,55,-6.37,False
GOOGL,2022-10-31,10,BUY,55,1.26,True
GOOGL,2022-10-31,20,BUY,55,0.72,True
GOOGL,2022-11-01,5,BUY,55,-1.74,False
GOOGL,2022-11-01,10,BUY,55,8.81,True
GOOGL,2022-11-01,20,BUY,55,11.63,True
GOOGL,2022-11-02,5,BUY,55,0.4,True
GOOGL,2022-11-02,10,BUY,55,13.66,True
GOOGL,2022-11-02,20,BUY,55,16.12,True
GOOGL,2022-11-03,5,BUY,55,12.6,True
GOOGL,2022-11-03,10,BUY,55,17.9,True
GOOGL,2022-11-03,20,BUY,55,20.39,True
GOOGL,2022-11-04,5,BUY,55,11.35,True
GOOGL,2022-11-04,10,BUY,55,12.53,True
GOOGL,2022-11-04,20,BUY,55,14.9,True
GOOGL,2022-11-07,5,BUY,55,8.15,True
GOOGL,2022-11-07,10,BUY,55,8.03,True
GOOGL,2022-11-07,20,BUY,55,9.59,True
GOOGL,2022-11-08,5,BUY,55,10.73,True
GOOGL,2022-11-08,10,BUY,55,9.17,True
GOOGL,2022-11-08,20,BUY,55,6.79,True
GOOGL,2022-11-09,5,BUY,55,13.2,True
GOOGL,2022-11-09,10,BUY,55,12.76,True
GOOGL,2022-11-09,20,BUY,55,7.32,True
GOOGL,2022-11-10,5,BUY,55,4.71,True
GOOGL,2022-11-10,10,BUY,55,3.75,True
GOOGL,2022-11-10,20,BUY,55,-1.18,False
GOOGL,2022-11-11,5,BUY,55,1.06,True
GOOGL,2022-11-11,10,BUY,55,-0.37,False
GOOGL,2022-11-11,20,BUY,55,-3.22,False
GOOGL,2022-11-14,5,BUY,55,-0.1,False
GOOGL,2022-11-14,10,BUY,55,-0.53,False
GOOGL,2022-11-14,20,BUY,55,-0.07,False
GOOGL,2022-11-16,5,SELL,55,-0.39,True
GOOGL,2022-11-16,10,SELL,55,2.16,False
GOOGL,2022-11-16,20,SELL,55,-8.08,True
GOOGL,2022-11-17,5,BUY,55,-0.92,False
GOOGL,2022-11-17,10,BUY,55,2.11,True
GOOGL,2022-11-17,20,BUY,55,-8.24,False
GOOGL,2022-11-18,5,BUY,55,-1.42,False
GOOGL,2022-11-18,10,BUY,55,2.1,True
GOOGL,2022-11-18,20,BUY,55,-9.23,False
GOOGL,2022-11-22,5,SELL,55,4.06,False
GOOGL,2022-11-22,10,SELL,55,-2.17,True
GOOGL,2022-11-22,20,SELL,55,-7.7,True
GOOGL,2022-11-23,5,SELL,55,2.57,False
GOOGL,2022-11-23,10,SELL,55,-4.82,True
GOOGL,2022-11-23,20,SELL,55,-10.87,True
GOOGL,2022-11-25,5,SELL,55,3.06,False
GOOGL,2022-11-25,10,SELL,55,-4.75,True
GOOGL,2022-11-25,20,SELL,55,-8.44,True
GOOGL,2022-11-28,5,BUY,55,3.57,True
GOOGL,2022-11-28,10,BUY,55,-2.85,False
GOOGL,2022-11-28,20,BUY,55,-9.02,False
GOOGL,2022-11-29,5,BUY,55,1.88,True
GOOGL,2022-11-29,10,BUY,55,0.46,True
GOOGL,2022-11-29,20,BUY,55,-9.63,False
GOOGL,2022-11-30,5,BUY,55,-5.99,False
GOOGL,2022-11-30,10,BUY,55,-5.86,False
GOOGL,2022-11-30,20,BUY,55,-12.42,False
GOOGL,2022-12-01,5,BUY,55,-7.21,False
GOOGL,2022-12-01,10,BUY,55,-10.03,False
GOOGL,2022-12-01,20,BUY,55,-12.63,False
GOOGL,2022-12-02,5,BUY,55,-7.58,False
GOOGL,2022-12-02,10,BUY,55,-10.14,False
GOOGL,2022-12-02,20,BUY,55,-11.27,False
GOOGL,2022-12-05,5,BUY,55,-6.2,False
GOOGL,2022-12-05,10,BUY,55,-11.1,False
GOOGL,2022-12-05,20,BUY,55,-11.46,False
GOOGL,2022-12-06,5,BUY,55,-1.39,False
GOOGL,2022-12-06,10,BUY,55,-8.21,False
GOOGL,2022-12-06,20,BUY,55,-11.12,False
GOOGL,2022-12-08,5,BUY,55,-3.04,False
GOOGL,2022-12-08,10,BUY,55,-6.35,False
GOOGL,2022-12-08,20,BUY,55,-6.07,False
GOOGL,2022-12-09,5,BUY,55,-2.77,False
GOOGL,2022-12-09,10,BUY,55,-3.88,False
GOOGL,2022-12-09,20,BUY,55,-4.75,False
GOOGL,2022-12-12,5,BUY,55,-5.22,False
GOOGL,2022-12-12,10,BUY,55,-6.34,False
GOOGL,2022-12-12,20,BUY,55,-1.92,False
GOOGL,2022-12-13,5,BUY,55,-6.91,False
GOOGL,2022-12-13,10,BUY,55,-10.05,False
GOOGL,2022-12-13,20,BUY,55,-4.71,False
GOOGL,2022-12-14,5,BUY,55,-5.77,False
GOOGL,2022-12-14,10,BUY,55,-6.96,False
GOOGL,2022-12-14,20,BUY,55,-3.1,False
GOOGL,2022-12-15,5,BUY,55,-3.41,False
GOOGL,2022-12-15,10,BUY,55,-2.89,False
GOOGL,2022-12-15,20,BUY,55,0.47,True
GOOGL,2022-12-16,5,BUY,55,-1.14,False
GOOGL,2022-12-16,10,BUY,55,-1.26,False
GOOGL,2022-12-16,20,BUY,55,0.95,True
GOOGL,2022-12-19,5,BUY,55,-1.19,False
GOOGL,2022-12-19,10,BUY,55,-0.41,False
GOOGL,2022-12-19,20,BUY,55,5.21,True
GOOGL,2022-12-21,5,BUY,55,-1.26,False
GOOGL,2022-12-21,10,BUY,55,-2.5,False
GOOGL,2022-12-21,20,BUY,55,11.4,True
GOOGL,2022-12-22,5,BUY,55,0.54,True
GOOGL,2022-12-22,10,BUY,55,0.3,True
GOOGL,2022-12-22,20,BUY,55,11.33,True
GOOGL,2022-12-23,5,BUY,55,-0.12,False
GOOGL,2022-12-23,10,BUY,55,-0.91,False
GOOGL,2022-12-23,20,BUY,55,6.71,True
GOOGL,2022-12-27,5,BUY,55,0.79,True
GOOGL,2022-12-27,10,BUY,55,4.73,True
GOOGL,2022-12-27,20,BUY,55,11.59,True
GOOGL,2022-12-28,5,BUY,55,0.21,True
GOOGL,2022-12-28,10,BUY,55,5.94,True
GOOGL,2022-12-28,20,BUY,55,15.52,True
GOOGL,2022-12-29,5,BUY,55,-1.25,False
GOOGL,2022-12-29,10,BUY,55,4.15,True
GOOGL,2022-12-29,20,BUY,55,9.6,True
GOOGL,2022-12-30,5,BUY,55,-0.24,False
GOOGL,2022-12-30,10,BUY,55,3.47,True
GOOGL,2022-12-30,20,BUY,55,12.03,True
GOOGL,2023-01-03,5,BUY,55,-0.79,False
GOOGL,2023-01-03,10,BUY,55,2.24,True
GOOGL,2023-01-03,20,BUY,55,12.69,True
GOOGL,2023-01-04,5,BUY,55,3.91,True
GOOGL,2023-01-04,10,BUY,55,5.64,True
GOOGL,2023-01-04,20,BUY,55,22.32,True
GOOGL,2023-01-05,5,BUY,55,5.72,True
GOOGL,2023-01-05,10,BUY,55,13.71,True
GOOGL,2023-01-05,20,BUY,55,21.55,True
GOOGL,2023-01-06,5,BUY,55,5.47,True
GOOGL,2023-01-06,10,BUY,55,14.25,True
GOOGL,2023-01-06,20,BUY,55,17.82,True
GOOGL,2023-01-09,5,BUY,55,3.72,True
GOOGL,2023-01-09,10,BUY,55,11.0,True
GOOGL,2023-01-09,20,BUY,55,22.29,True
GOOGL,2023-01-10,5,BUY,55,3.05,True
GOOGL,2023-01-10,10,BUY,55,7.69,True
GOOGL,2023-01-10,20,BUY,55,12.38,True
GOOGL,2023-01-11,5,BUY,55,1.67,True
GOOGL,2023-01-11,10,BUY,55,6.56,True
GOOGL,2023-01-11,20,BUY,55,3.81,True
GOOGL,2023-01-12,5,BUY,55,7.56,True
GOOGL,2023-01-12,10,BUY,55,9.04,True
GOOGL,2023-01-12,20,BUY,55,3.77,True
GOOGL,2023-01-13,5,BUY,55,8.33,True
GOOGL,2023-01-13,10,BUY,55,5.23,True
GOOGL,2023-01-13,20,BUY,55,2.7,True
GOOGL,2023-01-17,5,BUY,55,7.02,True
GOOGL,2023-01-17,10,BUY,55,8.27,True
GOOGL,2023-01-17,20,BUY,55,3.71,True
GOOGL,2023-01-18,5,BUY,55,4.5,True
GOOGL,2023-01-18,10,BUY,55,10.22,True
GOOGL,2023-01-18,20,BUY,55,6.39,True
GOOGL,2023-01-19,5,BUY,55,4.8,True
GOOGL,2023-01-19,10,BUY,55,15.79,True
GOOGL,2023-01-19,20,BUY,55,2.64,True
GOOGL,2023-01-20,5,BUY,55,1.38,True
GOOGL,2023-01-20,10,BUY,55,6.9,True
GOOGL,2023-01-20,20,BUY,55,-3.74,False
GOOGL,2023-01-23,5,SELL,55,-2.86,True
GOOGL,2023-01-23,10,SELL,55,3.12,False
GOOGL,2023-01-23,20,SELL,55,-8.02,True
GOOGL,2023-01-24,5,SELL,55,1.17,False
GOOGL,2023-01-24,10,SELL,55,10.17,False
GOOGL,2023-01-24,20,SELL,55,-6.19,True
GOOGL,2023-01-25,5,BUY,55,5.47,True
GOOGL,2023-01-25,10,BUY,55,4.36,True
GOOGL,2023-01-25,20,BUY,55,-4.55,False
GOOGL,2023-01-26,5,SELL,55,10.48,False
GOOGL,2023-01-26,10,SELL,55,-2.57,True
GOOGL,2023-01-26,20,SELL,55,-8.6,True
GOOGL,2023-01-27,5,SELL,55,5.44,False
GOOGL,2023-01-27,10,SELL,55,-4.83,True
GOOGL,2023-01-27,20,SELL,55,-9.56,True
GOOGL,2023-01-30,5,SELL,55,6.15,False
GOOGL,2023-01-30,10,SELL,55,-2.4,True
GOOGL,2023-01-30,20,SELL,55,-7.1,True
GOOGL,2023-01-31,5,SELL,55,8.9,False
GOOGL,2023-01-31,10,SELL,55,-4.21,True
GOOGL,2023-01-31,20,SELL,55,-8.58,True
GOOGL,2023-02-02,5,SELL,55,-11.82,True
GOOGL,2023-02-02,10,SELL,55,-11.35,True
GOOGL,2023-02-02,20,SELL,55,-13.08,True
GOOGL,2023-02-03,5,BUY,55,-9.74,False
GOOGL,2023-02-03,10,BUY,55,-9.95,False
GOOGL,2023-02-03,20,BUY,55,-9.21,False
GOOGL,2023-02-06,5,SELL,55,-8.06,True
GOOGL,2023-02-06,10,SELL,55,-10.8,True
GOOGL,2023-02-06,20,SELL,55,-8.79,True
GOOGL,2023-02-07,5,SELL,55,-12.04,True
GOOGL,2023-02-07,10,SELL,55,-14.86,True
GOOGL,2023-02-07,20,SELL,55,-12.44,True
GOOGL,2023-02-08,5,BUY,55,-2.45,False
GOOGL,2023-02-08,10,BUY,55,-8.53,False
GOOGL,2023-02-08,20,BUY,55,-7.09,False
GOOGL,2023-02-09,5,BUY,55,0.53,True
GOOGL,2023-02-09,10,BUY,55,-6.19,False
GOOGL,2023-02-09,20,BUY,55,-4.61,False
GOOGL,2023-02-10,5,BUY,55,-0.23,False
GOOGL,2023-02-10,10,BUY,55,-4.97,False
GOOGL,2023-02-10,20,BUY,55,-3.66,False
GOOGL,2023-02-13,5,BUY,55,-2.98,False
GOOGL,2023-02-13,10,BUY,55,-4.81,False
GOOGL,2023-02-13,20,BUY,55,-0.68,False
GOOGL,2023-02-14,5,BUY,55,-3.2,False
GOOGL,2023-02-14,10,BUY,55,-4.56,False
GOOGL,2023-02-14,20,BUY,55,1.51,True
GOOGL,2023-02-15,5,BUY,55,-6.24,False
GOOGL,2023-02-15,10,BUY,55,-5.1,False
GOOGL,2023-02-15,20,BUY,55,3.49,True
GOOGL,2023-02-16,5,BUY,55,-6.68,False
GOOGL,2023-02-16,10,BUY,55,-1.95,False
GOOGL,2023-02-16,20,BUY,55,6.4,True
GOOGL,2023-02-17,5,BUY,55,-4.75,False
GOOGL,2023-02-17,10,BUY,55,0.83,True
GOOGL,2023-02-17,20,BUY,55,7.28,True
GOOGL,2023-02-21,5,BUY,55,-1.88,False
GOOGL,2023-02-21,10,BUY,55,2.26,True
GOOGL,2023-02-21,20,BUY,55,14.3,True
GOOGL,2023-02-22,5,BUY,55,-1.41,False
GOOGL,2023-02-22,10,BUY,55,2.84,True
GOOGL,2023-02-22,20,BUY,55,12.79,True
GOOGL,2023-02-23,5,BUY,55,1.22,True
GOOGL,2023-02-23,10,BUY,55,1.57,True
GOOGL,2023-02-23,20,BUY,55,16.18,True
GOOGL,2023-02-24,5,BUY,55,5.07,True
GOOGL,2023-02-24,10,BUY,55,1.68,True
GOOGL,2023-02-24,20,BUY,55,18.3,True
GOOGL,2023-02-27,5,BUY,55,5.85,True
GOOGL,2023-02-27,10,BUY,55,1.38,True
GOOGL,2023-02-27,20,BUY,55,14.01,True
GOOGL,2023-02-28,5,BUY,55,4.22,True
GOOGL,2023-02-28,10,BUY,55,4.34,True
GOOGL,2023-02-28,20,BUY,55,12.18,True
GOOGL,2023-03-01,5,BUY,55,4.31,True
GOOGL,2023-03-01,10,BUY,55,6.36,True
GOOGL,2023-03-01,20,BUY,55,12.21,True
GOOGL,2023-03-02,5,BUY,55,0.35,True
GOOGL,2023-03-02,10,BUY,55,9.04,True
GOOGL,2023-03-02,20,BUY,55,9.66,True
GOOGL,2023-03-03,5,BUY,55,-3.22,False
GOOGL,2023-03-03,10,BUY,55,8.51,True
GOOGL,2023-03-03,20,BUY,55,10.76,True
GOOGL,2023-03-06,5,BUY,55,-4.23,False
GOOGL,2023-03-06,10,BUY,55,6.4,True
GOOGL,2023-03-06,20,BUY,55,9.7,True
GOOGL,2023-03-07,5,BUY,55,0.12,True
GOOGL,2023-03-07,10,BUY,55,11.78,True
GOOGL,2023-03-07,20,BUY,55,11.57,True
GOOGL,2023-03-09,5,BUY,55,8.67,True
GOOGL,2023-03-09,10,BUY,55,14.38,True
GOOGL,2023-03-09,20,BUY,55,17.44,True
GOOGL,2023-03-10,5,BUY,55,12.13,True
GOOGL,2023-03-10,10,BUY,55,16.34,True
GOOGL,2023-03-10,20,BUY,55,17.44,True
GOOGL,2023-03-13,5,BUY,55,11.1,True
GOOGL,2023-03-13,10,BUY,55,12.46,True
GOOGL,2023-03-13,20,BUY,55,15.63,True
GOOGL,2023-03-14,5,BUY,55,11.65,True
GOOGL,2023-03-14,10,BUY,55,7.51,True
GOOGL,2023-03-14,20,BUY,55,11.35,True
GOOGL,2023-03-15,5,BUY,55,7.55,True
GOOGL,2023-03-15,10,BUY,55,5.49,True
GOOGL,2023-03-15,20,BUY,55,11.78,True
GOOGL,2023-03-16,5,BUY,55,5.26,True
GOOGL,2023-03-16,10,BUY,55,0.57,True
GOOGL,2023-03-16,20,BUY,55,8.52,True
GOOGL,2023-03-17,5,BUY,55,3.76,True
GOOGL,2023-03-17,10,BUY,55,2.08,True
GOOGL,2023-03-17,20,BUY,55,4.28,True
GOOGL,2023-03-20,5,SELL,55,1.23,False
GOOGL,2023-03-20,10,SELL,55,3.1,False
GOOGL,2023-03-20,20,SELL,55,3.24,False
GOOGL,2023-03-21,5,SELL,55,-3.71,True
GOOGL,2023-03-21,10,SELL,55,-0.19,True
GOOGL,2023-03-21,20,SELL,55,-0.71,True
GOOGL,2023-03-22,5,SELL,55,-1.92,True
GOOGL,2023-03-22,10,SELL,55,1.06,False
GOOGL,2023-03-22,20,SELL,55,1.86,False
GOOGL,2023-03-23,5,SELL,55,-4.46,True
GOOGL,2023-03-23,10,SELL,55,2.67,False
GOOGL,2023-03-23,20,SELL,55,-0.18,True
GOOGL,2023-03-24,5,SELL,55,-1.62,True
GOOGL,2023-03-24,10,SELL,55,0.95,False
GOOGL,2023-03-24,20,SELL,55,0.5,False
GOOGL,2023-03-28,5,BUY,55,3.65,True
GOOGL,2023-03-28,10,BUY,55,3.57,True
GOOGL,2023-03-28,20,BUY,55,2.65,True
GOOGL,2023-03-29,5,SELL,55,3.04,False
GOOGL,2023-03-29,10,SELL,55,5.96,False
GOOGL,2023-03-29,20,SELL,55,6.12,False
GOOGL,2023-03-30,5,SELL,55,7.46,False
GOOGL,2023-03-30,10,SELL,55,7.91,False
GOOGL,2023-03-30,20,SELL,55,6.39,False
GOOGL,2023-03-31,5,SELL,55,2.61,False
GOOGL,2023-03-31,10,SELL,55,2.16,False
GOOGL,2023-03-31,20,SELL,55,3.35,False
GOOGL,2023-04-03,5,SELL,55,0.95,False
GOOGL,2023-04-03,10,SELL,55,0.13,False
GOOGL,2023-04-03,20,SELL,55,0.92,False
GOOGL,2023-04-04,5,SELL,55,-0.08,True
GOOGL,2023-04-04,10,SELL,55,-0.52,True
GOOGL,2023-04-04,20,SELL,55,0.66,False
GOOGL,2023-04-05,5,BUY,55,2.83,True
GOOGL,2023-04-05,10,BUY,55,0.78,True
GOOGL,2023-04-05,20,BUY,55,0.21,True
GOOGL,2023-04-06,5,BUY,55,0.42,True
GOOGL,2023-04-06,10,BUY,55,-2.78,False
GOOGL,2023-04-06,20,BUY,55,-2.63,False
GOOGL,2023-04-10,5,BUY,55,-0.44,False
GOOGL,2023-04-10,10,BUY,55,-0.44,False
GOOGL,2023-04-10,20,BUY,55,1.25,True
GOOGL,2023-04-11,5,BUY,55,-0.81,False
GOOGL,2023-04-11,10,BUY,55,-1.42,False
GOOGL,2023-04-11,20,BUY,55,1.9,True
GOOGL,2023-04-12,5,BUY,55,-0.44,False
GOOGL,2023-04-12,10,BUY,55,-0.89,False
GOOGL,2023-04-12,20,BUY,55,6.79,True
GOOGL,2023-04-13,5,BUY,55,-1.99,False
GOOGL,2023-04-13,10,BUY,55,0.15,True
GOOGL,2023-04-13,20,BUY,55,8.51,True
GOOGL,2023-04-14,5,BUY,55,-3.18,False
GOOGL,2023-04-14,10,BUY,55,-1.41,False
GOOGL,2023-04-14,20,BUY,55,7.94,True
GOOGL,2023-04-17,5,BUY,55,0.0,False
GOOGL,2023-04-17,10,BUY,55,1.16,True
GOOGL,2023-04-17,20,BUY,55,9.95,True
GOOGL,2023-04-18,5,BUY,55,-0.62,False
GOOGL,2023-04-18,10,BUY,55,0.78,True
GOOGL,2023-04-18,20,BUY,55,14.36,True
GOOGL,2023-04-19,5,BUY,55,-0.45,False
GOOGL,2023-04-19,10,BUY,55,1.18,True
GOOGL,2023-04-19,20,BUY,55,15.99,True
GOOGL,2023-04-20,5,BUY,55,2.18,True
GOOGL,2023-04-20,10,BUY,55,-0.57,False
GOOGL,2023-04-20,20,BUY,55,16.66,True
GOOGL,2023-04-21,5,BUY,55,1.83,True
GOOGL,2023-04-21,10,BUY,55,0.15,True
GOOGL,2023-04-21,20,BUY,55,16.46,True
GOOGL,2023-04-24,5,BUY,55,1.16,True
GOOGL,2023-04-24,10,BUY,55,1.7,True
GOOGL,2023-04-24,20,BUY,55,18.01,True
GOOGL,2023-04-25,5,BUY,55,1.42,True
GOOGL,2023-04-25,10,BUY,55,3.37,True
GOOGL,2023-04-25,20,BUY,55,18.02,True
GOOGL,2023-04-26,5,BUY,55,1.64,True
GOOGL,2023-04-26,10,BUY,55,7.75,True
GOOGL,2023-04-26,20,BUY,55,16.58,True
GOOGL,2023-04-27,5,BUY,55,-2.7,False
GOOGL,2023-04-27,10,BUY,55,8.35,True
GOOGL,2023-04-27,20,BUY,55,14.77,True
GOOGL,2023-04-28,5,BUY,55,-1.65,False
GOOGL,2023-04-28,10,BUY,55,9.47,True
GOOGL,2023-04-28,20,BUY,55,16.09,True
GOOGL,2023-05-01,5,BUY,55,0.53,True
GOOGL,2023-05-01,10,BUY,55,8.68,True
GOOGL,2023-05-01,20,BUY,55,15.36,True
GOOGL,2023-05-02,5,BUY,55,1.93,True
GOOGL,2023-05-02,10,BUY,55,13.47,True
GOOGL,2023-05-02,20,BUY,55,16.66,True
GOOGL,2023-05-03,5,BUY,55,6.01,True
GOOGL,2023-05-03,10,BUY,55,14.64,True
GOOGL,2023-05-03,20,BUY,55,17.37,True
GOOGL,2023-05-04,5,BUY,55,11.35,True
GOOGL,2023-05-04,10,BUY,55,17.33,True
GOOGL,2023-05-04,20,BUY,55,19.08,True
GOOGL,2023-05-05,5,BUY,55,11.31,True
GOOGL,2023-05-05,10,BUY,55,16.28,True
GOOGL,2023-05-05,20,BUY,55,19.36,True
GOOGL,2023-05-08,5,BUY,55,8.11,True
GOOGL,2023-05-08,10,BUY,55,16.03,True
GOOGL,2023-05-08,20,BUY,55,18.13,True
GOOGL,2023-05-09,5,BUY,55,11.33,True
GOOGL,2023-05-09,10,BUY,55,14.17,True
GOOGL,2023-05-09,20,BUY,55,14.11,True
GOOGL,2023-05-10,5,BUY,55,8.13,True
GOOGL,2023-05-10,10,BUY,55,8.19,True
GOOGL,2023-05-10,20,BUY,55,9.3,True
GOOGL,2023-05-11,5,BUY,55,5.37,True
GOOGL,2023-05-11,10,BUY,55,5.93,True
GOOGL,2023-05-11,20,BUY,55,4.86,True
GOOGL,2023-05-12,5,SELL,55,4.47,False
GOOGL,2023-05-12,10,SELL,55,6.04,False
GOOGL,2023-05-12,20,SELL,55,5.22,False
GOOGL,2023-05-15,5,SELL,55,7.33,False
GOOGL,2023-05-15,10,SELL,55,6.15,False
GOOGL,2023-05-15,20,SELL,55,6.28,False
GOOGL,2023-05-16,5,SELL,55,2.55,False
GOOGL,2023-05-16,10,SELL,55,2.81,False
GOOGL,2023-05-16,20,SELL,55,3.48,False
GOOGL,2023-05-17,5,SELL,55,0.05,False
GOOGL,2023-05-17,10,SELL,55,2.38,False
GOOGL,2023-05-17,20,SELL,55,3.52,False
GOOGL,2023-05-18,5,SELL,55,0.53,False
GOOGL,2023-05-18,10,SELL,55,1.5,False
GOOGL,2023-05-18,20,SELL,55,0.57,False
GOOGL,2023-05-19,5,SELL,55,1.51,False
GOOGL,2023-05-19,10,SELL,55,2.65,False
GOOGL,2023-05-19,20,SELL,55,0.28,False
GOOGL,2023-05-22,5,SELL,55,-1.1,True
GOOGL,2023-05-22,10,SELL,55,1.81,False
GOOGL,2023-05-22,20,SELL,55,-3.6,True
GOOGL,2023-05-23,5,SELL,55,0.25,False
GOOGL,2023-05-23,10,SELL,55,-0.05,True
GOOGL,2023-05-23,20,SELL,55,0.48,False
GOOGL,2023-05-24,5,SELL,55,2.33,False
GOOGL,2023-05-24,10,SELL,55,1.03,False
GOOGL,2023-05-24,20,SELL,55,1.19,False
GOOGL,2023-05-25,5,SELL,55,0.96,False
GOOGL,2023-05-25,10,SELL,55,-1.01,True
GOOGL,2023-05-25,20,SELL,55,-4.16,True
GOOGL,2023-05-26,5,SELL,55,1.12,False
GOOGL,2023-05-26,10,SELL,55,-0.78,True
GOOGL,2023-05-26,20,SELL,55,-5.04,True
GOOGL,2023-05-30,5,SELL,55,2.94,False
GOOGL,2023-05-30,10,SELL,55,0.13,False
GOOGL,2023-05-30,20,SELL,55,-2.82,True
GOOGL,2023-05-31,5,SELL,55,-0.3,True
GOOGL,2023-05-31,10,SELL,55,0.65,False
GOOGL,2023-05-31,20,SELL,55,-3.07,True
GOOGL,2023-06-01,5,SELL,55,-1.28,True
GOOGL,2023-06-01,10,SELL,55,1.11,False
GOOGL,2023-06-01,20,SELL,55,-3.25,True
GOOGL,2023-06-02,5,SELL,55,-1.96,True
GOOGL,2023-06-02,10,SELL,55,-0.91,True
GOOGL,2023-06-02,20,SELL,55,-3.83,True
GOOGL,2023-06-05,5,SELL,55,-1.88,True
GOOGL,2023-06-05,10,SELL,55,-2.31,True
GOOGL,2023-06-05,20,SELL,55,-3.38,True
GOOGL,2023-06-06,5,SELL,55,-2.73,True
GOOGL,2023-06-06,10,SELL,55,-5.31,True
GOOGL,2023-06-06,20,SELL,55,-5.66,True
GOOGL,2023-06-07,5,BUY,55,0.96,True
GOOGL,2023-06-07,10,BUY,55,0.53,True
GOOGL,2023-06-07,20,BUY,55,-2.47,False
GOOGL,2023-06-08,5,BUY,55,2.42,True
GOOGL,2023-06-08,10,BUY,55,0.16,True
GOOGL,2023-06-08,20,BUY,55,-4.66,False
GOOGL,2023-06-09,5,BUY,55,1.06,True
GOOGL,2023-06-09,10,BUY,55,-3.18,False
GOOGL,2023-06-09,20,BUY,55,-4.16,False
GOOGL,2023-06-12,5,BUY,55,-0.44,False
GOOGL,2023-06-12,10,BUY,55,-4.29,False
GOOGL,2023-06-12,20,BUY,55,-3.81,False
GOOGL,2023-06-13,5,BUY,55,-2.65,False
GOOGL,2023-06-13,10,BUY,55,-2.95,False
GOOGL,2023-06-13,20,BUY,55,0.57,True
GOOGL,2023-06-14,5,BUY,55,-0.42,False
GOOGL,2023-06-14,10,BUY,55,-3.7,False
GOOGL,2023-06-14,20,BUY,55,1.42,True
GOOGL,2023-06-15,5,BUY,55,-2.2,False
GOOGL,2023-06-15,10,BUY,55,-4.31,False
GOOGL,2023-06-15,20,BUY,55,-0.35,False
GOOGL,2023-06-16,5,BUY,55,-4.2,False
GOOGL,2023-06-16,10,BUY,55,-2.94,False
GOOGL,2023-06-16,20,BUY,55,0.19,True
GOOGL,2023-06-20,5,BUY,55,-3.87,False
GOOGL,2023-06-20,10,BUY,55,-1.1,False
GOOGL,2023-06-20,20,BUY,55,-0.87,False
GOOGL,2023-06-21,5,BUY,55,-0.31,False
GOOGL,2023-06-21,10,BUY,55,-0.37,False
GOOGL,2023-06-21,20,BUY,55,-1.12,False
GOOGL,2023-06-22,5,BUY,55,-3.29,False
GOOGL,2023-06-22,10,BUY,55,-2.98,False
GOOGL,2023-06-22,20,BUY,55,-2.54,False
GOOGL,2023-06-23,5,BUY,55,-2.16,False
GOOGL,2023-06-23,10,BUY,55,-4.81,False
GOOGL,2023-06-23,20,BUY,55,-0.66,False
GOOGL,2023-06-26,5,BUY,55,1.32,True
GOOGL,2023-06-26,10,BUY,55,-1.01,False
GOOGL,2023-06-26,20,BUY,55,3.27,True
GOOGL,2023-06-27,5,BUY,55,2.89,True
GOOGL,2023-06-27,10,BUY,55,0.51,True
GOOGL,2023-06-27,20,BUY,55,9.25,True
GOOGL,2023-06-28,5,BUY,55,-0.06,False
GOOGL,2023-06-28,10,BUY,55,3.63,True
GOOGL,2023-06-28,20,BUY,55,7.67,True
GOOGL,2023-06-29,5,BUY,55,0.32,True
GOOGL,2023-06-29,10,BUY,55,5.31,True
GOOGL,2023-06-29,20,BUY,55,11.32,True
GOOGL,2023-06-30,5,BUY,55,-2.72,False
GOOGL,2023-06-30,10,BUY,55,4.14,True
GOOGL,2023-06-30,20,BUY,55,10.88,True
GOOGL,2023-07-03,5,BUY,55,-2.3,False
GOOGL,2023-07-03,10,BUY,55,3.22,True
GOOGL,2023-07-03,20,BUY,55,9.72,True
GOOGL,2023-07-05,5,BUY,55,-2.32,False
GOOGL,2023-07-05,10,BUY,55,0.23,True
GOOGL,2023-07-05,20,BUY,55,5.45,True
GOOGL,2023-07-06,5,BUY,55,3.69,True
GOOGL,2023-07-06,10,BUY,55,-0.76,False
GOOGL,2023-07-06,20,BUY,55,6.94,True
GOOGL,2023-07-07,5,BUY,55,4.97,True
GOOGL,2023-07-07,10,BUY,55,0.45,True
GOOGL,2023-07-07,20,BUY,55,7.22,True
GOOGL,2023-07-10,5,BUY,55,7.04,True
GOOGL,2023-07-10,10,BUY,55,4.36,True
GOOGL,2023-07-10,20,BUY,55,12.95,True
GOOGL,2023-07-11,5,BUY,55,5.65,True
GOOGL,2023-07-11,10,BUY,55,4.33,True
GOOGL,2023-07-11,20,BUY,55,12.17,True
GOOGL,2023-07-12,5,BUY,55,2.61,True
GOOGL,2023-07-12,10,BUY,55,8.69,True
GOOGL,2023-07-12,20,BUY,55,9.02,True
GOOGL,2023-07-13,5,BUY,55,-4.29,False
GOOGL,2023-07-13,10,BUY,55,3.9,True
GOOGL,2023-07-13,20,BUY,55,4.14,True
GOOGL,2023-07-14,5,BUY,55,-4.31,False
GOOGL,2023-07-14,10,BUY,55,5.71,True
GOOGL,2023-07-14,20,BUY,55,3.3,True
GOOGL,2023-07-17,5,SELL,55,-2.5,True
GOOGL,2023-07-17,10,SELL,55,6.47,False
GOOGL,2023-07-17,20,SELL,55,5.36,False
GOOGL,2023-07-18,5,BUY,55,-1.25,False
GOOGL,2023-07-18,10,BUY,55,6.29,True
GOOGL,2023-07-18,20,BUY,55,4.86,True
GOOGL,2023-07-20,5,BUY,55,8.56,True
GOOGL,2023-07-20,10,BUY,55,7.76,True
GOOGL,2023-07-20,20,BUY,55,8.99,True
GOOGL,2023-07-21,5,BUY,55,10.46,True
GOOGL,2023-07-21,10,BUY,55,6.74,True
GOOGL,2023-07-21,20,BUY,55,6.2,True
GOOGL,2023-07-24,5,BUY,55,9.21,True
GOOGL,2023-07-24,10,BUY,55,8.23,True
GOOGL,2023-07-24,20,BUY,55,5.63,True
GOOGL,2023-07-25,5,BUY,55,7.64,True
GOOGL,2023-07-25,10,BUY,55,7.52,True
GOOGL,2023-07-25,20,BUY,55,5.62,True
GOOGL,2023-07-26,5,BUY,55,-0.69,False
GOOGL,2023-07-26,10,BUY,55,0.3,True
GOOGL,2023-07-26,20,BUY,55,2.4,True
GOOGL,2023-07-27,5,SELL,55,-0.73,True
GOOGL,2023-07-27,10,SELL,55,0.22,False
GOOGL,2023-07-27,20,SELL,55,0.29,False
GOOGL,2023-07-28,5,SELL,55,-3.37,True
GOOGL,2023-07-28,10,SELL,55,-2.28,True
GOOGL,2023-07-28,20,SELL,55,-2.04,True
GOOGL,2023-08-01,5,SELL,55,-0.11,True
GOOGL,2023-08-01,10,SELL,55,-1.35,True
GOOGL,2023-08-01,20,SELL,55,2.3,False
GOOGL,2023-08-03,5,BUY,55,0.97,True
GOOGL,2023-08-03,10,BUY,55,1.14,True
GOOGL,2023-08-03,20,BUY,55,6.01,True
GOOGL,2023-08-04,5,BUY,55,1.13,True
GOOGL,2023-08-04,10,BUY,55,-0.51,False
GOOGL,2023-08-04,20,BUY,55,5.89,True
GOOGL,2023-08-07,5,SELL,55,-0.15,True
GOOGL,2023-08-07,10,SELL,55,-2.4,True
GOOGL,2023-08-07,20,SELL,55,3.22,False
GOOGL,2023-08-08,5,SELL,55,-1.23,True
GOOGL,2023-08-08,10,SELL,55,-1.77,True
GOOGL,2023-08-08,20,SELL,55,2.33,False
GOOGL,2023-08-09,5,SELL,55,-0.74,True
GOOGL,2023-08-09,10,SELL,55,2.09,False
GOOGL,2023-08-09,20,SELL,55,4.32,False
GOOGL,2023-08-10,5,SELL,55,0.18,False
GOOGL,2023-08-10,10,SELL,55,0.07,False
GOOGL,2023-08-10,20,SELL,55,5.16,False
GOOGL,2023-08-11,5,SELL,55,-1.62,True
GOOGL,2023-08-11,10,SELL,55,0.25,False
GOOGL,2023-08-11,20,SELL,55,5.68,False
GOOGL,2023-08-14,5,SELL,55,-2.25,True
GOOGL,2023-08-14,10,SELL,55,-0.24,True
GOOGL,2023-08-14,20,SELL,55,3.05,False
GOOGL,2023-08-15,5,BUY,55,-0.54,False
GOOGL,2023-08-15,10,BUY,55,3.69,True
GOOGL,2023-08-15,20,BUY,55,5.34,True
GOOGL,2023-08-16,5,BUY,55,2.85,True
GOOGL,2023-08-16,10,BUY,55,5.58,True
GOOGL,2023-08-16,20,BUY,55,7.3,True
GOOGL,2023-08-17,5,BUY,55,-0.11,False
GOOGL,2023-08-17,10,BUY,55,4.81,True
GOOGL,2023-08-17,20,BUY,55,5.76,True
GOOGL,2023-08-18,5,BUY,55,1.9,True
GOOGL,2023-08-18,10,BUY,55,6.43,True
GOOGL,2023-08-18,20,BUY,55,8.43,True
GOOGL,2023-08-21,5,BUY,55,2.06,True
GOOGL,2023-08-21,10,BUY,55,5.76,True
GOOGL,2023-08-21,20,BUY,55,7.53,True
GOOGL,2023-08-22,5,BUY,55,4.25,True
GOOGL,2023-08-22,10,BUY,55,4.17,True
GOOGL,2023-08-22,20,BUY,55,3.61,True
GOOGL,2023-08-23,5,BUY,55,2.65,True
GOOGL,2023-08-23,10,BUY,55,2.18,True
GOOGL,2023-08-23,20,BUY,55,-1.46,False
GOOGL,2023-08-24,5,BUY,55,4.92,True
GOOGL,2023-08-24,10,BUY,55,5.09,True
GOOGL,2023-08-24,20,BUY,55,0.36,True
GOOGL,2023-08-25,5,BUY,55,4.45,True
GOOGL,2023-08-25,10,BUY,55,5.42,True
GOOGL,2023-08-25,20,BUY,55,0.95,True
GOOGL,2023-08-28,5,BUY,55,3.63,True
GOOGL,2023-08-28,10,BUY,55,3.31,True
GOOGL,2023-08-28,20,BUY,55,-1.86,False
GOOGL,2023-08-29,5,BUY,55,-0.08,False
GOOGL,2023-08-29,10,BUY,55,1.59,True
GOOGL,2023-08-29,20,BUY,55,-2.99,False
GOOGL,2023-08-30,5,BUY,55,-0.46,False
GOOGL,2023-08-30,10,BUY,55,1.63,True
GOOGL,2023-08-30,20,BUY,55,-2.63,False
GOOGL,2023-08-31,5,BUY,55,0.15,True
GOOGL,2023-08-31,10,BUY,55,0.9,True
GOOGL,2023-08-31,20,BUY,55,-3.9,False
GOOGL,2023-09-01,5,BUY,55,0.93,True
GOOGL,2023-09-01,10,BUY,55,1.88,True
GOOGL,2023-09-01,20,BUY,55,-1.1,False
GOOGL,2023-09-05,5,SELL,55,-0.32,True
GOOGL,2023-09-05,10,SELL,55,1.67,False
GOOGL,2023-09-05,20,SELL,55,-2.46,True
GOOGL,2023-09-06,5,SELL,55,1.67,False
GOOGL,2023-09-06,10,SELL,55,-0.54,True
GOOGL,2023-09-06,20,SELL,55,0.58,False
GOOGL,2023-09-07,5,SELL,55,2.1,False
GOOGL,2023-09-07,10,SELL,55,-3.56,True
GOOGL,2023-09-07,20,SELL,55,-0.14,True
GOOGL,2023-09-08,5,SELL,55,0.75,False
GOOGL,2023-09-08,10,SELL,55,-4.49,True
GOOGL,2023-09-08,20,SELL,55,0.88,False
GOOGL,2023-09-11,5,SELL,55,0.94,False
GOOGL,2023-09-11,10,SELL,55,-4.24,True
GOOGL,2023-09-11,20,SELL,55,1.1,False
GOOGL,2023-09-12,5,SELL,55,1.99,False
GOOGL,2023-09-12,10,SELL,55,-5.0,True
GOOGL,2023-09-12,20,SELL,55,2.01,False
GOOGL,2023-09-13,5,BUY,55,-2.17,False
GOOGL,2023-09-13,10,BUY,55,-4.51,False
GOOGL,2023-09-13,20,BUY,55,2.81,True
GOOGL,2023-09-14,5,SELL,55,-5.55,True
GOOGL,2023-09-14,10,SELL,55,-4.19,True
GOOGL,2023-09-14,20,SELL,55,0.63,False
GOOGL,2023-09-15,5,BUY,55,-5.2,False
GOOGL,2023-09-15,10,BUY,55,-4.76,False
GOOGL,2023-09-15,20,BUY,55,-0.03,False
GOOGL,2023-09-18,5,SELL,55,-5.14,True
GOOGL,2023-09-18,10,SELL,55,-2.92,True
GOOGL,2023-09-18,20,SELL,55,0.64,False
GOOGL,2023-09-19,5,BUY,55,-6.86,False
GOOGL,2023-09-19,10,BUY,55,-4.06,False
GOOGL,2023-09-19,20,BUY,55,1.22,True
GOOGL,2023-09-20,5,BUY,55,-2.39,False
GOOGL,2023-09-20,10,BUY,55,1.12,True
GOOGL,2023-09-20,20,BUY,55,3.16,True
GOOGL,2023-09-21,5,BUY,55,1.43,True
GOOGL,2023-09-21,10,BUY,55,3.55,True
GOOGL,2023-09-21,20,BUY,55,5.6,True
GOOGL,2023-09-22,5,BUY,55,0.47,True
GOOGL,2023-09-22,10,BUY,55,5.63,True
GOOGL,2023-09-22,20,BUY,55,4.11,True
GOOGL,2023-09-25,5,BUY,55,2.33,True
GOOGL,2023-09-25,10,BUY,55,5.58,True
GOOGL,2023-09-25,20,BUY,55,4.11,True
GOOGL,2023-09-26,5,BUY,55,3.0,True
GOOGL,2023-09-26,10,BUY,55,7.38,True
GOOGL,2023-09-26,20,BUY,55,7.96,True
GOOGL,2023-09-27,5,BUY,55,3.6,True
GOOGL,2023-09-27,10,BUY,55,7.67,True
GOOGL,2023-09-27,20,BUY,55,-3.78,False
GOOGL,2023-09-28,5,BUY,55,2.09,True
GOOGL,2023-09-28,10,BUY,55,5.03,True
GOOGL,2023-09-28,20,BUY,55,-7.58,False
GOOGL,2023-09-29,5,BUY,55,5.14,True
GOOGL,2023-09-29,10,BUY,55,4.97,True
GOOGL,2023-09-29,20,BUY,55,-6.64,False
GOOGL,2023-10-02,5,BUY,55,3.17,True
GOOGL,2023-10-02,10,BUY,55,3.67,True
GOOGL,2023-10-02,20,BUY,55,-7.24,False
GOOGL,2023-10-03,5,BUY,55,4.25,True
GOOGL,2023-10-03,10,BUY,55,5.5,True
GOOGL,2023-10-03,20,BUY,55,-6.31,False
GOOGL,2023-10-04,5,BUY,55,3.93,True
GOOGL,2023-10-04,10,BUY,55,2.01,True
GOOGL,2023-10-04,20,BUY,55,-6.5,False
GOOGL,2023-10-05,5,BUY,55,2.89,True
GOOGL,2023-10-05,10,BUY,55,1.98,True
GOOGL,2023-10-05,20,BUY,55,-5.61,False
GOOGL,2023-10-06,5,BUY,55,-0.16,False
GOOGL,2023-10-06,10,BUY,55,-1.44,False
GOOGL,2023-10-06,20,BUY,55,-6.16,False
GOOGL,2023-10-09,5,BUY,55,0.49,True
GOOGL,2023-10-09,10,BUY,55,-1.39,False
GOOGL,2023-10-09,20,BUY,55,-5.9,False
GOOGL,2023-10-10,5,BUY,55,1.2,True
GOOGL,2023-10-10,10,BUY,55,0.54,True
GOOGL,2023-10-10,20,BUY,55,-5.14,False
GOOGL,2023-10-11,5,SELL,55,-1.84,True
GOOGL,2023-10-11,10,SELL,55,-10.63,True
GOOGL,2023-10-11,20,SELL,55,-6.2,True
GOOGL,2023-10-12,5,SELL,55,-0.88,True
GOOGL,2023-10-12,10,SELL,55,-12.01,True
GOOGL,2023-10-12,20,SELL,55,-6.28,True
GOOGL,2023-10-13,5,BUY,55,-1.28,False
GOOGL,2023-10-13,10,BUY,55,-11.06,False
GOOGL,2023-10-13,20,BUY,55,-3.47,False
GOOGL,2023-10-16,5,SELL,55,-1.87,True
GOOGL,2023-10-16,10,SELL,55,-10.52,True
GOOGL,2023-10-16,20,SELL,55,-5.04,True
GOOGL,2023-10-17,5,SELL,55,-0.65,True
GOOGL,2023-10-17,10,SELL,55,-11.19,True
GOOGL,2023-10-17,20,SELL,55,-4.37,True
GOOGL,2023-10-18,5,BUY,55,-8.95,False
GOOGL,2023-10-18,10,BUY,55,-8.34,False
GOOGL,2023-10-18,20,BUY,55,-2.42,False
GOOGL,2023-10-19,5,BUY,55,-11.23,False
GOOGL,2023-10-19,10,BUY,55,-7.45,False
GOOGL,2023-10-19,20,BUY,55,-0.6,False
GOOGL,2023-10-20,5,BUY,55,-9.9,False
GOOGL,2023-10-20,10,BUY,55,-4.79,False
GOOGL,2023-10-20,20,BUY,55,-0.21,False
GOOGL,2023-10-23,5,BUY,55,-8.82,False
GOOGL,2023-10-23,10,BUY,55,-4.58,False
GOOGL,2023-10-23,20,BUY,55,-0.18,False
GOOGL,2023-10-24,5,BUY,55,-10.61,False
GOOGL,2023-10-24,10,BUY,55,-5.65,False
GOOGL,2023-10-24,20,BUY,55,-1.33,False
GOOGL,2023-10-25,5,BUY,55,0.67,True
GOOGL,2023-10-25,10,BUY,55,4.96,True
GOOGL,2023-10-25,20,BUY,55,10.25,True
GOOGL,2023-10-26,5,BUY,55,4.26,True
GOOGL,2023-10-26,10,BUY,55,6.51,True
GOOGL,2023-10-26,20,BUY,55,11.78,True
GOOGL,2023-10-27,5,BUY,55,5.67,True
GOOGL,2023-10-27,10,BUY,55,8.53,True
GOOGL,2023-10-27,20,BUY,55,11.66,True
GOOGL,2023-10-30,5,BUY,55,4.65,True
GOOGL,2023-10-30,10,BUY,55,6.13,True
GOOGL,2023-10-30,20,BUY,55,10.24,True
GOOGL,2023-10-31,5,BUY,55,5.55,True
GOOGL,2023-10-31,10,BUY,55,7.69,True
GOOGL,2023-10-31,20,BUY,55,8.79,True
GOOGL,2023-11-02,5,BUY,55,2.16,True
GOOGL,2023-11-02,10,BUY,55,7.4,True
GOOGL,2023-11-02,20,BUY,55,3.43,True
GOOGL,2023-11-03,5,BUY,55,2.7,True
GOOGL,2023-11-03,10,BUY,55,4.81,True
GOOGL,2023-11-03,20,BUY,55,0.13,True
GOOGL,2023-11-06,5,BUY,55,1.41,True
GOOGL,2023-11-06,10,BUY,55,4.61,True
GOOGL,2023-11-06,20,BUY,55,0.57,True
GOOGL,2023-11-07,5,BUY,55,2.02,True
GOOGL,2023-11-07,10,BUY,55,4.58,True
GOOGL,2023-11-07,20,BUY,55,-0.73,False
GOOGL,2023-11-08,5,BUY,55,2.11,True
GOOGL,2023-11-08,10,BUY,55,5.04,True
GOOGL,2023-11-08,20,BUY,55,3.86,True
GOOGL,2023-11-09,5,BUY,55,5.14,True
GOOGL,2023-11-09,10,BUY,55,4.95,True
GOOGL,2023-11-09,20,BUY,55,3.65,True
GOOGL,2023-11-10,5,BUY,55,2.05,True
GOOGL,2023-11-10,10,BUY,55,2.88,True
GOOGL,2023-11-10,20,BUY,55,0.53,True
GOOGL,2023-11-13,5,BUY,55,3.15,True
GOOGL,2023-11-13,10,BUY,55,3.87,True
GOOGL,2023-11-13,20,BUY,55,0.33,True
GOOGL,2023-11-14,5,SELL,55,2.51,False
GOOGL,2023-11-14,10,SELL,55,1.03,False
GOOGL,2023-11-14,20,SELL,55,-0.79,True
GOOGL,2023-11-15,5,SELL,55,2.87,False
GOOGL,2023-11-15,10,SELL,55,-1.55,True
GOOGL,2023-11-15,20,SELL,55,-1.99,True
GOOGL,2023-11-16,5,SELL,55,-0.18,True
GOOGL,2023-11-16,10,SELL,55,-3.7,True
GOOGL,2023-11-16,20,SELL,55,-3.16,True
GOOGL,2023-11-17,5,SELL,55,0.81,False
GOOGL,2023-11-17,10,SELL,55,-4.46,True
GOOGL,2023-11-17,20,SELL,55,0.36,False
GOOGL,2023-11-20,5,SELL,55,0.7,False
GOOGL,2023-11-20,10,SELL,55,-3.86,True
GOOGL,2023-11-20,20,SELL,55,0.29,False
GOOGL,2023-11-21,5,SELL,55,-1.45,True
GOOGL,2023-11-21,10,SELL,55,-5.07,True
GOOGL,2023-11-21,20,SELL,55,1.0,False
GOOGL,2023-11-22,5,SELL,55,-4.3,True
GOOGL,2023-11-22,10,SELL,55,-1.13,True
GOOGL,2023-11-22,20,SELL,55,1.39,False
GOOGL,2023-11-24,5,SELL,55,-3.53,True
GOOGL,2023-11-24,10,SELL,55,-1.24,True
GOOGL,2023-11-24,20,SELL,55,3.51,False
GOOGL,2023-11-27,5,BUY,55,-5.23,False
GOOGL,2023-11-27,10,BUY,55,-2.29,False
GOOGL,2023-11-27,20,BUY,55,3.75,True
GOOGL,2023-11-28,5,BUY,55,-4.53,False
GOOGL,2023-11-28,10,BUY,55,-3.41,False
GOOGL,2023-11-28,20,BUY,55,2.31,True
GOOGL,2023-11-30,5,BUY,55,3.32,True
GOOGL,2023-11-30,10,BUY,55,-0.45,False
GOOGL,2023-11-30,20,BUY,55,5.4,True
GOOGL,2023-12-01,5,BUY,55,2.37,True
GOOGL,2023-12-01,10,BUY,55,0.56,True
GOOGL,2023-12-01,20,BUY,55,4.79,True
GOOGL,2023-12-04,5,BUY,55,3.11,True
GOOGL,2023-12-04,10,BUY,55,5.05,True
GOOGL,2023-12-04,20,BUY,55,7.46,True
GOOGL,2023-12-05,5,BUY,55,1.17,True
GOOGL,2023-12-05,10,BUY,55,4.32,True
GOOGL,2023-12-05,20,BUY,55,4.12,True
GOOGL,2023-12-06,5,BUY,55,1.96,True
GOOGL,2023-12-06,10,BUY,55,6.4,True
GOOGL,2023-12-06,20,BUY,55,4.39,True
GOOGL,2023-12-07,5,BUY,55,-3.64,False
GOOGL,2023-12-07,10,BUY,55,2.55,True
GOOGL,2023-12-07,20,BUY,55,1.39,True
GOOGL,2023-12-08,5,BUY,55,-1.77,False
GOOGL,2023-12-08,10,BUY,55,4.82,True
GOOGL,2023-12-08,20,BUY,55,4.42,True
GOOGL,2023-12-11,5,BUY,55,1.88,True
GOOGL,2023-12-11,10,BUY,55,6.17,True
GOOGL,2023-12-11,20,BUY,55,6.74,True
GOOGL,2023-12-12,5,BUY,55,3.12,True
GOOGL,2023-12-12,10,BUY,55,5.92,True
GOOGL,2023-12-12,20,BUY,55,7.21,True
GOOGL,2023-12-13,5,BUY,55,4.35,True
GOOGL,2023-12-13,10,BUY,55,5.78,True
GOOGL,2023-12-13,20,BUY,55,7.6,True
GOOGL,2023-12-14,5,BUY,55,6.43,True
GOOGL,2023-12-14,10,BUY,55,5.87,True
GOOGL,2023-12-14,20,BUY,55,8.0,True
GOOGL,2023-12-15,5,BUY,55,6.7,True
GOOGL,2023-12-15,10,BUY,55,4.2,True
GOOGL,2023-12-15,20,BUY,55,6.69,True
GOOGL,2023-12-18,5,BUY,55,4.21,True
GOOGL,2023-12-18,10,BUY,55,2.3,True
GOOGL,2023-12-18,20,BUY,55,5.66,True
GOOGL,2023-12-19,5,BUY,55,2.72,True
GOOGL,2023-12-19,10,BUY,55,-0.19,False
GOOGL,2023-12-19,20,BUY,55,7.12,True
GOOGL,2023-12-20,5,BUY,55,1.37,True
GOOGL,2023-12-20,10,BUY,55,-1.89,False
GOOGL,2023-12-20,20,BUY,55,5.53,True
GOOGL,2023-12-21,5,SELL,55,-0.52,True
GOOGL,2023-12-21,10,SELL,55,-1.13,True
GOOGL,2023-12-21,20,SELL,55,4.71,False
GOOGL,2023-12-22,5,SELL,55,-2.35,True
GOOGL,2023-12-22,10,SELL,55,-0.38,True
GOOGL,2023-12-22,20,SELL,55,5.1,False
GOOGL,2023-12-26,5,SELL,55,-1.84,True
GOOGL,2023-12-26,10,SELL,55,0.54,False
GOOGL,2023-12-26,20,SELL,55,7.31,False
GOOGL,2023-12-27,5,SELL,55,-2.84,True
GOOGL,2023-12-27,10,SELL,55,1.22,False
GOOGL,2023-12-27,20,SELL,55,8.42,False
GOOGL,2023-12-28,5,SELL,55,-3.21,True
GOOGL,2023-12-28,10,SELL,55,1.73,False
GOOGL,2023-12-28,20,SELL,55,9.47,False
GOOGL,2023-12-29,5,SELL,55,-0.61,True
GOOGL,2023-12-29,10,SELL,55,2.0,False
GOOGL,2023-12-29,20,SELL,55,8.43,False
GOOGL,2024-01-02,5,SELL,55,2.01,False
GOOGL,2024-01-02,10,SELL,55,2.39,False
GOOGL,2024-01-02,20,SELL,55,1.4,False
GOOGL,2024-01-03,5,SELL,55,2.42,False
GOOGL,2024-01-03,10,SELL,55,3.28,False
GOOGL,2024-01-03,20,SELL,55,1.61,False
GOOGL,2024-01-04,5,BUY,55,4.17,True
GOOGL,2024-01-04,10,BUY,55,7.32,True
GOOGL,2024-01-04,20,BUY,55,4.39,True
GOOGL,2024-01-05,5,BUY,55,5.1,True
GOOGL,2024-01-05,10,BUY,55,7.56,True
GOOGL,2024-01-05,20,BUY,55,5.86,True
GOOGL,2024-01-08,5,BUY,55,2.63,True
GOOGL,2024-01-08,10,BUY,55,5.91,True
GOOGL,2024-01-08,20,BUY,55,3.79,True
GOOGL,2024-01-09,5,BUY,55,0.37,True
GOOGL,2024-01-09,10,BUY,55,5.5,True
GOOGL,2024-01-09,20,BUY,55,3.26,True
GOOGL,2024-01-10,5,BUY,55,0.84,True
GOOGL,2024-01-10,10,BUY,55,6.74,True
GOOGL,2024-01-10,20,BUY,55,2.55,True
GOOGL,2024-01-11,5,BUY,55,3.03,True
GOOGL,2024-01-11,10,BUY,55,7.12,True
GOOGL,2024-01-11,20,BUY,55,4.87,True
GOOGL,2024-01-12,5,BUY,55,2.34,True
GOOGL,2024-01-12,10,BUY,55,7.61,True
GOOGL,2024-01-12,20,BUY,55,3.42,True
GOOGL,2024-01-16,5,BUY,55,3.19,True
GOOGL,2024-01-16,10,BUY,55,6.3,True
GOOGL,2024-01-16,20,BUY,55,1.86,True
GOOGL,2024-01-17,5,BUY,55,5.11,True
GOOGL,2024-01-17,10,BUY,55,-0.97,False
GOOGL,2024-01-17,20,BUY,55,3.16,True
GOOGL,2024-01-18,5,BUY,55,5.85,True
GOOGL,2024-01-18,10,BUY,55,-1.62,False
GOOGL,2024-01-18,20,BUY,55,-0.49,False
GOOGL,2024-01-19,5,BUY,55,3.97,True
GOOGL,2024-01-19,10,BUY,55,-2.73,False
GOOGL,2024-01-19,20,BUY,55,-4.0,False
GOOGL,2024-01-22,5,BUY,55,5.15,True
GOOGL,2024-01-22,10,BUY,55,-1.58,False
GOOGL,2024-01-22,20,BUY,55,-3.34,False
GOOGL,2024-01-23,5,SELL,55,3.01,False
GOOGL,2024-01-23,10,SELL,55,-2.0,True
GOOGL,2024-01-23,20,SELL,55,-3.05,True
GOOGL,2024-01-24,5,SELL,55,-5.78,True
GOOGL,2024-01-24,10,SELL,55,-2.13,True
GOOGL,2024-01-24,20,SELL,55,-3.1,True
GOOGL,2024-01-25,5,SELL,55,-7.05,True
GOOGL,2024-01-25,10,SELL,55,-3.92,True
GOOGL,2024-01-25,20,SELL,55,-5.21,True
GOOGL,2024-01-26,5,SELL,55,-6.45,True
GOOGL,2024-01-26,10,SELL,55,-2.1,True
GOOGL,2024-01-26,20,SELL,55,-9.61,True
GOOGL,2024-01-29,5,SELL,55,-6.4,True
GOOGL,2024-01-29,10,SELL,55,-3.9,True
GOOGL,2024-01-29,20,SELL,55,-9.53,True
GOOGL,2024-01-30,5,SELL,55,-4.86,True
GOOGL,2024-01-30,10,SELL,55,-4.17,True
GOOGL,2024-01-30,20,SELL,55,-9.96,True
GOOGL,2024-01-31,5,BUY,55,3.88,True
GOOGL,2024-01-31,10,BUY,55,4.17,True
GOOGL,2024-01-31,20,BUY,55,-1.17,False
GOOGL,2024-02-01,5,BUY,55,3.36,True
GOOGL,2024-02-01,10,BUY,55,1.14,True
GOOGL,2024-02-01,20,BUY,55,-2.85,False
GOOGL,2024-02-02,5,BUY,55,4.65,True
GOOGL,2024-02-02,10,BUY,55,-1.31,False
GOOGL,2024-02-02,20,BUY,55,-6.34,False
GOOGL,2024-02-05,5,BUY,55,2.68,True
GOOGL,2024-02-05,10,BUY,55,-1.78,False
GOOGL,2024-02-05,20,BUY,55,-7.66,False
GOOGL,2024-02-06,5,BUY,55,0.72,True
GOOGL,2024-02-06,10,BUY,55,-1.08,False
GOOGL,2024-02-06,20,BUY,55,-8.81,False
GOOGL,2024-02-08,5,BUY,55,-2.15,False
GOOGL,2024-02-08,10,BUY,55,-1.34,False
GOOGL,2024-02-08,20,BUY,55,-7.2,False
GOOGL,2024-02-12,5,BUY,55,-4.34,False
GOOGL,2024-02-12,10,BUY,55,-5.86,False
GOOGL,2024-02-12,20,BUY,55,-6.12,False
GOOGL,2024-02-13,5,BUY,55,-1.78,False
GOOGL,2024-02-13,10,BUY,55,-6.04,False
GOOGL,2024-02-13,20,BUY,55,-3.69,False
GOOGL,2024-02-14,5,BUY,55,-1.27,False
GOOGL,2024-02-14,10,BUY,55,-5.13,False
GOOGL,2024-02-14,20,BUY,55,-1.95,False
GOOGL,2024-02-15,5,BUY,55,0.83,True
GOOGL,2024-02-15,10,BUY,55,-3.94,False
GOOGL,2024-02-15,20,BUY,55,-1.11,False
GOOGL,2024-02-16,5,BUY,55,-2.1,False
GOOGL,2024-02-16,10,BUY,55,-5.1,False
GOOGL,2024-02-16,20,BUY,55,5.1,True
GOOGL,2024-02-20,5,BUY,55,-1.59,False
GOOGL,2024-02-20,10,BUY,55,-5.99,False
GOOGL,2024-02-20,20,BUY,55,4.19,True
GOOGL,2024-02-21,5,BUY,55,-4.33,False
GOOGL,2024-02-21,10,BUY,55,-7.82,False
GOOGL,2024-02-21,20,BUY,55,4.34,True
GOOGL,2024-02-22,5,BUY,55,-3.91,False
GOOGL,2024-02-22,10,BUY,55,-6.74,False
GOOGL,2024-02-22,20,BUY,55,2.44,True
GOOGL,2024-02-23,5,BUY,55,-4.74,False
GOOGL,2024-02-23,10,BUY,55,-5.94,False
GOOGL,2024-02-23,20,BUY,55,4.73,True
GOOGL,2024-02-26,5,BUY,55,-3.07,False
GOOGL,2024-02-26,10,BUY,55,0.07,True
GOOGL,2024-02-26,20,BUY,55,9.09,True
GOOGL,2024-02-27,5,BUY,55,-4.47,False
GOOGL,2024-02-27,10,BUY,55,-0.27,False
GOOGL,2024-02-27,20,BUY,55,8.49,True
GOOGL,2024-02-28,5,BUY,55,-3.65,False
GOOGL,2024-02-28,10,BUY,55,2.5,True
GOOGL,2024-02-28,20,BUY,55,10.62,True
GOOGL,2024-02-29,5,BUY,55,-2.95,False
GOOGL,2024-02-29,10,BUY,55,3.35,True
GOOGL,2024-02-29,20,BUY,55,9.01,True
GOOGL,2024-03-04,5,BUY,55,3.24,True
GOOGL,2024-03-04,10,BUY,55,10.75,True
GOOGL,2024-03-04,20,BUY,55,15.91,True
GOOGL,2024-03-05,5,BUY,55,4.39,True
GOOGL,2024-03-05,10,BUY,55,10.82,True
GOOGL,2024-03-05,20,BUY,55,16.77,True
GOOGL,2024-03-06,5,BUY,55,6.39,True
GOOGL,2024-03-06,10,BUY,55,13.2,True
GOOGL,2024-03-06,20,BUY,55,14.56,True
GOOGL,2024-03-07,5,BUY,55,6.49,True
GOOGL,2024-03-07,10,BUY,55,9.84,True
GOOGL,2024-03-07,20,BUY,55,13.48,True
GOOGL,2024-03-08,5,BUY,55,4.26,True
GOOGL,2024-03-08,10,BUY,55,11.34,True
GOOGL,2024-03-08,20,BUY,55,14.36,True
GOOGL,2024-03-11,5,BUY,55,7.27,True
GOOGL,2024-03-11,10,BUY,55,9.01,True
GOOGL,2024-03-11,20,BUY,55,13.75,True
GOOGL,2024-03-12,5,BUY,55,6.16,True
GOOGL,2024-03-12,10,BUY,55,8.79,True
GOOGL,2024-03-12,20,BUY,55,12.74,True
GOOGL,2024-03-13,5,BUY,55,6.4,True
GOOGL,2024-03-13,10,BUY,55,7.93,True
GOOGL,2024-03-13,20,BUY,55,14.04,True
GOOGL,2024-03-14,5,BUY,55,3.14,True
GOOGL,2024-03-14,10,BUY,55,5.47,True
GOOGL,2024-03-14,20,BUY,55,10.22,True
GOOGL,2024-03-15,5,BUY,55,6.79,True
GOOGL,2024-03-15,10,BUY,55,10.14,True
GOOGL,2024-03-15,20,BUY,55,9.69,True
GOOGL,2024-03-18,5,BUY,55,1.62,True
GOOGL,2024-03-18,10,BUY,55,4.66,True
GOOGL,2024-03-18,20,BUY,55,4.55,True
GOOGL,2024-03-19,5,SELL,55,2.48,False
GOOGL,2024-03-19,10,SELL,55,5.37,False
GOOGL,2024-03-19,20,SELL,55,5.74,False
GOOGL,2024-03-20,5,SELL,55,1.43,False
GOOGL,2024-03-20,10,SELL,55,1.2,False
GOOGL,2024-03-20,20,SELL,55,4.89,False
GOOGL,2024-03-21,5,SELL,55,2.26,False
GOOGL,2024-03-21,10,SELL,55,3.32,False
GOOGL,2024-03-21,20,SELL,55,4.4,False
GOOGL,2024-03-22,5,SELL,55,3.13,False
GOOGL,2024-03-22,10,SELL,55,2.71,False
GOOGL,2024-03-22,20,SELL,55,3.65,False
GOOGL,2024-03-25,5,SELL,55,2.99,False
GOOGL,2024-03-25,10,SELL,55,4.35,False
GOOGL,2024-03-25,20,SELL,55,5.46,False
GOOGL,2024-03-26,5,SELL,55,2.82,False
GOOGL,2024-03-26,10,SELL,55,3.63,False
GOOGL,2024-03-26,20,SELL,55,5.61,False
GOOGL,2024-03-27,5,SELL,55,-0.23,True
GOOGL,2024-03-27,10,SELL,55,5.66,False
GOOGL,2024-03-27,20,SELL,55,3.4,False
GOOGL,2024-03-28,5,SELL,55,1.04,False
GOOGL,2024-03-28,10,SELL,55,4.51,False
GOOGL,2024-03-28,20,SELL,55,13.93,False
GOOGL,2024-04-01,5,SELL,55,-0.41,True
GOOGL,2024-04-01,10,SELL,55,-0.41,True
GOOGL,2024-04-01,20,SELL,55,6.86,False
GOOGL,2024-04-03,5,SELL,55,0.79,False
GOOGL,2024-04-03,10,SELL,55,0.36,False
GOOGL,2024-04-03,20,SELL,55,5.77,False
GOOGL,2024-04-04,5,BUY,55,5.9,True
GOOGL,2024-04-04,10,BUY,55,3.64,True
GOOGL,2024-04-04,20,BUY,55,10.69,True
GOOGL,2024-04-05,5,SELL,55,3.43,False
GOOGL,2024-04-05,10,SELL,55,1.04,False
GOOGL,2024-04-05,20,SELL,55,9.67,False
GOOGL,2024-04-08,5,BUY,55,0.01,True
GOOGL,2024-04-08,10,BUY,55,0.92,True
GOOGL,2024-04-08,20,BUY,55,8.56,True
GOOGL,2024-04-09,5,BUY,55,-1.4,False
GOOGL,2024-04-09,10,BUY,55,1.06,True
GOOGL,2024-04-09,20,BUY,55,9.36,True
GOOGL,2024-04-10,5,BUY,55,-0.43,False
GOOGL,2024-04-10,10,BUY,55,1.91,True
GOOGL,2024-04-10,20,BUY,55,8.48,True
GOOGL,2024-04-11,5,SELL,55,-2.13,True
GOOGL,2024-04-11,10,SELL,55,-2.14,True
GOOGL,2024-04-11,20,SELL,55,6.62,False
GOOGL,2024-04-12,5,BUY,55,-2.31,False
GOOGL,2024-04-12,10,BUY,55,9.02,True
GOOGL,2024-04-12,20,BUY,55,6.92,True
GOOGL,2024-04-15,5,BUY,55,0.92,True
GOOGL,2024-04-15,10,BUY,55,7.29,True
GOOGL,2024-04-15,20,BUY,55,9.22,True
GOOGL,2024-04-16,5,BUY,55,2.5,True
GOOGL,2024-04-16,10,BUY,55,5.43,True
GOOGL,2024-04-16,20,BUY,55,10.32,True
GOOGL,2024-04-17,5,BUY,55,2.35,True
GOOGL,2024-04-17,10,BUY,55,5.4,True
GOOGL,2024-04-17,20,BUY,55,10.96,True
GOOGL,2024-04-18,5,BUY,55,-0.01,False
GOOGL,2024-04-18,10,BUY,55,6.8,True
GOOGL,2024-04-18,20,BUY,55,11.65,True
GOOGL,2024-04-19,5,BUY,55,11.59,True
GOOGL,2024-04-19,10,BUY,55,8.53,True
GOOGL,2024-04-19,20,BUY,55,14.26,True
GOOGL,2024-04-22,5,BUY,55,6.32,True
GOOGL,2024-04-22,10,BUY,55,7.56,True
GOOGL,2024-04-22,20,BUY,55,13.21,True
GOOGL,2024-04-23,5,BUY,55,2.86,True
GOOGL,2024-04-23,10,BUY,55,8.21,True
GOOGL,2024-04-23,20,BUY,55,12.38,True
GOOGL,2024-04-24,5,BUY,55,2.97,True
GOOGL,2024-04-24,10,BUY,55,6.44,True
GOOGL,2024-04-24,20,BUY,55,10.84,True
GOOGL,2024-04-25,5,BUY,55,6.81,True
GOOGL,2024-04-25,10,BUY,55,8.95,True
GOOGL,2024-04-25,20,BUY,55,11.25,True
GOOGL,2024-04-26,5,BUY,55,-2.74,False
GOOGL,2024-04-26,10,BUY,55,-1.92,False
GOOGL,2024-04-26,20,BUY,55,1.77,True
GOOGL,2024-04-29,5,BUY,55,1.17,True
GOOGL,2024-04-29,10,BUY,55,1.8,True
GOOGL,2024-04-29,20,BUY,55,6.17,True
GOOGL,2024-04-30,5,BUY,55,5.2,True
GOOGL,2024-04-30,10,BUY,55,4.64,True
GOOGL,2024-04-30,20,BUY,55,8.06,True
GOOGL,2024-05-01,5,BUY,55,3.37,True
GOOGL,2024-05-01,10,BUY,55,5.28,True
GOOGL,2024-05-01,20,BUY,55,5.03,True
GOOGL,2024-05-02,5,SELL,55,2.0,False
GOOGL,2024-05-02,10,SELL,55,4.54,False
GOOGL,2024-05-02,20,SELL,55,3.53,False
GOOGL,2024-05-06,5,SELL,55,0.62,False
GOOGL,2024-05-06,10,SELL,55,5.25,False
GOOGL,2024-05-06,20,SELL,55,3.38,False
GOOGL,2024-05-07,5,SELL,55,-0.53,True
GOOGL,2024-05-07,10,SELL,55,3.85,False
GOOGL,2024-05-07,20,SELL,55,2.43,False
GOOGL,2024-05-08,5,SELL,55,1.85,False
GOOGL,2024-05-08,10,SELL,55,4.13,False
GOOGL,2024-05-08,20,SELL,55,4.34,False
GOOGL,2024-05-09,5,SELL,55,2.48,False
GOOGL,2024-05-09,10,SELL,55,2.11,False
GOOGL,2024-05-09,20,SELL,55,2.65,False
GOOGL,2024-05-10,5,BUY,55,4.39,True
GOOGL,2024-05-10,10,BUY,55,3.76,True
GOOGL,2024-05-10,20,BUY,55,3.89,True
GOOGL,2024-05-13,5,BUY,55,4.6,True
GOOGL,2024-05-13,10,BUY,55,4.29,True
GOOGL,2024-05-13,20,BUY,55,4.54,True
GOOGL,2024-05-14,5,BUY,55,4.41,True
GOOGL,2024-05-14,10,BUY,55,3.26,True
GOOGL,2024-05-14,20,BUY,55,4.49,True
GOOGL,2024-05-15,5,SELL,55,2.24,False
GOOGL,2024-05-15,10,SELL,55,-0.23,True
GOOGL,2024-05-15,20,SELL,55,1.65,False
GOOGL,2024-05-16,5,BUY,55,-0.36,False
GOOGL,2024-05-16,10,BUY,55,-0.96,False
GOOGL,2024-05-16,20,BUY,55,1.61,True
GOOGL,2024-05-17,5,SELL,55,-0.61,True
GOOGL,2024-05-17,10,SELL,55,-1.64,True
GOOGL,2024-05-17,20,SELL,55,0.79,False
GOOGL,2024-05-20,5,SELL,55,-0.29,True
GOOGL,2024-05-20,10,SELL,55,-1.77,True
GOOGL,2024-05-20,20,SELL,55,-0.92,True
GOOGL,2024-05-21,5,SELL,55,-1.1,True
GOOGL,2024-05-21,10,SELL,55,-1.37,True
GOOGL,2024-05-21,20,SELL,55,-0.76,True
GOOGL,2024-05-22,5,SELL,55,-2.42,True
GOOGL,2024-05-22,10,SELL,55,0.2,False
GOOGL,2024-05-22,20,SELL,55,1.96,False
GOOGL,2024-05-23,5,BUY,55,-0.61,False
GOOGL,2024-05-23,10,BUY,55,0.52,True
GOOGL,2024-05-23,20,BUY,55,3.39,True
GOOGL,2024-05-24,5,BUY,55,-1.04,False
GOOGL,2024-05-24,10,BUY,55,0.13,True
GOOGL,2024-05-24,20,BUY,55,5.29,True
GOOGL,2024-05-28,5,BUY,55,-1.48,False
GOOGL,2024-05-28,10,BUY,55,0.24,True
GOOGL,2024-05-28,20,BUY,55,4.36,True
GOOGL,2024-05-29,5,BUY,55,-0.28,False
GOOGL,2024-05-29,10,BUY,55,1.19,True
GOOGL,2024-05-29,20,BUY,55,5.53,True
GOOGL,2024-05-30,5,BUY,55,2.68,True
GOOGL,2024-05-30,10,BUY,55,1.89,True
GOOGL,2024-05-30,20,BUY,55,5.95,True
GOOGL,2024-05-31,5,BUY,55,1.14,True
GOOGL,2024-05-31,10,BUY,55,2.6,True
GOOGL,2024-05-31,20,BUY,55,6.2,True
GOOGL,2024-06-03,5,BUY,55,1.18,True
GOOGL,2024-06-03,10,BUY,55,2.47,True
GOOGL,2024-06-03,20,BUY,55,7.09,True
GOOGL,2024-06-04,5,BUY,55,1.75,True
GOOGL,2024-06-04,10,BUY,55,0.86,True
GOOGL,2024-06-04,20,BUY,55,7.04,True
GOOGL,2024-06-05,5,BUY,55,1.47,True
GOOGL,2024-06-05,10,BUY,55,0.62,True
GOOGL,2024-06-05,20,BUY,55,8.78,True
GOOGL,2024-06-06,5,BUY,55,-0.77,False
GOOGL,2024-06-06,10,BUY,55,1.76,True
GOOGL,2024-06-06,20,BUY,55,7.08,True
GOOGL,2024-06-07,5,BUY,55,1.45,True
GOOGL,2024-06-07,10,BUY,55,2.85,True
GOOGL,2024-06-07,20,BUY,55,8.45,True
GOOGL,2024-06-10,5,BUY,55,1.27,True
GOOGL,2024-06-10,10,BUY,55,5.15,True
GOOGL,2024-06-10,20,BUY,55,9.24,True
GOOGL,2024-06-11,5,BUY,55,-0.87,False
GOOGL,2024-06-11,10,BUY,55,4.11,True
GOOGL,2024-06-11,20,BUY,55,5.07,True
GOOGL,2024-06-12,5,BUY,55,-0.84,False
GOOGL,2024-06-12,10,BUY,55,4.29,True
GOOGL,2024-06-12,20,BUY,55,4.09,True
GOOGL,2024-06-13,5,BUY,55,2.55,True
GOOGL,2024-06-13,10,BUY,55,3.99,True
GOOGL,2024-06-13,20,BUY,55,6.49,True
GOOGL,2024-06-14,5,BUY,55,1.37,True
GOOGL,2024-06-14,10,BUY,55,3.51,True
GOOGL,2024-06-14,20,BUY,55,4.03,True
GOOGL,2024-06-17,5,BUY,55,3.83,True
GOOGL,2024-06-17,10,BUY,55,4.51,True
GOOGL,2024-06-17,20,BUY,55,2.13,True
GOOGL,2024-06-18,5,BUY,55,5.02,True
GOOGL,2024-06-18,10,BUY,55,6.13,True
GOOGL,2024-06-18,20,BUY,55,1.48,True
GOOGL,2024-06-20,5,BUY,55,5.17,True
GOOGL,2024-06-20,10,BUY,55,8.11,True
GOOGL,2024-06-20,20,BUY,55,0.77,True
GOOGL,2024-06-21,5,BUY,55,1.4,True
GOOGL,2024-06-21,10,BUY,55,5.23,True
GOOGL,2024-06-21,20,BUY,55,1.14,True
GOOGL,2024-06-24,5,SELL,55,2.1,False
GOOGL,2024-06-24,10,SELL,55,5.45,False
GOOGL,2024-06-24,20,SELL,55,1.43,False
GOOGL,2024-06-25,5,SELL,55,0.66,False
GOOGL,2024-06-25,10,SELL,55,3.89,False
GOOGL,2024-06-25,20,SELL,55,-6.19,True
GOOGL,2024-06-26,5,SELL,55,1.06,False
GOOGL,2024-06-26,10,SELL,55,0.92,False
GOOGL,2024-06-26,20,SELL,55,-9.03,True
GOOGL,2024-06-27,5,SELL,55,2.8,False
GOOGL,2024-06-27,10,SELL,55,-0.18,True
GOOGL,2024-06-27,20,SELL,55,-9.93,True
GOOGL,2024-06-28,5,BUY,55,3.78,True
GOOGL,2024-06-28,10,BUY,55,2.4,True
GOOGL,2024-06-28,20,BUY,55,-6.93,False
GOOGL,2024-07-01,5,SELL,55,3.27,False
GOOGL,2024-07-01,10,SELL,55,0.51,False
GOOGL,2024-07-01,20,SELL,55,-6.94,True
GOOGL,2024-07-02,5,SELL,55,3.21,False
GOOGL,2024-07-02,10,SELL,55,-2.28,True
GOOGL,2024-07-02,20,SELL,55,-7.4,True
GOOGL,2024-07-03,5,SELL,55,-0.13,True
GOOGL,2024-07-03,10,SELL,55,-4.38,True
GOOGL,2024-07-03,20,SELL,55,-8.1,True
GOOGL,2024-07-05,5,SELL,55,-2.9,True
GOOGL,2024-07-05,10,SELL,55,-6.79,True
GOOGL,2024-07-05,20,SELL,55,-12.56,True
GOOGL,2024-07-08,5,SELL,55,-1.32,True
GOOGL,2024-07-08,10,SELL,55,-3.89,True
GOOGL,2024-07-08,20,SELL,55,-15.75,True
GOOGL,2024-07-09,5,SELL,55,-2.68,True
GOOGL,2024-07-09,10,SELL,55,-3.8,True
GOOGL,2024-07-09,20,SELL,55,-16.24,True
GOOGL,2024-07-10,5,SELL,55,-5.31,True
GOOGL,2024-07-10,10,SELL,55,-9.7,True
GOOGL,2024-07-10,20,SELL,55,-16.86,True
GOOGL,2024-07-11,5,BUY,55,-4.25,False
GOOGL,2024-07-11,10,BUY,55,-9.86,False
GOOGL,2024-07-11,20,BUY,55,-12.69,False
GOOGL,2024-07-12,5,BUY,55,-4.0,False
GOOGL,2024-07-12,10,BUY,55,-9.76,False
GOOGL,2024-07-12,20,BUY,55,-11.56,False
GOOGL,2024-07-15,5,BUY,55,-2.61,False
GOOGL,2024-07-15,10,BUY,55,-9.11,False
GOOGL,2024-07-15,20,BUY,55,-13.0,False
GOOGL,2024-07-16,5,BUY,55,-1.16,False
GOOGL,2024-07-16,10,BUY,55,-7.41,False
GOOGL,2024-07-16,20,BUY,55,-10.74,False
GOOGL,2024-07-17,5,BUY,55,-4.63,False
GOOGL,2024-07-17,10,BUY,55,-5.24,False
GOOGL,2024-07-17,20,BUY,55,-11.41,False
GOOGL,2024-07-18,5,BUY,55,-5.86,False
GOOGL,2024-07-18,10,BUY,55,-3.9,False
GOOGL,2024-07-18,20,BUY,55,-9.22,False
GOOGL,2024-07-19,5,BUY,55,-6.0,False
GOOGL,2024-07-19,10,BUY,55,-6.19,False
GOOGL,2024-07-19,20,BUY,55,-8.27,False
GOOGL,2024-07-22,5,BUY,55,-6.68,False
GOOGL,2024-07-22,10,BUY,55,-12.34,False
GOOGL,2024-07-22,20,BUY,55,-8.26,False
GOOGL,2024-07-23,5,BUY,55,-6.33,False
GOOGL,2024-07-23,10,BUY,55,-12.93,False
GOOGL,2024-07-23,20,BUY,55,-8.04,False
GOOGL,2024-07-24,5,BUY,55,-0.63,False
GOOGL,2024-07-24,10,BUY,55,-7.93,False
GOOGL,2024-07-24,20,BUY,55,-3.93,False
GOOGL,2024-07-25,5,BUY,55,2.08,True
GOOGL,2024-07-25,10,BUY,55,-3.14,False
GOOGL,2024-07-25,20,BUY,55,-2.08,False
GOOGL,2024-07-26,5,BUY,55,-0.2,False
GOOGL,2024-07-26,10,BUY,55,-1.99,False
GOOGL,2024-07-26,20,BUY,55,-0.83,False
GOOGL,2024-07-29,5,BUY,55,-6.06,False
GOOGL,2024-07-29,10,BUY,55,-4.27,False
GOOGL,2024-07-29,20,BUY,55,-1.99,False
GOOGL,2024-07-30,5,BUY,55,-7.05,False
GOOGL,2024-07-30,10,BUY,55,-3.6,False
GOOGL,2024-07-30,20,BUY,55,-3.29,False
GOOGL,2024-07-31,5,BUY,55,-7.35,False
GOOGL,2024-07-31,10,BUY,55,-6.51,False
GOOGL,2024-07-31,20,BUY,55,-5.07,False
GOOGL,2024-08-01,5,BUY,55,-5.11,False
GOOGL,2024-08-01,10,BUY,55,-5.54,False
GOOGL,2024-08-01,20,BUY,55,-5.26,False
GOOGL,2024-08-02,5,BUY,55,-1.79,False
GOOGL,2024-08-02,10,BUY,55,-2.22,False
GOOGL,2024-08-02,20,BUY,55,-1.97,False
GOOGL,2024-08-06,5,BUY,55,3.71,True
GOOGL,2024-08-06,10,BUY,55,5.62,True
GOOGL,2024-08-06,20,BUY,55,-1.16,False
GOOGL,2024-08-07,5,BUY,55,0.9,True
GOOGL,2024-08-07,10,BUY,55,4.35,True
GOOGL,2024-08-07,20,BUY,55,-1.07,False
GOOGL,2024-08-08,5,BUY,55,-0.45,False
GOOGL,2024-08-08,10,BUY,55,1.09,True
GOOGL,2024-08-08,20,BUY,55,-6.86,False
GOOGL,2024-08-09,5,BUY,55,-0.43,False
GOOGL,2024-08-09,10,BUY,55,1.19,True
GOOGL,2024-08-09,20,BUY,55,-9.02,False
GOOGL,2024-08-12,5,BUY,55,2.7,True
GOOGL,2024-08-12,10,BUY,55,2.38,True
GOOGL,2024-08-12,20,BUY,55,-8.28,False
GOOGL,2024-08-13,5,BUY,55,1.84,True
GOOGL,2024-08-13,10,BUY,55,0.32,True
GOOGL,2024-08-13,20,BUY,55,-7.8,False
GOOGL,2024-08-14,5,BUY,55,3.42,True
GOOGL,2024-08-14,10,BUY,55,1.55,True
GOOGL,2024-08-14,20,BUY,55,-3.41,False
GOOGL,2024-08-15,5,BUY,55,1.55,True
GOOGL,2024-08-15,10,BUY,55,0.3,True
GOOGL,2024-08-15,20,BUY,55,-2.25,False
GOOGL,2024-08-16,5,BUY,55,1.63,True
GOOGL,2024-08-16,10,BUY,55,0.26,True
GOOGL,2024-08-16,20,BUY,55,-2.88,False
GOOGL,2024-08-19,5,BUY,55,-0.31,False
GOOGL,2024-08-19,10,BUY,55,-5.59,False
GOOGL,2024-08-19,20,BUY,55,-4.28,False
GOOGL,2024-08-20,5,BUY,55,-1.5,False
GOOGL,2024-08-20,10,BUY,55,-6.42,False
GOOGL,2024-08-20,20,BUY,55,-4.28,False
GOOGL,2024-08-21,5,BUY,55,-1.81,False
GOOGL,2024-08-21,10,BUY,55,-5.19,False
GOOGL,2024-08-21,20,BUY,55,-2.11,False
GOOGL,2024-08-22,5,BUY,55,-1.23,False
GOOGL,2024-08-22,10,BUY,55,-7.86,False
GOOGL,2024-08-22,20,BUY,55,0.0,True
GOOGL,2024-08-23,5,SELL,55,-1.35,True
GOOGL,2024-08-23,10,SELL,55,-10.09,True
GOOGL,2024-08-23,20,SELL,55,-2.15,True
GOOGL,2024-08-26,5,SELL,55,-5.3,True
GOOGL,2024-08-26,10,SELL,55,-10.41,True
GOOGL,2024-08-26,20,SELL,55,-2.2,True
GOOGL,2024-08-27,5,BUY,55,-5.0,False
GOOGL,2024-08-27,10,BUY,55,-8.09,False
GOOGL,2024-08-27,20,BUY,55,-1.81,False
GOOGL,2024-08-28,5,BUY,55,-3.44,False
GOOGL,2024-08-28,10,BUY,55,-4.88,False
GOOGL,2024-08-28,20,BUY,55,0.06,True
GOOGL,2024-08-29,5,BUY,55,-6.71,False
GOOGL,2024-08-29,10,BUY,55,-2.54,False
GOOGL,2024-08-29,20,BUY,55,1.48,True
GOOGL,2024-08-30,5,BUY,55,-8.86,False
GOOGL,2024-08-30,10,BUY,55,-3.13,False
GOOGL,2024-08-30,20,BUY,55,1.65,True
GOOGL,2024-09-03,5,BUY,55,-5.4,False
GOOGL,2024-09-03,10,BUY,55,1.38,True
GOOGL,2024-09-03,20,BUY,55,6.26,True
GOOGL,2024-09-04,5,BUY,55,-3.25,False
GOOGL,2024-09-04,10,BUY,55,2.28,True
GOOGL,2024-09-04,20,BUY,55,6.16,True
GOOGL,2024-09-05,5,BUY,55,-1.49,False
GOOGL,2024-09-05,10,BUY,55,3.25,True
GOOGL,2024-09-05,20,BUY,55,5.62,True
GOOGL,2024-09-06,5,BUY,55,4.47,True
GOOGL,2024-09-06,10,BUY,55,8.54,True
GOOGL,2024-09-06,20,BUY,55,10.84,True
GOOGL,2024-09-09,5,BUY,55,6.29,True
GOOGL,2024-09-09,10,BUY,55,8.84,True
GOOGL,2024-09-09,20,BUY,55,9.6,True
GOOGL,2024-09-10,5,BUY,55,7.17,True
GOOGL,2024-09-10,10,BUY,55,9.17,True
GOOGL,2024-09-10,20,BUY,55,10.57,True
GOOGL,2024-09-11,5,BUY,55,5.72,True
GOOGL,2024-09-11,10,BUY,55,6.83,True
GOOGL,2024-09-11,20,BUY,55,7.08,True
GOOGL,2024-09-12,5,BUY,55,4.82,True
GOOGL,2024-09-12,10,BUY,55,5.2,True
GOOGL,2024-09-12,20,BUY,55,4.78,True
GOOGL,2024-09-13,5,BUY,55,3.89,True
GOOGL,2024-09-13,10,BUY,55,4.12,True
GOOGL,2024-09-13,20,BUY,55,3.67,True
GOOGL,2024-09-16,5,BUY,55,2.4,True
GOOGL,2024-09-16,10,BUY,55,4.93,True
GOOGL,2024-09-16,20,BUY,55,4.37,True
GOOGL,2024-09-17,5,BUY,55,1.86,True
GOOGL,2024-09-17,10,BUY,55,4.81,True
GOOGL,2024-09-17,20,BUY,55,3.85,True
GOOGL,2024-09-18,5,BUY,55,1.05,True
GOOGL,2024-09-18,10,BUY,55,3.79,True
GOOGL,2024-09-18,20,BUY,55,3.35,True
GOOGL,2024-09-19,5,BUY,55,0.36,True
GOOGL,2024-09-19,10,BUY,55,2.29,True
GOOGL,2024-09-19,20,BUY,55,0.49,True
GOOGL,2024-09-20,5,BUY,55,0.22,True
GOOGL,2024-09-20,10,BUY,55,2.12,True
GOOGL,2024-09-20,20,BUY,55,-0.1,False
GOOGL,2024-09-23,5,BUY,55,2.47,True
GOOGL,2024-09-23,10,BUY,55,0.7,True
GOOGL,2024-09-23,20,BUY,55,1.37,True
GOOGL,2024-09-24,5,BUY,55,2.9,True
GOOGL,2024-09-24,10,BUY,55,1.29,True
GOOGL,2024-09-24,20,BUY,55,1.76,True
GOOGL,2024-09-25,5,BUY,55,2.71,True
GOOGL,2024-09-25,10,BUY,55,0.23,True
GOOGL,2024-09-25,20,BUY,55,0.8,True
GOOGL,2024-09-26,5,SELL,55,1.92,False
GOOGL,2024-09-26,10,SELL,55,-0.4,True
GOOGL,2024-09-26,20,SELL,55,-0.01,True
GOOGL,2024-09-27,5,SELL,55,1.9,False
GOOGL,2024-09-27,10,SELL,55,-0.43,True
GOOGL,2024-09-27,20,SELL,55,0.81,False
GOOGL,2024-09-30,5,SELL,55,-1.73,True
GOOGL,2024-09-30,10,SELL,55,-0.54,True
GOOGL,2024-09-30,20,SELL,55,0.52,False
GOOGL,2024-10-01,5,SELL,55,-1.56,True
GOOGL,2024-10-01,10,SELL,55,-0.92,True
GOOGL,2024-10-01,20,SELL,55,1.61,False
GOOGL,2024-10-02,5,SELL,55,-2.41,True
GOOGL,2024-10-02,10,SELL,55,-0.42,True
GOOGL,2024-10-02,20,SELL,55,5.19,False
GOOGL,2024-10-03,5,SELL,55,-2.28,True
GOOGL,2024-10-03,10,SELL,55,-1.77,True
GOOGL,2024-10-03,20,SELL,55,3.17,False
GOOGL,2024-10-04,5,SELL,55,-2.29,True
GOOGL,2024-10-04,10,SELL,55,-2.18,True
GOOGL,2024-10-04,20,SELL,55,2.53,False
GOOGL,2024-10-07,5,BUY,55,1.21,True
GOOGL,2024-10-07,10,BUY,55,0.67,True
GOOGL,2024-10-07,20,BUY,55,3.84,True
GOOGL,2024-10-09,5,BUY,55,2.04,True
GOOGL,2024-10-09,10,BUY,55,0.57,True
GOOGL,2024-10-09,20,BUY,55,9.05,True
GOOGL,2024-10-10,5,BUY,55,0.52,True
GOOGL,2024-10-10,10,BUY,55,0.39,True
GOOGL,2024-10-10,20,BUY,55,11.52,True
GOOGL,2024-10-11,5,BUY,55,0.11,True
GOOGL,2024-10-11,10,BUY,55,1.24,True
GOOGL,2024-10-11,20,BUY,55,9.26,True
GOOGL,2024-10-14,5,BUY,55,-0.54,False
GOOGL,2024-10-14,10,BUY,55,1.07,True
GOOGL,2024-10-14,20,BUY,55,9.33,True
GOOGL,2024-10-15,5,BUY,55,-0.19,False
GOOGL,2024-10-15,10,BUY,55,2.55,True
GOOGL,2024-10-15,20,BUY,55,9.77,True
GOOGL,2024-10-16,5,BUY,55,-1.44,False
GOOGL,2024-10-16,10,BUY,55,5.63,True
GOOGL,2024-10-16,20,BUY,55,8.31,True
GOOGL,2024-10-17,5,BUY,55,-0.13,False
GOOGL,2024-10-17,10,BUY,55,5.02,True
GOOGL,2024-10-17,20,BUY,55,7.76,True
GOOGL,2024-10-18,5,BUY,55,1.13,True
GOOGL,2024-10-18,10,BUY,55,4.82,True
GOOGL,2024-10-18,20,BUY,55,5.55,True
GOOGL,2024-10-21,5,BUY,55,1.62,True
GOOGL,2024-10-21,10,BUY,55,3.15,True
GOOGL,2024-10-21,20,BUY,55,6.84,True
GOOGL,2024-10-22,5,BUY,55,2.75,True
GOOGL,2024-10-22,10,BUY,55,2.79,True
GOOGL,2024-10-22,20,BUY,55,7.86,True
GOOGL,2024-10-23,5,BUY,55,7.18,True
GOOGL,2024-10-23,10,BUY,55,8.43,True
GOOGL,2024-10-23,20,BUY,55,8.11,True
GOOGL,2024-10-24,5,BUY,55,5.16,True
GOOGL,2024-10-24,10,BUY,55,11.08,True
GOOGL,2024-10-24,20,BUY,55,3.02,True
GOOGL,2024-10-25,5,BUY,55,3.64,True
GOOGL,2024-10-25,10,BUY,55,7.91,True
GOOGL,2024-10-25,20,BUY,55,-0.31,False
GOOGL,2024-10-28,5,BUY,55,1.51,True
GOOGL,2024-10-28,10,BUY,55,8.18,True
GOOGL,2024-10-28,20,BUY,55,0.56,True
GOOGL,2024-10-29,5,BUY,55,0.04,True
GOOGL,2024-10-29,10,BUY,55,7.04,True
GOOGL,2024-10-29,20,BUY,55,-0.33,False
GOOGL,2024-10-30,5,BUY,55,1.18,True
GOOGL,2024-10-30,10,BUY,55,2.53,True
GOOGL,2024-10-30,20,BUY,55,-3.0,False
GOOGL,2024-10-31,5,BUY,55,5.63,True
GOOGL,2024-10-31,10,BUY,55,2.61,True
GOOGL,2024-10-31,20,BUY,55,-1.26,False
GOOGL,2024-11-05,5,SELL,55,7.0,False
GOOGL,2024-11-05,10,SELL,55,4.94,False
GOOGL,2024-11-05,20,SELL,55,2.73,False
GOOGL,2024-11-06,5,SELL,55,1.34,False
GOOGL,2024-11-06,10,SELL,55,-0.3,True
GOOGL,2024-11-06,20,SELL,55,-2.19,True
GOOGL,2024-11-07,5,SELL,55,-2.86,True
GOOGL,2024-11-07,10,SELL,55,-7.26,True
GOOGL,2024-11-07,20,SELL,55,-3.34,True
GOOGL,2024-11-08,5,SELL,55,-3.29,True
GOOGL,2024-11-08,10,SELL,55,-7.62,True
GOOGL,2024-11-08,20,SELL,55,-1.56,True
GOOGL,2024-11-11,5,SELL,55,-2.8,True
GOOGL,2024-11-11,10,SELL,55,-7.04,True
GOOGL,2024-11-11,20,SELL,55,2.79,False
GOOGL,2024-11-12,5,SELL,55,-1.93,True
GOOGL,2024-11-12,10,SELL,55,-6.88,True
GOOGL,2024-11-12,20,SELL,55,7.71,False
GOOGL,2024-11-13,5,SELL,55,-1.62,True
GOOGL,2024-11-13,10,SELL,55,-5.39,True
GOOGL,2024-11-13,20,SELL,55,7.44,False
GOOGL,2024-11-14,5,BUY,55,-4.53,False
GOOGL,2024-11-14,10,BUY,55,-3.78,False
GOOGL,2024-11-14,20,BUY,55,8.23,True
GOOGL,2024-11-15,5,BUY,55,-4.48,False
GOOGL,2024-11-15,10,BUY,55,-0.58,False
GOOGL,2024-11-15,20,BUY,55,14.14,True
GOOGL,2024-11-18,5,BUY,55,-4.36,False
GOOGL,2024-11-18,10,BUY,55,-2.26,False
GOOGL,2024-11-18,20,BUY,55,11.61,True
GOOGL,2024-11-19,5,BUY,55,-5.05,False
GOOGL,2024-11-19,10,BUY,55,-2.11,False
GOOGL,2024-11-19,20,BUY,55,5.89,True
GOOGL,2024-11-20,5,BUY,55,-3.84,False
GOOGL,2024-11-20,10,BUY,55,-1.9,False
GOOGL,2024-11-20,20,BUY,55,7.24,True
GOOGL,2024-11-21,5,BUY,55,0.79,True
GOOGL,2024-11-21,10,BUY,55,4.22,True
GOOGL,2024-11-21,20,BUY,55,14.32,True
GOOGL,2024-11-22,5,BUY,55,4.08,True
GOOGL,2024-11-22,10,BUY,55,6.56,True
GOOGL,2024-11-22,20,BUY,55,18.26,True
GOOGL,2024-11-25,5,BUY,55,2.2,True
GOOGL,2024-11-25,10,BUY,55,10.58,True
GOOGL,2024-11-25,20,BUY,55,17.11,True
GOOGL,2024-11-26,5,BUY,55,3.1,True
GOOGL,2024-11-26,10,BUY,55,15.67,True
GOOGL,2024-11-26,20,BUY,55,15.79,True
GOOGL,2024-11-27,5,BUY,55,2.02,True
GOOGL,2024-11-27,10,BUY,55,13.56,True
GOOGL,2024-11-27,20,BUY,55,14.03,True
GOOGL,2024-11-29,5,BUY,55,3.41,True
GOOGL,2024-11-29,10,BUY,55,12.48,True
GOOGL,2024-11-29,20,BUY,55,13.32,True
GOOGL,2024-12-02,5,BUY,55,2.38,True
GOOGL,2024-12-02,10,BUY,55,14.81,True
GOOGL,2024-12-02,20,BUY,55,10.51,True
GOOGL,2024-12-03,5,BUY,55,8.2,True
GOOGL,2024-12-03,10,BUY,55,14.18,True
GOOGL,2024-12-03,20,BUY,55,10.68,True
GOOGL,2024-12-04,5,BUY,55,12.19,True
GOOGL,2024-12-04,10,BUY,55,8.17,True
GOOGL,2024-12-04,20,BUY,55,10.12,True
GOOGL,2024-12-05,5,BUY,55,11.32,True
GOOGL,2024-12-05,10,BUY,55,9.32,True
GOOGL,2024-12-05,20,BUY,55,14.17,True
GOOGL,2024-12-06,5,BUY,55,8.77,True
GOOGL,2024-12-06,10,BUY,55,9.68,True
GOOGL,2024-12-06,20,BUY,55,12.02,True
GOOGL,2024-12-09,5,BUY,55,12.14,True
GOOGL,2024-12-09,10,BUY,55,10.98,True
GOOGL,2024-12-09,20,BUY,55,10.59,True
GOOGL,2024-12-10,5,BUY,55,5.54,True
GOOGL,2024-12-10,10,BUY,55,5.91,True
GOOGL,2024-12-10,20,BUY,55,3.71,True
GOOGL,2024-12-11,5,BUY,55,-3.58,False
GOOGL,2024-12-11,10,BUY,55,0.1,True
GOOGL,2024-12-11,20,BUY,55,-2.25,False
GOOGL,2024-12-12,5,SELL,55,-1.8,True
GOOGL,2024-12-12,10,SELL,55,0.42,False
GOOGL,2024-12-12,20,SELL,55,-1.2,True
GOOGL,2024-12-13,5,SELL,55,0.84,False
GOOGL,2024-12-13,10,SELL,55,0.75,False
GOOGL,2024-12-13,20,SELL,55,3.02,False
GOOGL,2024-12-16,5,SELL,55,-1.03,True
GOOGL,2024-12-16,10,SELL,55,-3.74,True
GOOGL,2024-12-16,20,SELL,55,-1.91,True
GOOGL,2024-12-17,5,SELL,55,0.35,False
GOOGL,2024-12-17,10,SELL,55,-3.07,True
GOOGL,2024-12-17,20,SELL,55,0.3,False
GOOGL,2024-12-18,5,SELL,55,3.82,False
GOOGL,2024-12-18,10,SELL,55,1.8,False
GOOGL,2024-12-18,20,SELL,55,5.12,False
GOOGL,2024-12-19,5,SELL,55,2.25,False
GOOGL,2024-12-19,10,SELL,55,4.43,False
GOOGL,2024-12-19,20,SELL,55,5.23,False
GOOGL,2024-12-20,5,BUY,55,-0.09,False
GOOGL,2024-12-20,10,BUY,55,2.13,True
GOOGL,2024-12-20,20,BUY,55,3.43,True
GOOGL,2024-12-23,5,SELL,55,-2.74,True
GOOGL,2024-12-23,10,SELL,55,-0.35,True
GOOGL,2024-12-23,20,SELL,55,2.87,False
GOOGL,2024-12-24,5,SELL,55,-3.41,True
GOOGL,2024-12-24,10,SELL,55,-2.08,True
GOOGL,2024-12-24,20,SELL,55,-2.19,True
GOOGL,2024-12-26,5,SELL,55,-1.95,True
GOOGL,2024-12-26,10,SELL,55,-2.35,True
GOOGL,2024-12-26,20,SELL,55,-0.15,True
GOOGL,2024-12-27,5,SELL,55,2.13,False
GOOGL,2024-12-27,10,SELL,55,-1.61,True
GOOGL,2024-12-27,20,SELL,55,1.37,False
GOOGL,2024-12-30,5,SELL,55,2.22,False
GOOGL,2024-12-30,10,SELL,55,2.25,False
GOOGL,2024-12-30,20,SELL,55,5.04,False
GOOGL,2024-12-31,5,BUY,55,2.46,True
GOOGL,2024-12-31,10,BUY,55,1.91,True
GOOGL,2024-12-31,20,BUY,55,7.78,True
GOOGL,2025-01-02,5,BUY,55,1.38,True
GOOGL,2025-01-02,10,BUY,55,3.47,True
GOOGL,2025-01-02,20,BUY,55,6.23,True
GOOGL,2025-01-03,5,BUY,55,-0.41,False
GOOGL,2025-01-03,10,BUY,55,3.26,True
GOOGL,2025-01-03,20,BUY,55,7.61,True
GOOGL,2025-01-06,5,BUY,55,-3.66,False
GOOGL,2025-01-06,10,BUY,55,0.76,True
GOOGL,2025-01-06,20,BUY,55,-2.81,False
GOOGL,2025-01-07,5,BUY,55,0.03,True
GOOGL,2025-01-07,10,BUY,55,1.27,True
GOOGL,2025-01-07,20,BUY,55,-1.99,False
GOOGL,2025-01-08,5,BUY,55,-0.54,False
GOOGL,2025-01-08,10,BUY,55,3.23,True
GOOGL,2025-01-08,20,BUY,55,-4.44,False
GOOGL,2025-01-10,5,BUY,55,2.06,True
GOOGL,2025-01-10,10,BUY,55,-0.12,False
GOOGL,2025-01-10,20,BUY,55,-2.9,False
GOOGL,2025-01-13,5,BUY,55,3.69,True
GOOGL,2025-01-13,10,BUY,55,2.25,True
GOOGL,2025-01-13,20,BUY,55,-2.98,False
GOOGL,2025-01-14,5,BUY,55,4.59,True
GOOGL,2025-01-14,10,BUY,55,3.03,True
GOOGL,2025-01-14,20,BUY,55,-3.19,False
GOOGL,2025-01-15,5,BUY,55,1.24,True
GOOGL,2025-01-15,10,BUY,55,2.72,True
GOOGL,2025-01-15,20,BUY,55,-4.81,False
GOOGL,2025-01-16,5,BUY,55,3.78,True
GOOGL,2025-01-16,10,BUY,55,5.76,True
GOOGL,2025-01-16,20,BUY,55,-3.98,False
GOOGL,2025-01-17,5,BUY,55,-2.14,False
GOOGL,2025-01-17,10,BUY,55,2.67,True
GOOGL,2025-01-17,20,BUY,55,-6.24,False
GOOGL,2025-01-21,5,BUY,55,-1.39,False
GOOGL,2025-01-21,10,BUY,55,4.21,True
GOOGL,2025-01-21,20,BUY,55,-6.45,False
GOOGL,2025-01-22,5,BUY,55,-1.49,False
GOOGL,2025-01-22,10,BUY,55,-3.55,False
GOOGL,2025-01-22,20,BUY,55,-6.96,False
GOOGL,2025-01-23,5,BUY,55,1.46,True
GOOGL,2025-01-23,10,BUY,55,-3.22,False
GOOGL,2025-01-23,20,BUY,55,-9.25,False
GOOGL,2025-01-24,5,BUY,55,1.9,True
GOOGL,2025-01-24,10,BUY,55,-7.43,False
GOOGL,2025-01-24,20,BUY,55,-10.47,False
GOOGL,2025-01-27,5,BUY,55,4.91,True
GOOGL,2025-01-27,10,BUY,55,-2.78,False
GOOGL,2025-01-27,20,BUY,55,-8.54,False
GOOGL,2025-01-28,5,BUY,55,5.67,True
GOOGL,2025-01-28,10,BUY,55,-5.11,False
GOOGL,2025-01-28,20,BUY,55,-11.56,False
GOOGL,2025-01-29,5,BUY,55,-2.09,False
GOOGL,2025-01-29,10,BUY,55,-6.04,False
GOOGL,2025-01-29,20,BUY,55,-13.77,False
GOOGL,2025-01-30,5,BUY,55,-4.61,False
GOOGL,2025-01-30,10,BUY,55,-7.33,False
GOOGL,2025-01-30,20,BUY,55,-15.23,False
GOOGL,2025-01-31,5,BUY,55,-9.16,False
GOOGL,2025-01-31,10,BUY,55,-9.21,False
GOOGL,2025-01-31,20,BUY,55,-18.14,False
GOOGL,2025-02-03,5,BUY,55,-7.33,False
GOOGL,2025-02-03,10,BUY,55,-8.68,False
GOOGL,2025-02-03,20,BUY,55,-15.06,False
GOOGL,2025-02-04,5,BUY,55,-10.2,False
GOOGL,2025-02-04,10,BUY,55,-10.23,False
GOOGL,2025-02-04,20,BUY,55,-16.16,False
GOOGL,2025-02-05,5,BUY,55,-4.03,False
GOOGL,2025-02-05,10,BUY,55,-3.54,False
GOOGL,2025-02-05,20,BUY,55,-9.92,False
GOOGL,2025-02-06,5,BUY,55,-2.85,False
GOOGL,2025-02-06,10,BUY,55,-6.23,False
GOOGL,2025-02-06,20,BUY,55,-9.26,False
GOOGL,2025-02-07,5,BUY,55,-0.06,False
GOOGL,2025-02-07,10,BUY,55,-3.29,False
GOOGL,2025-02-07,20,BUY,55,-10.4,False
GOOGL,2025-02-10,5,BUY,55,-1.45,False
GOOGL,2025-02-10,10,BUY,55,-5.93,False
GOOGL,2025-02-10,20,BUY,55,-11.93,False
GOOGL,2025-02-11,5,BUY,55,-0.03,False
GOOGL,2025-02-11,10,BUY,55,-6.79,False
GOOGL,2025-02-11,20,BUY,55,-9.72,False
GOOGL,2025-02-12,5,BUY,55,0.52,True
GOOGL,2025-02-12,10,BUY,55,-8.23,False
GOOGL,2025-02-12,20,BUY,55,-11.25,False
GOOGL,2025-02-13,5,BUY,55,-3.48,False
GOOGL,2025-02-13,10,BUY,55,-8.52,False
GOOGL,2025-02-13,20,BUY,55,-10.99,False
GOOGL,2025-02-14,5,BUY,55,-3.23,False
GOOGL,2025-02-14,10,BUY,55,-9.84,False
GOOGL,2025-02-14,20,BUY,55,-11.2,False
GOOGL,2025-02-18,5,BUY,55,-4.54,False
GOOGL,2025-02-18,10,BUY,55,-6.99,False
GOOGL,2025-02-18,20,BUY,55,-12.47,False
GOOGL,2025-02-19,5,BUY,55,-6.77,False
GOOGL,2025-02-19,10,BUY,55,-6.61,False
GOOGL,2025-02-19,20,BUY,55,-11.44,False
GOOGL,2025-02-20,5,BUY,55,-8.7,False
GOOGL,2025-02-20,10,BUY,55,-6.62,False
GOOGL,2025-02-20,20,BUY,55,-11.69,False
GOOGL,2025-02-24,5,BUY,55,-6.83,False
GOOGL,2025-02-24,10,BUY,55,-7.36,False
GOOGL,2025-02-24,20,BUY,55,-6.35,False
GOOGL,2025-02-25,5,BUY,55,-2.57,False
GOOGL,2025-02-25,10,BUY,55,-6.38,False
GOOGL,2025-02-25,20,BUY,55,-2.66,False
GOOGL,2025-02-26,5,BUY,55,0.17,True
GOOGL,2025-02-26,10,BUY,55,-3.14,False
GOOGL,2025-02-26,20,BUY,55,-4.33,False
GOOGL,2025-02-27,5,BUY,55,2.28,True
GOOGL,2025-02-27,10,BUY,55,-3.3,False
GOOGL,2025-02-27,20,BUY,55,-3.6,False
GOOGL,2025-02-28,5,BUY,55,2.1,True
GOOGL,2025-02-28,10,BUY,55,-2.7,False
GOOGL,2025-02-28,20,BUY,55,-9.26,False
GOOGL,2025-03-03,5,BUY,55,-0.57,False
GOOGL,2025-03-03,10,BUY,55,-1.52,False
GOOGL,2025-03-03,20,BUY,55,-7.3,False
GOOGL,2025-03-04,5,BUY,55,-3.91,False
GOOGL,2025-03-04,10,BUY,55,-5.89,False
GOOGL,2025-03-04,20,BUY,55,-8.0,False
GOOGL,2025-03-05,5,BUY,55,-3.3,False
GOOGL,2025-03-05,10,BUY,55,-5.17,False
GOOGL,2025-03-05,20,BUY,55,-9.13,False
GOOGL,2025-03-06,5,BUY,55,-5.46,False
GOOGL,2025-03-06,10,BUY,55,-5.43,False
GOOGL,2025-03-06,20,BUY,55,-12.45,False
GOOGL,2025-03-07,5,BUY,55,-4.7,False
GOOGL,2025-03-07,10,BUY,55,-5.57,False
GOOGL,2025-03-07,20,BUY,55,-16.16,False
GOOGL,2025-03-10,5,BUY,55,-0.95,False
GOOGL,2025-03-10,10,BUY,55,1.09,True
GOOGL,2025-03-10,20,BUY,55,-11.53,False
GOOGL,2025-03-11,5,BUY,55,-2.05,False
GOOGL,2025-03-11,10,BUY,55,3.97,True
GOOGL,2025-03-11,20,BUY,55,-11.79,False
GOOGL,2025-03-12,5,BUY,55,-1.93,False
GOOGL,2025-03-12,10,BUY,55,-1.23,False
GOOGL,2025-03-12,20,BUY,55,-5.03,False
GOOGL,2025-03-13,5,BUY,55,0.02,True
GOOGL,2025-03-13,10,BUY,55,-0.32,False
GOOGL,2025-03-13,20,BUY,55,-6.11,False
GOOGL,2025-03-14,5,BUY,55,-0.91,False
GOOGL,2025-03-14,10,BUY,55,-6.74,False
GOOGL,2025-03-14,20,BUY,55,-5.05,False
GOOGL,2025-03-17,5,BUY,55,2.06,True
GOOGL,2025-03-17,10,BUY,55,-5.87,False
GOOGL,2025-03-17,20,BUY,55,-3.18,False
GOOGL,2025-03-18,5,BUY,55,6.16,True
GOOGL,2025-03-18,10,BUY,55,-2.24,False
GOOGL,2025-03-18,20,BUY,55,-2.71,False
GOOGL,2025-03-19,5,BUY,55,0.71,True
GOOGL,2025-03-19,10,BUY,55,-4.18,False
GOOGL,2025-03-19,20,BUY,55,-6.44,False
GOOGL,2025-03-20,5,BUY,55,-0.34,False
GOOGL,2025-03-20,10,BUY,55,-7.42,False
GOOGL,2025-03-20,20,BUY,55,-7.15,False
GOOGL,2025-03-21,5,BUY,55,-5.89,False
GOOGL,2025-03-21,10,BUY,55,-11.21,False
GOOGL,2025-03-21,20,BUY,55,-9.95,False
GOOGL,2025-03-24,5,BUY,55,-7.78,False
GOOGL,2025-03-24,10,BUY,55,-12.48,False
GOOGL,2025-03-24,20,BUY,55,-9.67,False
GOOGL,2025-03-25,5,BUY,55,-7.91,False
GOOGL,2025-03-25,10,BUY,55,-15.16,False
GOOGL,2025-03-25,20,BUY,55,-8.92,False
GOOGL,2025-03-26,5,BUY,55,-4.86,False
GOOGL,2025-03-26,10,BUY,55,-3.85,False
GOOGL,2025-03-26,20,BUY,55,-3.5,False
GOOGL,2025-03-27,5,BUY,55,-7.1,False
GOOGL,2025-03-27,10,BUY,55,-5.81,False
GOOGL,2025-03-27,20,BUY,55,-0.17,False
GOOGL,2025-03-28,5,BUY,55,-5.66,False
GOOGL,2025-03-28,10,BUY,55,1.82,True
GOOGL,2025-03-28,20,BUY,55,4.07,True
GOOGL,2025-03-31,5,BUY,55,-5.1,False
GOOGL,2025-03-31,10,BUY,55,2.86,True
GOOGL,2025-03-31,20,BUY,55,3.57,True
GOOGL,2025-04-01,5,BUY,55,-7.88,False
GOOGL,2025-04-01,10,BUY,55,-0.48,False
GOOGL,2025-04-01,20,BUY,55,1.1,True
GOOGL,2025-04-02,5,BUY,55,1.06,True
GOOGL,2025-04-02,10,BUY,55,-2.36,False
GOOGL,2025-04-02,20,BUY,55,2.71,True
GOOGL,2025-04-03,5,BUY,55,1.39,True
GOOGL,2025-04-03,10,BUY,55,0.29,True
GOOGL,2025-04-03,20,BUY,55,8.83,True
GOOGL,2025-04-04,5,BUY,55,7.93,True
GOOGL,2025-04-04,10,BUY,55,1.42,True
GOOGL,2025-04-04,20,BUY,55,12.78,True
GOOGL,2025-04-07,5,BUY,55,8.4,True
GOOGL,2025-04-07,10,BUY,55,3.22,True
GOOGL,2025-04-07,20,BUY,55,11.23,True
GOOGL,2025-04-08,5,BUY,55,8.02,True
GOOGL,2025-04-08,10,BUY,55,7.36,True
GOOGL,2025-04-08,20,BUY,55,4.62,True
GOOGL,2025-04-09,5,BUY,55,-3.39,False
GOOGL,2025-04-09,10,BUY,55,0.36,True
GOOGL,2025-04-09,20,BUY,55,-2.79,False
GOOGL,2025-04-10,5,BUY,55,-1.09,False
GOOGL,2025-04-10,10,BUY,55,5.98,True
GOOGL,2025-04-10,20,BUY,55,-0.05,False
GOOGL,2025-04-11,5,BUY,55,-6.03,False
GOOGL,2025-04-11,10,BUY,55,2.21,True
GOOGL,2025-04-11,20,BUY,55,0.84,True
GOOGL,2025-04-14,5,BUY,55,-4.78,False
GOOGL,2025-04-14,10,BUY,55,0.69,True
GOOGL,2025-04-14,20,BUY,55,0.29,True
GOOGL,2025-04-15,5,BUY,55,-0.61,False
GOOGL,2025-04-15,10,BUY,55,1.59,True
GOOGL,2025-04-15,20,BUY,55,5.8,True
GOOGL,2025-04-16,5,BUY,55,3.88,True
GOOGL,2025-04-16,10,BUY,55,5.2,True
GOOGL,2025-04-16,20,BUY,55,6.93,True
GOOGL,2025-04-17,5,BUY,55,7.14,True
GOOGL,2025-04-17,10,BUY,55,8.51,True
GOOGL,2025-04-17,20,BUY,55,9.94,True
GOOGL,2025-04-21,5,BUY,55,8.76,True
GOOGL,2025-04-21,10,BUY,55,11.2,True
GOOGL,2025-04-21,20,BUY,55,12.78,True
GOOGL,2025-04-22,5,BUY,55,5.74,True
GOOGL,2025-04-22,10,BUY,55,7.76,True
GOOGL,2025-04-22,20,BUY,55,8.26,True
GOOGL,2025-04-23,5,BUY,55,2.22,True
GOOGL,2025-04-23,10,BUY,55,-2.56,False
GOOGL,2025-04-23,20,BUY,55,8.5,True
GOOGL,2025-04-24,5,BUY,55,1.27,True
GOOGL,2025-04-24,10,BUY,55,-3.14,False
GOOGL,2025-04-24,20,BUY,55,7.28,True
GOOGL,2025-04-25,5,BUY,55,1.28,True
GOOGL,2025-04-25,10,BUY,55,-5.69,False
GOOGL,2025-04-25,20,BUY,55,4.02,True
GOOGL,2025-04-28,5,SELL,55,2.24,False
GOOGL,2025-04-28,10,SELL,55,-1.34,True
GOOGL,2025-04-28,20,SELL,55,7.65,False
GOOGL,2025-04-29,5,SELL,55,1.92,False
GOOGL,2025-04-29,10,SELL,55,-0.39,True
GOOGL,2025-04-29,20,SELL,55,7.62,False
GOOGL,2025-04-30,5,BUY,55,-4.67,False
GOOGL,2025-04-30,10,BUY,55,4.14,True
GOOGL,2025-04-30,20,BUY,55,8.22,True
GOOGL,2025-05-01,5,BUY,55,-4.35,False
GOOGL,2025-05-01,10,BUY,55,1.65,True
GOOGL,2025-05-01,20,BUY,55,6.47,True
GOOGL,2025-05-02,5,BUY,55,-6.88,False
GOOGL,2025-05-02,10,BUY,55,1.32,True
GOOGL,2025-05-02,20,BUY,55,3.05,True
GOOGL,2025-05-05,5,BUY,55,-3.5,False
GOOGL,2025-05-05,10,BUY,55,1.42,True
GOOGL,2025-05-05,20,BUY,55,1.2,True
GOOGL,2025-05-06,5,BUY,55,-2.27,False
GOOGL,2025-05-06,10,BUY,55,0.46,True
GOOGL,2025-05-06,20,BUY,55,2.95,True
GOOGL,2025-05-07,5,BUY,55,9.24,True
GOOGL,2025-05-07,10,BUY,55,11.35,True
GOOGL,2025-05-07,20,BUY,55,11.12,True
GOOGL,2025-05-08,5,BUY,55,6.27,True
GOOGL,2025-05-08,10,BUY,55,10.75,True
GOOGL,2025-05-08,20,BUY,55,12.57,True
GOOGL,2025-05-09,5,BUY,55,8.8,True
GOOGL,2025-05-09,10,BUY,55,10.29,True
GOOGL,2025-05-09,20,BUY,55,15.42,True
GOOGL,2025-05-12,5,BUY,55,5.1,True
GOOGL,2025-05-12,10,BUY,55,9.11,True
GOOGL,2025-05-12,20,BUY,55,12.85,True
GOOGL,2025-05-13,5,BUY,55,2.79,True
GOOGL,2025-05-13,10,BUY,55,8.04,True
GOOGL,2025-05-13,20,BUY,55,11.3,True
GOOGL,2025-05-14,5,BUY,55,1.93,True
GOOGL,2025-05-14,10,BUY,55,3.92,True
GOOGL,2025-05-14,20,BUY,55,6.38,True
GOOGL,2025-05-15,5,BUY,55,4.21,True
GOOGL,2025-05-15,10,BUY,55,4.75,True
GOOGL,2025-05-15,20,BUY,55,6.66,True
GOOGL,2025-05-16,5,BUY,55,1.37,True
GOOGL,2025-05-16,10,BUY,55,1.71,True
GOOGL,2025-05-16,20,BUY,55,6.49,True
GOOGL,2025-05-20,5,BUY,55,5.11,True
GOOGL,2025-05-20,10,BUY,55,2.48,True
GOOGL,2025-05-20,20,BUY,55,5.82,True
GOOGL,2025-05-21,5,BUY,55,1.96,True
GOOGL,2025-05-21,10,BUY,55,-0.21,False
GOOGL,2025-05-21,20,BUY,55,-1.02,False
GOOGL,2025-05-22,5,BUY,55,0.51,True
GOOGL,2025-05-22,10,BUY,55,1.64,True
GOOGL,2025-05-22,20,BUY,55,-3.21,False
GOOGL,2025-05-23,5,BUY,55,0.33,True
GOOGL,2025-05-23,10,BUY,55,4.65,True
GOOGL,2025-05-23,20,BUY,55,-0.89,False
GOOGL,2025-05-27,5,SELL,55,-3.89,True
GOOGL,2025-05-27,10,SELL,55,3.42,False
GOOGL,2025-05-27,20,SELL,55,-1.16,True
GOOGL,2025-05-28,5,SELL,55,-2.5,True
GOOGL,2025-05-28,10,SELL,55,3.02,False
GOOGL,2025-05-28,20,SELL,55,0.81,False
GOOGL,2025-05-29,5,SELL,55,-2.12,True
GOOGL,2025-05-29,10,SELL,55,2.36,False
GOOGL,2025-05-29,20,SELL,55,4.01,False
GOOGL,2025-05-30,5,SELL,55,1.13,False
GOOGL,2025-05-30,10,SELL,55,1.83,False
GOOGL,2025-05-30,20,SELL,55,2.74,False
GOOGL,2025-06-02,5,SELL,55,4.3,False
GOOGL,2025-06-02,10,SELL,55,4.71,False
GOOGL,2025-06-02,20,SELL,55,4.15,False
GOOGL,2025-06-03,5,BUY,55,7.6,True
GOOGL,2025-06-03,10,BUY,55,6.01,True
GOOGL,2025-06-03,20,BUY,55,7.63,True
GOOGL,2025-06-04,5,BUY,55,5.66,True
GOOGL,2025-06-04,10,BUY,55,3.26,True
GOOGL,2025-06-04,20,BUY,55,6.96,True
GOOGL,2025-06-05,5,BUY,55,4.58,True
GOOGL,2025-06-05,10,BUY,55,-0.81,False
GOOGL,2025-06-05,20,BUY,55,5.23,True
GOOGL,2025-06-06,5,BUY,55,0.69,True
GOOGL,2025-06-06,10,BUY,55,-4.77,False
GOOGL,2025-06-06,20,BUY,55,0.51,True
GOOGL,2025-06-09,5,SELL,55,0.39,False
GOOGL,2025-06-09,10,SELL,55,-5.29,True
GOOGL,2025-06-09,20,SELL,55,0.3,False
GOOGL,2025-06-10,5,BUY,55,-1.48,False
GOOGL,2025-06-10,10,BUY,55,-4.43,False
GOOGL,2025-06-10,20,BUY,55,-0.55,False
GOOGL,2025-06-11,5,BUY,55,-2.27,False
GOOGL,2025-06-11,10,BUY,55,-2.15,False
GOOGL,2025-06-11,20,BUY,55,1.6,True
GOOGL,2025-06-12,5,BUY,55,-5.16,False
GOOGL,2025-06-12,10,BUY,55,1.61,True
GOOGL,2025-06-12,20,BUY,55,3.34,True
GOOGL,2025-06-13,5,BUY,55,-5.43,False
GOOGL,2025-06-13,10,BUY,55,0.89,True
GOOGL,2025-06-13,20,BUY,55,4.2,True
GOOGL,2025-06-16,5,BUY,55,-5.66,False
GOOGL,2025-06-16,10,BUY,55,-0.53,False
GOOGL,2025-06-16,20,BUY,55,3.51,True
GOOGL,2025-06-17,5,BUY,55,-3.0,False
GOOGL,2025-06-17,10,BUY,55,1.53,True
GOOGL,2025-06-17,20,BUY,55,4.34,True
GOOGL,2025-06-18,5,BUY,55,0.13,True
GOOGL,2025-06-18,10,BUY,55,3.58,True
GOOGL,2025-06-18,20,BUY,55,6.77,True
GOOGL,2025-06-20,5,BUY,55,7.14,True
GOOGL,2025-06-20,10,BUY,55,6.09,True
GOOGL,2025-06-20,20,BUY,55,14.08,True
GOOGL,2025-06-23,5,BUY,55,6.68,True
GOOGL,2025-06-23,10,BUY,55,5.55,True
GOOGL,2025-06-23,20,BUY,55,15.83,True
GOOGL,2025-06-24,5,BUY,55,5.44,True
GOOGL,2025-06-24,10,BUY,55,5.91,True
GOOGL,2025-06-24,20,BUY,55,14.07,True
GOOGL,2025-06-25,5,BUY,55,4.66,True
GOOGL,2025-06-25,10,BUY,55,4.07,True
GOOGL,2025-06-25,20,BUY,55,12.59,True
GOOGL,2025-06-26,5,BUY,55,3.45,True
GOOGL,2025-06-26,10,BUY,55,3.83,True
GOOGL,2025-06-26,20,BUY,55,11.32,True
GOOGL,2025-06-27,5,BUY,55,-0.97,False
GOOGL,2025-06-27,10,BUY,55,1.7,True
GOOGL,2025-06-27,20,BUY,55,7.87,True
GOOGL,2025-06-30,5,BUY,55,-1.06,False
GOOGL,2025-06-30,10,BUY,55,3.27,True
GOOGL,2025-06-30,20,BUY,55,11.08,True
GOOGL,2025-07-01,5,BUY,55,0.44,True
GOOGL,2025-07-01,10,BUY,55,4.05,True
GOOGL,2025-07-01,20,BUY,55,11.77,True
GOOGL,2025-07-02,5,BUY,55,-0.57,False
GOOGL,2025-07-02,10,BUY,55,2.77,True
GOOGL,2025-07-02,20,BUY,55,7.42,True
GOOGL,2025-07-03,5,SELL,55,0.37,False
GOOGL,2025-07-03,10,SELL,55,3.08,False
GOOGL,2025-07-03,20,SELL,55,5.35,False
GOOGL,2025-07-07,5,BUY,55,2.7,True
GOOGL,2025-07-07,10,BUY,55,7.53,True
GOOGL,2025-07-07,20,BUY,55,10.32,True
GOOGL,2025-07-08,5,BUY,55,4.38,True
GOOGL,2025-07-08,10,BUY,55,9.74,True
GOOGL,2025-07-08,20,BUY,55,11.65,True
GOOGL,2025-07-09,5,BUY,55,3.6,True
GOOGL,2025-07-09,10,BUY,55,7.71,True
GOOGL,2025-07-09,20,BUY,55,11.02,True
GOOGL,2025-07-10,5,BUY,55,3.36,True
GOOGL,2025-07-10,10,BUY,55,8.19,True
GOOGL,2025-07-10,20,BUY,55,10.64,True
GOOGL,2025-07-11,5,SELL,55,2.7,False
GOOGL,2025-07-11,10,SELL,55,7.21,False
GOOGL,2025-07-11,20,SELL,55,11.78,False
GOOGL,2025-07-14,5,SELL,55,4.7,False
GOOGL,2025-07-14,10,SELL,55,6.07,False
GOOGL,2025-07-14,20,SELL,55,10.71,False
GOOGL,2025-07-15,5,SELL,55,5.13,False
GOOGL,2025-07-15,10,SELL,55,7.55,False
GOOGL,2025-07-15,20,SELL,55,11.73,False
GOOGL,2025-07-16,5,SELL,55,3.97,False
GOOGL,2025-07-16,10,SELL,55,7.41,False
GOOGL,2025-07-16,20,SELL,55,10.38,False
GOOGL,2025-07-17,5,SELL,55,4.68,False
GOOGL,2025-07-17,10,SELL,55,4.53,False
GOOGL,2025-07-17,20,SELL,55,10.55,False
GOOGL,2025-07-18,5,SELL,55,4.39,False
GOOGL,2025-07-18,10,SELL,55,2.2,False
GOOGL,2025-07-18,20,SELL,55,10.18,False
GOOGL,2025-07-21,5,SELL,55,1.3,False
GOOGL,2025-07-21,10,SELL,55,2.6,False
GOOGL,2025-07-21,20,SELL,55,7.05,False
GOOGL,2025-07-22,5,SELL,55,2.3,False
GOOGL,2025-07-22,10,SELL,55,1.74,False
GOOGL,2025-07-22,20,SELL,55,5.35,False
GOOGL,2025-07-23,5,SELL,55,3.31,False
GOOGL,2025-07-23,10,SELL,55,3.08,False
GOOGL,2025-07-23,20,SELL,55,4.78,False
GOOGL,2025-07-24,5,BUY,55,-0.14,False
GOOGL,2025-07-24,10,BUY,55,2.26,True
GOOGL,2025-07-24,20,BUY,55,3.94,True
GOOGL,2025-07-25,5,SELL,55,-2.1,True
GOOGL,2025-07-25,10,SELL,55,4.27,False
GOOGL,2025-07-25,20,SELL,55,6.68,False
GOOGL,2025-07-28,5,SELL,55,1.28,False
GOOGL,2025-07-28,10,SELL,55,4.37,False
GOOGL,2025-07-28,20,SELL,55,8.26,False
GOOGL,2025-07-29,5,SELL,55,-0.55,True
GOOGL,2025-07-29,10,SELL,55,3.88,False
GOOGL,2025-07-29,20,SELL,55,5.82,False
GOOGL,2025-07-30,5,SELL,55,-0.22,True
GOOGL,2025-07-30,10,SELL,55,2.76,False
GOOGL,2025-07-30,20,SELL,55,5.57,False
GOOGL,2025-07-31,5,BUY,55,2.41,True
GOOGL,2025-07-31,10,BUY,55,5.75,True
GOOGL,2025-07-31,20,BUY,55,10.29,True
GOOGL,2025-08-01,5,BUY,55,6.5,True
GOOGL,2025-08-01,10,BUY,55,7.81,True
GOOGL,2025-08-01,20,BUY,55,12.57,True
GOOGL,2025-08-04,5,SELL,55,3.06,False
GOOGL,2025-08-04,10,SELL,55,4.34,False
GOOGL,2025-08-04,20,SELL,55,8.36,False
GOOGL,2025-08-05,5,SELL,55,4.45,False
GOOGL,2025-08-05,10,SELL,55,3.54,False
GOOGL,2025-08-05,20,SELL,55,18.49,False
GOOGL,2025-08-06,5,SELL,55,2.99,False
GOOGL,2025-08-06,10,SELL,55,1.65,False
GOOGL,2025-08-06,20,SELL,55,18.47,False
GOOGL,2025-08-07,5,SELL,55,3.27,False
GOOGL,2025-08-07,10,SELL,55,1.64,False
GOOGL,2025-08-07,20,SELL,55,19.58,False
GOOGL,2025-08-08,5,SELL,55,1.23,False
GOOGL,2025-08-08,10,SELL,55,2.32,False
GOOGL,2025-08-08,20,SELL,55,16.3,False
GOOGL,2025-08-11,5,SELL,55,1.24,False
GOOGL,2025-08-11,10,SELL,55,3.73,False
GOOGL,2025-08-11,20,SELL,55,19.33,False
GOOGL,2025-08-12,5,SELL,55,-0.87,True
GOOGL,2025-08-12,10,SELL,55,1.87,False
GOOGL,2025-08-12,20,SELL,55,17.73,False
GOOGL,2025-08-13,5,SELL,55,-1.31,True
GOOGL,2025-08-13,10,SELL,55,2.73,False
GOOGL,2025-08-13,20,SELL,55,19.13,False
GOOGL,2025-08-14,5,SELL,55,-1.57,True
GOOGL,2025-08-14,10,SELL,55,4.29,False
GOOGL,2025-08-14,20,SELL,55,18.76,False
GOOGL,2025-08-15,5,SELL,55,1.07,False
GOOGL,2025-08-15,10,SELL,55,4.42,False
GOOGL,2025-08-15,20,SELL,55,23.51,False
GOOGL,2025-08-18,5,SELL,55,2.45,False
GOOGL,2025-08-18,10,SELL,55,3.86,False
GOOGL,2025-08-18,20,SELL,55,23.53,False
GOOGL,2025-08-19,5,BUY,55,2.76,True
GOOGL,2025-08-19,10,BUY,55,14.43,True
GOOGL,2025-08-19,20,BUY,55,23.9,True
GOOGL,2025-08-20,5,BUY,55,4.09,True
GOOGL,2025-08-20,10,BUY,55,16.55,True
GOOGL,2025-08-20,20,BUY,55,26.56,True
GOOGL,2025-08-21,5,SELL,55,5.95,False
GOOGL,2025-08-21,10,SELL,55,17.65,False
GOOGL,2025-08-21,20,SELL,55,27.63,False
GOOGL,2025-08-22,5,BUY,55,3.31,True
GOOGL,2025-08-22,10,BUY,55,13.66,True
GOOGL,2025-08-22,20,BUY,55,22.64,True
GOOGL,2025-08-25,5,SELL,55,1.37,False
GOOGL,2025-08-25,10,SELL,55,15.04,False
GOOGL,2025-08-25,20,SELL,55,20.81,False
GOOGL,2025-08-26,5,BUY,55,11.35,True
GOOGL,2025-08-26,10,BUY,55,15.57,True
GOOGL,2025-08-26,20,BUY,55,19.42,True
GOOGL,2025-08-27,5,BUY,55,11.96,True
GOOGL,2025-08-27,10,BUY,55,15.96,True
GOOGL,2025-08-27,20,BUY,55,18.57,True
GOOGL,2025-08-28,5,BUY,55,11.04,True
GOOGL,2025-08-28,10,BUY,55,13.88,True
GOOGL,2025-08-28,20,BUY,55,16.59,True
GOOGL,2025-08-29,5,BUY,55,10.02,True
GOOGL,2025-08-29,10,BUY,55,18.28,True
GOOGL,2025-08-29,20,BUY,55,14.73,True
GOOGL,2025-09-02,5,BUY,55,13.48,True
GOOGL,2025-09-02,10,BUY,55,18.94,True
GOOGL,2025-09-02,20,BUY,55,15.13,True
GOOGL,2025-09-03,5,BUY,55,3.78,True
GOOGL,2025-09-03,10,BUY,55,8.28,True
GOOGL,2025-09-03,20,BUY,55,6.27,True
GOOGL,2025-09-04,5,SELL,55,3.57,False
GOOGL,2025-09-04,10,SELL,55,8.59,False
GOOGL,2025-09-04,20,SELL,55,5.86,False
GOOGL,2025-09-05,5,SELL,55,2.56,False
GOOGL,2025-09-05,10,SELL,55,8.49,False
GOOGL,2025-09-05,20,SELL,55,4.5,False
GOOGL,2025-09-08,5,SELL,55,7.51,False
GOOGL,2025-09-08,10,SELL,55,7.9,False
GOOGL,2025-09-08,20,SELL,55,7.0,False
GOOGL,2025-09-09,5,SELL,55,4.81,False
GOOGL,2025-09-09,10,SELL,55,5.02,False
GOOGL,2025-09-09,20,SELL,55,2.56,False
GOOGL,2025-09-10,5,SELL,55,4.33,False
GOOGL,2025-09-10,10,SELL,55,3.33,False
GOOGL,2025-09-10,20,SELL,55,2.28,False
GOOGL,2025-09-11,5,SELL,55,4.85,False
GOOGL,2025-09-11,10,SELL,55,2.25,False
GOOGL,2025-09-11,20,SELL,55,0.48,False
GOOGL,2025-09-12,5,SELL,55,5.78,False
GOOGL,2025-09-12,10,SELL,55,2.38,False
GOOGL,2025-09-12,20,SELL,55,-1.76,True
GOOGL,2025-09-15,5,SELL,55,0.37,False
GOOGL,2025-09-15,10,SELL,55,-3.0,True
GOOGL,2025-09-15,20,SELL,55,-2.96,True
GOOGL,2025-09-16,5,SELL,55,0.2,False
GOOGL,2025-09-16,10,SELL,55,-3.21,True
GOOGL,2025-09-16,20,SELL,55,-2.27,True
GOOGL,2025-09-17,5,SELL,55,-0.96,True
GOOGL,2025-09-17,10,SELL,55,-1.86,True
GOOGL,2025-09-17,20,SELL,55,0.6,False
GOOGL,2025-09-18,5,SELL,55,-2.48,True
GOOGL,2025-09-18,10,SELL,55,-2.52,True
GOOGL,2025-09-18,20,SELL,55,-0.23,True
GOOGL,2025-09-19,5,SELL,55,-3.21,True
GOOGL,2025-09-19,10,SELL,55,-3.68,True
GOOGL,2025-09-19,20,SELL,55,-0.56,True
GOOGL,2025-09-22,5,SELL,55,-3.36,True
GOOGL,2025-09-22,10,SELL,55,-0.83,True
GOOGL,2025-09-22,20,SELL,55,1.59,False
GOOGL,2025-09-23,5,SELL,55,-3.4,True
GOOGL,2025-09-23,10,SELL,55,-2.34,True
GOOGL,2025-09-23,20,SELL,55,-0.48,True
GOOGL,2025-09-24,5,SELL,55,-0.91,True
GOOGL,2025-09-24,10,SELL,55,-1.02,True
GOOGL,2025-09-24,20,SELL,55,1.84,False
GOOGL,2025-09-25,5,SELL,55,-0.04,True
GOOGL,2025-09-25,10,SELL,55,-1.73,True
GOOGL,2025-09-25,20,SELL,55,2.97,False
GOOGL,2025-09-26,5,SELL,55,-0.48,True
GOOGL,2025-09-26,10,SELL,55,-4.04,True
GOOGL,2025-09-26,20,SELL,55,5.43,False
GOOGL,2025-09-29,5,BUY,55,2.61,True
GOOGL,2025-09-29,10,BUY,55,0.04,True
GOOGL,2025-09-29,20,BUY,55,10.33,True
GOOGL,2025-09-30,5,BUY,55,1.09,True
GOOGL,2025-09-30,10,BUY,55,0.97,True
GOOGL,2025-09-30,20,BUY,55,10.02,True
GOOGL,2025-10-01,5,BUY,55,-0.11,False
GOOGL,2025-10-01,10,BUY,55,2.5,True
GOOGL,2025-10-01,20,BUY,55,12.12,True
GOOGL,2025-10-02,5,BUY,55,-1.69,False
GOOGL,2025-10-02,10,BUY,55,2.35,True
GOOGL,2025-10-02,20,BUY,55,14.57,True
GOOGL,2025-10-03,5,BUY,55,-3.58,False
GOOGL,2025-10-03,10,BUY,55,3.24,True
GOOGL,2025-10-03,20,BUY,55,14.61,True
GOOGL,2025-10-06,5,BUY,55,-2.51,False
GOOGL,2025-10-06,10,BUY,55,2.44,True
GOOGL,2025-10-06,20,BUY,55,13.29,True
GOOGL,2025-10-07,5,BUY,55,-0.13,False
GOOGL,2025-10-07,10,BUY,55,1.91,True
GOOGL,2025-10-07,20,BUY,55,12.93,True
GOOGL,2025-10-08,5,BUY,55,2.62,True
GOOGL,2025-10-08,10,BUY,55,2.89,True
GOOGL,2025-10-08,20,BUY,55,16.23,True
GOOGL,2025-10-09,5,BUY,55,4.11,True
GOOGL,2025-10-09,10,BUY,55,4.78,True
GOOGL,2025-10-09,20,BUY,55,17.89,True
GOOGL,2025-10-10,5,BUY,55,7.07,True
GOOGL,2025-10-10,10,BUY,55,9.87,True
GOOGL,2025-10-10,20,BUY,55,17.86,True
GOOGL,2025-10-13,5,BUY,55,5.08,True
GOOGL,2025-10-13,10,BUY,55,10.29,True
GOOGL,2025-10-13,20,BUY,55,18.82,True
GOOGL,2025-10-14,5,BUY,55,2.04,True
GOOGL,2025-10-14,10,BUY,55,8.97,True
GOOGL,2025-10-14,20,BUY,55,18.68,True
GOOGL,2025-10-15,5,BUY,55,0.26,True
GOOGL,2025-10-15,10,BUY,55,9.38,True
GOOGL,2025-10-15,20,BUY,55,14.21,True
GOOGL,2025-10-16,5,BUY,55,0.64,True
GOOGL,2025-10-16,10,BUY,55,11.94,True
GOOGL,2025-10-16,20,BUY,55,10.78,True
GOOGL,2025-10-17,5,BUY,55,2.61,True
GOOGL,2025-10-17,10,BUY,55,11.01,True
GOOGL,2025-10-17,20,BUY,55,9.12,True
GOOGL,2025-10-20,5,BUY,55,4.96,True
GOOGL,2025-10-20,10,BUY,55,10.59,True
GOOGL,2025-10-20,20,BUY,55,11.1,True
GOOGL,2025-10-21,5,BUY,55,6.79,True
GOOGL,2025-10-21,10,BUY,55,10.81,True
GOOGL,2025-10-21,20,BUY,55,13.5,True
GOOGL,2025-10-22,5,BUY,55,9.09,True
GOOGL,2025-10-22,10,BUY,55,12.96,True
GOOGL,2025-10-22,20,BUY,55,16.34,True
GOOGL,2025-10-23,5,BUY,55,11.22,True
GOOGL,2025-10-23,10,BUY,55,12.51,True
GOOGL,2025-10-23,20,BUY,55,14.37,True
GOOGL,2025-10-24,5,BUY,55,8.18,True
GOOGL,2025-10-24,10,BUY,55,7.28,True
GOOGL,2025-10-24,20,BUY,55,15.29,True
GOOGL,2025-10-27,5,SELL,55,5.37,False
GOOGL,2025-10-27,10,SELL,55,7.74,False
GOOGL,2025-10-27,20,SELL,55,18.31,False
GOOGL,2025-10-28,5,SELL,55,3.76,False
GOOGL,2025-10-28,10,SELL,55,8.91,False
GOOGL,2025-10-28,20,SELL,55,20.93,False
GOOGL,2025-10-29,5,SELL,55,3.55,False
GOOGL,2025-10-29,10,SELL,55,4.42,False
GOOGL,2025-10-29,20,SELL,55,16.53,False
GOOGL,2025-10-30,5,SELL,55,1.16,False
GOOGL,2025-10-30,10,SELL,55,-1.03,True
GOOGL,2025-10-30,20,SELL,55,13.75,False
GOOGL,2025-10-31,5,SELL,55,-0.84,True
GOOGL,2025-10-31,10,SELL,55,-1.7,True
GOOGL,2025-10-31,20,SELL,55,11.98,False
GOOGL,2025-11-03,5,SELL,55,2.25,False
GOOGL,2025-11-03,10,SELL,55,0.46,False
GOOGL,2025-11-03,20,SELL,55,11.31,False
GOOGL,2025-11-04,5,SELL,55,4.96,False
GOOGL,2025-11-04,10,SELL,55,2.43,False
GOOGL,2025-11-04,20,SELL,55,15.17,False
GOOGL,2025-11-05,5,SELL,55,0.84,False
GOOGL,2025-11-05,10,SELL,55,2.99,False
GOOGL,2025-11-05,20,SELL,55,11.72,False
GOOGL,2025-11-06,5,SELL,55,-2.17,True
GOOGL,2025-11-06,10,SELL,55,1.65,False
GOOGL,2025-11-06,20,SELL,55,12.83,False
GOOGL,2025-11-07,5,SELL,55,-0.87,True
GOOGL,2025-11-07,10,SELL,55,7.47,False
GOOGL,2025-11-07,20,SELL,55,12.59,False
GOOGL,2025-11-10,5,SELL,55,-1.75,True
GOOGL,2025-11-10,10,SELL,55,9.82,False
GOOGL,2025-11-10,20,SELL,55,9.37,False
GOOGL,2025-11-11,5,SELL,55,-2.41,True
GOOGL,2025-11-11,10,SELL,55,11.03,False
GOOGL,2025-11-11,20,SELL,55,9.99,False
GOOGL,2025-11-12,5,SELL,55,2.13,False
GOOGL,2025-11-12,10,SELL,55,11.59,False
GOOGL,2025-11-12,20,SELL,55,9.04,False
GOOGL,2025-11-13,5,BUY,55,3.91,True
GOOGL,2025-11-13,10,BUY,55,14.94,True
GOOGL,2025-11-13,20,BUY,55,11.1,True
GOOGL,2025-11-14,5,BUY,55,8.41,True
GOOGL,2025-11-14,10,BUY,55,13.92,True
GOOGL,2025-11-14,20,BUY,55,11.58,True
GOOGL,2025-11-17,5,BUY,55,11.77,True
GOOGL,2025-11-17,10,BUY,55,10.8,True
GOOGL,2025-11-17,20,BUY,55,7.63,True
GOOGL,2025-11-18,5,BUY,55,13.78,True
GOOGL,2025-11-18,10,BUY,55,12.43,True
GOOGL,2025-11-18,20,BUY,55,4.44,True
GOOGL,2025-11-19,5,BUY,55,9.27,True
GOOGL,2025-11-19,10,BUY,55,8.47,True
GOOGL,2025-11-19,20,BUY,55,3.36,True
GOOGL,2025-11-20,5,BUY,55,10.62,True
GOOGL,2025-11-20,10,BUY,55,10.99,True
GOOGL,2025-11-20,20,BUY,55,6.19,True
GOOGL,2025-11-21,5,BUY,55,5.08,True
GOOGL,2025-11-21,10,BUY,55,4.76,True
GOOGL,2025-11-21,20,BUY,55,3.44,True
GOOGL,2025-11-24,5,SELL,55,-0.87,True
GOOGL,2025-11-24,10,SELL,55,-0.41,True
GOOGL,2025-11-24,20,SELL,55,-1.26,True
GOOGL,2025-11-25,5,SELL,55,-1.18,True
GOOGL,2025-11-25,10,SELL,55,-0.93,True
GOOGL,2025-11-25,20,SELL,55,-2.83,True
GOOGL,2025-11-26,5,SELL,55,-0.73,True
GOOGL,2025-11-26,10,SELL,55,-2.29,True
GOOGL,2025-11-26,20,SELL,55,-1.95,True
GOOGL,2025-11-28,5,SELL,55,0.34,False
GOOGL,2025-11-28,10,SELL,55,-3.34,True
GOOGL,2025-11-28,20,SELL,55,-2.0,True
GOOGL,2025-12-01,5,SELL,55,-0.31,True
GOOGL,2025-12-01,10,SELL,55,-2.05,True
GOOGL,2025-12-01,20,SELL,55,-0.27,True
GOOGL,2025-12-02,5,SELL,55,0.47,False
GOOGL,2025-12-02,10,SELL,55,-2.86,True
GOOGL,2025-12-02,20,SELL,55,-0.82,True
GOOGL,2025-12-03,5,SELL,55,0.25,False
GOOGL,2025-12-03,10,SELL,55,-7.11,True
GOOGL,2025-12-03,20,SELL,55,-1.34,True
GOOGL,2025-12-04,5,SELL,55,-1.57,True
GOOGL,2025-12-04,10,SELL,55,-4.71,True
GOOGL,2025-12-04,20,SELL,55,-0.27,True
GOOGL,2025-12-05,5,SELL,55,-3.67,True
GOOGL,2025-12-05,10,SELL,55,-4.33,True
GOOGL,2025-12-05,20,SELL,55,-2.09,True
GOOGL,2025-12-08,5,SELL,55,-1.75,True
GOOGL,2025-12-08,10,SELL,55,-1.26,True
GOOGL,2025-12-08,20,SELL,55,2.63,False
GOOGL,2025-12-09,5,SELL,55,-3.31,True
GOOGL,2025-12-09,10,SELL,55,-0.86,True
GOOGL,2025-12-09,20,SELL,55,2.64,False
GOOGL,2025-12-10,5,SELL,55,-7.34,True
GOOGL,2025-12-10,10,SELL,55,-1.91,True
GOOGL,2025-12-10,20,SELL,55,2.61,False
GOOGL,2025-12-11,5,BUY,55,-3.19,False
GOOGL,2025-12-11,10,BUY,55,0.35,True
GOOGL,2025-12-11,20,BUY,55,6.22,True
GOOGL,2025-12-12,5,BUY,55,-0.69,False
GOOGL,2025-12-12,10,BUY,55,1.38,True
GOOGL,2025-12-12,20,BUY,55,8.63,True
GOOGL,2025-12-15,5,BUY,55,0.51,True
GOOGL,2025-12-15,10,BUY,55,1.83,True
GOOGL,2025-12-15,20,BUY,55,8.96,True
GOOGL,2025-12-16,5,BUY,55,2.54,True
GOOGL,2025-12-16,10,BUY,55,2.1,True
GOOGL,2025-12-16,20,BUY,55,8.55,True
GOOGL,2025-12-17,5,BUY,55,5.85,True
GOOGL,2025-12-17,10,BUY,55,6.21,True
GOOGL,2025-12-17,20,BUY,55,11.22,True
GOOGL,2025-12-18,5,BUY,55,3.65,True
GOOGL,2025-12-18,10,BUY,55,4.66,True
GOOGL,2025-12-18,20,BUY,55,6.46,True
GOOGL,2025-12-19,5,BUY,55,2.08,True
GOOGL,2025-12-19,10,BUY,55,2.34,True
GOOGL,2025-12-19,20,BUY,55,6.91,True
GOOGL,2025-12-22,5,BUY,55,1.31,True
GOOGL,2025-12-22,10,BUY,55,3.94,True
GOOGL,2025-12-22,20,BUY,55,6.7,True
GOOGL,2025-12-23,5,BUY,55,-0.43,False
GOOGL,2025-12-23,10,BUY,55,3.53,True
GOOGL,2025-12-23,20,BUY,55,4.32,True
GOOGL,2025-12-24,5,BUY,55,0.34,True
GOOGL,2025-12-24,10,BUY,55,4.61,True
GOOGL,2025-12-24,20,BUY,55,6.1,True
GOOGL,2025-12-26,5,BUY,55,0.97,True
GOOGL,2025-12-26,10,BUY,55,5.85,True
GOOGL,2025-12-26,20,BUY,55,6.71,True
GOOGL,2025-12-29,5,BUY,55,0.25,True
GOOGL,2025-12-29,10,BUY,55,7.15,True
GOOGL,2025-12-29,20,BUY,55,7.16,True
GOOGL,2025-12-30,5,BUY,55,2.59,True
GOOGL,2025-12-30,10,BUY,55,7.01,True
GOOGL,2025-12-30,20,BUY,55,7.77,True
GOOGL,2025-12-31,5,BUY,55,3.97,True
GOOGL,2025-12-31,10,BUY,55,6.32,True
GOOGL,2025-12-31,20,BUY,55,7.99,True
GOOGL,2026-01-02,5,BUY,55,4.26,True
GOOGL,2026-01-02,10,BUY,55,4.71,True
GOOGL,2026-01-02,20,BUY,55,9.06,True
GOOGL,2026-01-05,5,BUY,55,4.84,True
GOOGL,2026-01-05,10,BUY,55,1.72,True
GOOGL,2026-01-05,20,BUY,55,7.32,True
GOOGL,2026-01-06,5,BUY,55,6.88,True
GOOGL,2026-01-06,10,BUY,55,4.47,True
GOOGL,2026-01-06,20,BUY,55,5.95,True
GOOGL,2026-01-07,5,BUY,55,4.3,True
GOOGL,2026-01-07,10,BUY,55,2.66,True
GOOGL,2026-01-07,20,BUY,55,2.88,True
GOOGL,2026-01-08,5,SELL,55,2.26,False
GOOGL,2026-01-08,10,SELL,55,0.77,False
GOOGL,2026-01-08,20,SELL,55,-0.79,True
GOOGL,2026-01-09,5,SELL,55,0.44,False
GOOGL,2026-01-09,10,SELL,55,1.43,False
GOOGL,2026-01-09,20,SELL,55,-1.29,True
GOOGL,2026-01-12,5,SELL,55,-2.97,True
GOOGL,2026-01-12,10,SELL,55,0.81,False
GOOGL,2026-01-12,20,SELL,55,-4.0,True
GOOGL,2026-01-13,5,SELL,55,-2.26,True
GOOGL,2026-01-13,10,SELL,55,0.01,False
GOOGL,2026-01-13,20,SELL,55,-7.44,True
GOOGL,2026-01-14,5,SELL,55,-1.58,True
GOOGL,2026-01-14,10,SELL,55,0.72,False
GOOGL,2026-01-14,20,SELL,55,-7.99,True
GOOGL,2026-01-15,5,SELL,55,-1.46,True
GOOGL,2026-01-15,10,SELL,55,1.57,False
GOOGL,2026-01-15,20,SELL,55,-8.13,True
GOOGL,2026-01-16,5,BUY,55,0.99,True
GOOGL,2026-01-16,10,BUY,55,4.15,True
GOOGL,2026-01-16,20,BUY,55,-8.48,False
GOOGL,2026-01-20,5,BUY,55,3.9,True
GOOGL,2026-01-20,10,BUY,55,5.5,True
GOOGL,2026-01-20,20,BUY,55,-5.8,False
GOOGL,2026-01-21,5,BUY,55,2.32,True
GOOGL,2026-01-21,10,BUY,55,1.42,True
GOOGL,2026-01-21,20,BUY,55,-7.77,False
GOOGL,2026-01-22,5,BUY,55,2.33,True
GOOGL,2026-01-22,10,BUY,55,0.21,True
GOOGL,2026-01-22,20,BUY,55,-4.71,False
GOOGL,2026-01-23,5,BUY,55,3.07,True
GOOGL,2026-01-23,10,BUY,55,-1.55,False
GOOGL,2026-01-23,20,BUY,55,-5.01,False
GOOGL,2026-01-26,5,BUY,55,3.13,True
GOOGL,2026-01-26,10,BUY,55,-2.68,False
GOOGL,2026-01-26,20,BUY,55,-6.71,False
GOOGL,2026-01-27,5,SELL,55,1.54,False
GOOGL,2026-01-27,10,SELL,55,-4.77,True
GOOGL,2026-01-27,20,SELL,55,-6.47,True
GOOGL,2026-01-28,5,BUY,55,-0.88,False
GOOGL,2026-01-28,10,BUY,55,-7.46,False
GOOGL,2026-01-28,20,BUY,55,-8.52,False
GOOGL,2026-01-29,5,BUY,55,-2.07,False
GOOGL,2026-01-29,10,BUY,55,-8.65,False
GOOGL,2026-01-29,20,BUY,55,-7.83,False
GOOGL,2026-01-30,5,BUY,55,-4.48,False
GOOGL,2026-01-30,10,BUY,55,-9.55,False
GOOGL,2026-01-30,20,BUY,55,-9.31,False
GOOGL,2026-02-03,5,BUY,55,-6.22,False
GOOGL,2026-02-03,10,BUY,55,-10.71,False
GOOGL,2026-02-03,20,BUY,55,-10.77,False
GOOGL,2026-02-04,5,BUY,55,-6.63,False
GOOGL,2026-02-04,10,BUY,55,-9.06,False
GOOGL,2026-02-04,20,BUY,55,-9.66,False
GOOGL,2026-02-05,5,BUY,55,-6.72,False
GOOGL,2026-02-05,10,BUY,55,-4.91,False
GOOGL,2026-02-05,20,BUY,55,-9.88,False
GOOGL,2026-02-06,5,BUY,55,-5.31,False
GOOGL,2026-02-06,10,BUY,55,-3.52,False
GOOGL,2026-02-06,20,BUY,55,-5.04,False
GOOGL,2026-02-09,5,BUY,55,-6.88,False
GOOGL,2026-02-09,10,BUY,55,-4.14,False
GOOGL,2026-02-09,20,BUY,55,-5.26,False
GOOGL,2026-02-10,5,BUY,55,-4.79,False
GOOGL,2026-02-10,10,BUY,55,-1.78,False
GOOGL,2026-02-10,20,BUY,55,-3.03,False
GOOGL,2026-02-11,5,BUY,55,-2.61,False
GOOGL,2026-02-11,10,BUY,55,-1.15,False
GOOGL,2026-02-11,20,BUY,55,-2.31,False
GOOGL,2026-02-12,5,BUY,55,1.94,True
GOOGL,2026-02-12,10,BUY,55,0.89,True
GOOGL,2026-02-12,20,BUY,55,-2.11,False
GOOGL,2026-02-13,5,BUY,55,1.89,True
GOOGL,2026-02-13,10,BUY,55,0.26,True
GOOGL,2026-02-13,20,BUY,55,0.02,True
GOOGL,2026-02-17,5,BUY,55,2.94,True
GOOGL,2026-02-17,10,BUY,55,0.52,True
GOOGL,2026-02-17,20,BUY,55,3.02,True
GOOGL,2026-02-18,5,BUY,55,3.15,True
GOOGL,2026-02-18,10,BUY,55,-0.07,False
GOOGL,2026-02-18,20,BUY,55,1.51,True
GOOGL,2026-02-19,5,BUY,55,1.5,True
GOOGL,2026-02-19,10,BUY,55,-0.65,False
GOOGL,2026-02-19,20,BUY,55,1.48,True
GOOGL,2026-02-20,5,BUY,55,-1.02,False
GOOGL,2026-02-20,10,BUY,55,-5.23,False
GOOGL,2026-02-20,20,BUY,55,-4.37,False
GOOGL,2026-02-23,5,BUY,55,-1.6,False
GOOGL,2026-02-23,10,BUY,55,-1.58,False
GOOGL,2026-02-23,20,BUY,55,-2.96,False
GOOGL,2026-02-24,5,BUY,55,-2.35,False
GOOGL,2026-02-24,10,BUY,55,-1.17,False
GOOGL,2026-02-24,20,BUY,55,-6.52,False
GOOGL,2026-02-25,5,BUY,55,-3.12,False
GOOGL,2026-02-25,10,BUY,55,-1.27,False
GOOGL,2026-02-25,20,BUY,55,-6.96,False
GOOGL,2026-02-27,5,BUY,55,-4.25,False
GOOGL,2026-02-27,10,BUY,55,-2.97,False
GOOGL,2026-02-27,20,BUY,55,-11.94,False
GOOGL,2026-03-02,5,BUY,55,0.02,True
GOOGL,2026-03-02,10,BUY,55,-0.24,False
GOOGL,2026-03-02,20,BUY,55,-10.71,False
GOOGL,2026-03-03,5,BUY,55,1.21,True
GOOGL,2026-03-03,10,BUY,55,2.49,True
GOOGL,2026-03-03,20,BUY,55,-5.21,False
GOOGL,2026-03-04,5,BUY,55,1.91,True
GOOGL,2026-03-04,10,BUY,55,1.58,True
GOOGL,2026-03-04,20,BUY,55,-1.82,False
GOOGL,2026-03-05,5,BUY,55,0.96,True
GOOGL,2026-03-05,10,BUY,55,2.15,True
GOOGL,2026-03-05,20,BUY,55,-1.63,False
GOOGL,2026-03-06,5,BUY,55,1.33,True
GOOGL,2026-03-06,10,BUY,55,0.9,True
GOOGL,2026-03-06,20,BUY,55,0.56,True
GOOGL,2026-03-09,5,BUY,55,-0.26,False
GOOGL,2026-03-09,10,BUY,55,-1.4,False
GOOGL,2026-03-09,20,BUY,55,-0.29,False
GOOGL,2026-03-10,5,BUY,55,1.26,True
GOOGL,2026-03-10,10,BUY,55,-5.41,False
GOOGL,2026-03-10,20,BUY,55,3.35,True
GOOGL,2026-03-11,5,BUY,55,-0.33,False
GOOGL,2026-03-11,10,BUY,55,-5.76,False
GOOGL,2026-03-11,20,BUY,55,3.17,True
GOOGL,2026-03-12,5,BUY,55,1.18,True
GOOGL,2026-03-12,10,BUY,55,-7.46,False
GOOGL,2026-03-12,20,BUY,55,4.51,True
GOOGL,2026-03-13,5,BUY,55,-0.42,False
GOOGL,2026-03-13,10,BUY,55,-9.24,False
GOOGL,2026-03-13,20,BUY,55,6.3,True
AMZN,2022-01-27,5,BUY,55,-0.57,False
AMZN,2022-01-27,10,BUY,55,13.87,True
AMZN,2022-01-27,20,BUY,55,10.13,True
AMZN,2022-01-28,5,BUY,55,9.49,True
AMZN,2022-01-28,10,BUY,55,6.47,True
AMZN,2022-01-28,20,BUY,55,6.66,True
AMZN,2022-01-31,5,BUY,55,5.59,True
AMZN,2022-01-31,10,BUY,55,3.74,True
AMZN,2022-01-31,20,BUY,55,1.05,True
AMZN,2022-02-01,5,BUY,55,6.76,True
AMZN,2022-02-01,10,BUY,55,3.52,True
AMZN,2022-02-01,20,BUY,55,0.57,True
AMZN,2022-02-02,5,BUY,55,7.02,True
AMZN,2022-02-02,10,BUY,55,4.97,True
AMZN,2022-02-02,20,BUY,55,-1.8,False
AMZN,2022-02-03,5,BUY,55,14.52,True
AMZN,2022-02-03,10,BUY,55,11.38,True
AMZN,2022-02-03,20,BUY,55,4.89,True
AMZN,2022-02-04,5,BUY,55,-2.76,False
AMZN,2022-02-04,10,BUY,55,-3.2,False
AMZN,2022-02-04,20,BUY,55,-12.81,False
AMZN,2022-02-07,5,BUY,55,-1.75,False
AMZN,2022-02-07,10,BUY,55,-4.9,False
AMZN,2022-02-07,20,BUY,55,-13.88,False
AMZN,2022-02-08,5,BUY,55,-3.04,False
AMZN,2022-02-08,10,BUY,55,-10.28,False
AMZN,2022-02-08,20,BUY,55,-13.71,False
AMZN,2022-02-09,5,BUY,55,-1.92,False
AMZN,2022-02-09,10,BUY,55,-6.1,False
AMZN,2022-02-09,20,BUY,55,-8.92,False
AMZN,2022-02-10,5,BUY,55,-2.74,False
AMZN,2022-02-10,10,BUY,55,-3.28,False
AMZN,2022-02-10,20,BUY,55,-8.48,False
AMZN,2022-02-11,5,BUY,55,-0.45,False
AMZN,2022-02-11,10,BUY,55,0.18,True
AMZN,2022-02-11,20,BUY,55,-7.46,False
AMZN,2022-02-14,5,BUY,55,-3.2,False
AMZN,2022-02-14,10,BUY,55,-2.59,False
AMZN,2022-02-14,20,BUY,55,-5.03,False
AMZN,2022-02-15,5,BUY,55,-7.46,False
AMZN,2022-02-15,10,BUY,55,-2.85,False
AMZN,2022-02-15,20,BUY,55,-2.18,False
AMZN,2022-02-16,5,BUY,55,-4.26,False
AMZN,2022-02-16,10,BUY,55,-6.45,False
AMZN,2022-02-16,20,BUY,55,-0.54,False
AMZN,2022-02-17,5,BUY,55,-0.56,False
AMZN,2022-02-17,10,BUY,55,-5.83,False
AMZN,2022-02-17,20,BUY,55,4.27,True
AMZN,2022-02-18,5,BUY,55,0.63,True
AMZN,2022-02-18,10,BUY,55,-9.93,False
AMZN,2022-02-18,20,BUY,55,5.83,True
AMZN,2022-02-22,5,BUY,55,0.63,True
AMZN,2022-02-22,10,BUY,55,-9.44,False
AMZN,2022-02-22,20,BUY,55,9.78,True
AMZN,2022-02-23,5,BUY,55,4.99,True
AMZN,2022-02-23,10,BUY,55,-3.83,False
AMZN,2022-02-23,20,BUY,55,12.83,True
AMZN,2022-02-24,5,BUY,55,-2.29,False
AMZN,2022-02-24,10,BUY,55,-3.0,False
AMZN,2022-02-24,20,BUY,55,8.12,True
AMZN,2022-02-25,5,BUY,55,-5.3,False
AMZN,2022-02-25,10,BUY,55,-5.37,False
AMZN,2022-02-25,20,BUY,55,7.14,True
AMZN,2022-02-28,5,BUY,55,-10.49,False
AMZN,2022-02-28,10,BUY,55,-7.63,False
AMZN,2022-02-28,20,BUY,55,10.05,True
AMZN,2022-03-01,5,BUY,55,-10.01,False
AMZN,2022-03-01,10,BUY,55,-2.5,False
AMZN,2022-03-01,20,BUY,55,12.02,True
AMZN,2022-03-02,5,BUY,55,-8.4,False
AMZN,2022-03-02,10,BUY,55,0.69,True
AMZN,2022-03-02,20,BUY,55,9.37,True
AMZN,2022-03-03,5,BUY,55,-0.73,False
AMZN,2022-03-03,10,BUY,55,6.32,True
AMZN,2022-03-03,20,BUY,55,10.21,True
AMZN,2022-03-04,5,BUY,55,-0.08,False
AMZN,2022-03-04,10,BUY,55,10.72,True
AMZN,2022-03-04,20,BUY,55,12.3,True
AMZN,2022-03-07,5,BUY,55,3.2,True
AMZN,2022-03-07,10,BUY,55,17.49,True
AMZN,2022-03-07,20,BUY,55,22.48,True
AMZN,2022-03-08,5,BUY,55,8.35,True
AMZN,2022-03-08,10,BUY,55,21.23,True
AMZN,2022-03-08,20,BUY,55,20.62,True
AMZN,2022-03-09,5,BUY,55,9.93,True
AMZN,2022-03-09,10,BUY,55,17.32,True
AMZN,2022-03-09,20,BUY,55,13.98,True
AMZN,2022-03-10,5,BUY,55,7.1,True
AMZN,2022-03-10,10,BUY,55,11.46,True
AMZN,2022-03-10,20,BUY,55,7.47,True
AMZN,2022-03-11,5,BUY,55,10.81,True
AMZN,2022-03-11,10,BUY,55,13.23,True
AMZN,2022-03-11,20,BUY,55,6.14,True
AMZN,2022-03-14,5,BUY,55,13.84,True
AMZN,2022-03-14,10,BUY,55,19.13,True
AMZN,2022-03-14,20,BUY,55,6.53,True
AMZN,2022-03-15,5,BUY,55,11.89,True
AMZN,2022-03-15,10,BUY,55,14.89,True
AMZN,2022-03-15,20,BUY,55,2.32,True
AMZN,2022-03-16,5,BUY,55,6.73,True
AMZN,2022-03-16,10,BUY,55,8.62,True
AMZN,2022-03-16,20,BUY,55,1.59,True
AMZN,2022-03-17,5,BUY,55,4.08,True
AMZN,2022-03-17,10,BUY,55,3.66,True
AMZN,2022-03-17,20,BUY,55,-3.52,False
AMZN,2022-03-18,5,BUY,55,2.18,True
AMZN,2022-03-18,10,BUY,55,1.43,True
AMZN,2022-03-18,20,BUY,55,-5.25,False
AMZN,2022-03-21,5,BUY,55,4.64,True
AMZN,2022-03-21,10,BUY,55,4.24,True
AMZN,2022-03-21,20,BUY,55,-2.09,False
AMZN,2022-03-22,5,BUY,55,2.68,True
AMZN,2022-03-22,10,BUY,55,-0.51,False
AMZN,2022-03-22,20,BUY,55,-6.61,False
AMZN,2022-03-23,5,BUY,55,1.77,True
AMZN,2022-03-23,10,BUY,55,-2.85,False
AMZN,2022-03-23,20,BUY,55,-9.25,False
AMZN,2022-03-24,5,BUY,55,-0.4,False
AMZN,2022-03-24,10,BUY,55,-3.58,False
AMZN,2022-03-24,20,BUY,55,-11.79,False
AMZN,2022-03-25,5,SELL,55,-0.74,True
AMZN,2022-03-25,10,SELL,55,-6.26,True
AMZN,2022-03-25,20,SELL,55,-11.35,True
AMZN,2022-03-29,5,SELL,55,-3.11,True
AMZN,2022-03-29,10,SELL,55,-10.94,True
AMZN,2022-03-29,20,SELL,55,-18.4,True
AMZN,2022-03-30,5,SELL,55,-4.54,True
AMZN,2022-03-30,10,SELL,55,-6.47,True
AMZN,2022-03-30,20,SELL,55,-13.05,True
AMZN,2022-03-31,5,SELL,55,-3.2,True
AMZN,2022-03-31,10,SELL,55,-6.93,True
AMZN,2022-03-31,20,SELL,55,-23.75,True
AMZN,2022-04-01,5,SELL,55,-5.56,True
AMZN,2022-04-01,10,SELL,55,-6.59,True
AMZN,2022-04-01,20,SELL,55,-23.88,True
AMZN,2022-04-04,5,SELL,55,-10.23,True
AMZN,2022-04-04,10,SELL,55,-6.08,True
AMZN,2022-04-04,20,SELL,55,-26.19,True
AMZN,2022-04-05,5,BUY,55,-8.09,False
AMZN,2022-04-05,10,BUY,55,-6.13,False
AMZN,2022-04-05,20,BUY,55,-23.24,False
AMZN,2022-04-06,5,BUY,55,-2.03,False
AMZN,2022-04-06,10,BUY,55,-6.59,False
AMZN,2022-04-06,20,BUY,55,-26.68,False
AMZN,2022-04-07,5,BUY,55,-3.85,False
AMZN,2022-04-07,10,BUY,55,-8.51,False
AMZN,2022-04-07,20,BUY,55,-27.26,False
AMZN,2022-04-08,5,BUY,55,-1.08,False
AMZN,2022-04-08,10,BUY,55,-5.43,False
AMZN,2022-04-08,20,BUY,55,-29.57,False
AMZN,2022-04-11,5,BUY,55,4.63,True
AMZN,2022-04-11,10,BUY,55,-7.76,False
AMZN,2022-04-11,20,BUY,55,-27.97,False
AMZN,2022-04-12,5,BUY,55,2.13,True
AMZN,2022-04-12,10,BUY,55,-8.37,False
AMZN,2022-04-12,20,BUY,55,-30.12,False
AMZN,2022-04-13,5,BUY,55,-4.66,False
AMZN,2022-04-13,10,BUY,55,-7.04,False
AMZN,2022-04-13,20,BUY,55,-31.25,False
AMZN,2022-04-14,5,BUY,55,-4.85,False
AMZN,2022-04-14,10,BUY,55,-18.08,False
AMZN,2022-04-14,20,BUY,55,-25.48,False
AMZN,2022-04-18,5,BUY,55,-4.39,False
AMZN,2022-04-18,10,BUY,55,-18.51,False
AMZN,2022-04-18,20,BUY,55,-27.47,False
AMZN,2022-04-19,5,BUY,55,-11.84,False
AMZN,2022-04-19,10,BUY,55,-21.42,False
AMZN,2022-04-19,20,BUY,55,-27.04,False
AMZN,2022-04-20,5,BUY,55,-10.28,False
AMZN,2022-04-20,10,BUY,55,-18.23,False
AMZN,2022-04-20,20,BUY,55,-30.45,False
AMZN,2022-04-21,5,BUY,55,-2.49,False
AMZN,2022-04-21,10,BUY,55,-21.5,False
AMZN,2022-04-21,20,BUY,55,-27.63,False
AMZN,2022-04-22,5,BUY,55,-13.9,False
AMZN,2022-04-22,10,BUY,55,-20.49,False
AMZN,2022-04-22,20,BUY,55,-25.47,False
AMZN,2022-04-25,5,BUY,55,-14.77,False
AMZN,2022-04-25,10,BUY,55,-25.52,False
AMZN,2022-04-25,20,BUY,55,-26.37,False
AMZN,2022-04-26,5,BUY,55,-10.86,False
AMZN,2022-04-26,10,BUY,55,-21.9,False
AMZN,2022-04-26,20,BUY,55,-25.32,False
AMZN,2022-04-27,5,BUY,55,-8.86,False
AMZN,2022-04-27,10,BUY,55,-23.74,False
AMZN,2022-04-27,20,BUY,55,-22.72,False
AMZN,2022-04-29,5,BUY,55,-7.65,False
AMZN,2022-04-29,10,BUY,55,-9.03,False
AMZN,2022-04-29,20,BUY,55,-7.35,False
AMZN,2022-05-02,5,BUY,55,-12.62,False
AMZN,2022-05-02,10,BUY,55,-11.0,False
AMZN,2022-05-02,20,BUY,55,-3.45,False
AMZN,2022-05-03,5,BUY,55,-12.39,False
AMZN,2022-05-03,10,BUY,55,-7.15,False
AMZN,2022-05-03,20,BUY,55,-2.07,False
AMZN,2022-05-04,5,BUY,55,-16.32,False
AMZN,2022-05-04,10,BUY,55,-14.94,False
AMZN,2022-05-04,20,BUY,55,-0.33,False
AMZN,2022-05-05,5,BUY,55,-8.14,False
AMZN,2022-05-05,10,BUY,55,-7.81,False
AMZN,2022-05-05,20,BUY,55,5.11,True
AMZN,2022-05-06,5,BUY,55,-1.5,False
AMZN,2022-05-06,10,BUY,55,-6.26,False
AMZN,2022-05-06,20,BUY,55,8.73,True
AMZN,2022-05-09,5,BUY,55,1.86,True
AMZN,2022-05-09,10,BUY,55,-1.13,False
AMZN,2022-05-09,20,BUY,55,13.06,True
AMZN,2022-05-10,5,BUY,55,5.98,True
AMZN,2022-05-10,10,BUY,55,-4.37,False
AMZN,2022-05-10,20,BUY,55,11.32,True
AMZN,2022-05-11,5,BUY,55,1.65,True
AMZN,2022-05-11,10,BUY,55,1.33,True
AMZN,2022-05-11,20,BUY,55,10.23,True
AMZN,2022-05-12,5,BUY,55,0.36,True
AMZN,2022-05-12,10,BUY,55,3.88,True
AMZN,2022-05-12,20,BUY,55,2.54,True
AMZN,2022-05-13,5,BUY,55,-4.83,False
AMZN,2022-05-13,10,BUY,55,1.85,True
AMZN,2022-05-13,20,BUY,55,-8.3,False
AMZN,2022-05-16,5,BUY,55,-2.94,False
AMZN,2022-05-16,10,BUY,55,8.48,True
AMZN,2022-05-16,20,BUY,55,-7.67,False
AMZN,2022-05-17,5,BUY,55,-9.77,False
AMZN,2022-05-17,10,BUY,55,5.47,True
AMZN,2022-05-17,20,BUY,55,-6.67,False
AMZN,2022-05-18,5,BUY,55,-0.32,False
AMZN,2022-05-18,10,BUY,55,17.18,True
AMZN,2022-05-18,20,BUY,55,-3.22,False
AMZN,2022-05-19,5,BUY,55,3.5,True
AMZN,2022-05-19,10,BUY,55,14.01,True
AMZN,2022-05-19,20,BUY,55,-1.02,False
AMZN,2022-05-20,5,BUY,55,7.02,True
AMZN,2022-05-20,10,BUY,55,15.99,True
AMZN,2022-05-20,20,BUY,55,1.01,True
AMZN,2022-05-23,5,BUY,55,11.76,True
AMZN,2022-05-23,10,BUY,55,14.36,True
AMZN,2022-05-23,20,BUY,55,1.3,True
AMZN,2022-05-24,5,BUY,55,16.89,True
AMZN,2022-05-24,10,BUY,55,16.41,True
AMZN,2022-05-24,20,BUY,55,8.01,True
AMZN,2022-05-25,5,BUY,55,17.55,True
AMZN,2022-05-25,10,BUY,55,8.78,True
AMZN,2022-05-25,20,BUY,55,9.07,True
AMZN,2022-05-26,5,BUY,55,10.15,True
AMZN,2022-05-26,10,BUY,55,-1.29,False
AMZN,2022-05-26,20,BUY,55,1.93,True
AMZN,2022-05-27,5,BUY,55,8.37,True
AMZN,2022-05-27,10,BUY,55,-9.97,False
AMZN,2022-05-27,20,BUY,55,-6.73,False
AMZN,2022-05-31,5,BUY,55,2.32,True
AMZN,2022-05-31,10,BUY,55,-14.89,False
AMZN,2022-05-31,20,BUY,55,-9.39,False
AMZN,2022-06-01,5,BUY,55,-0.41,False
AMZN,2022-06-01,10,BUY,55,-11.52,False
AMZN,2022-06-01,20,BUY,55,-12.72,False
AMZN,2022-06-02,5,SELL,55,-7.46,True
AMZN,2022-06-02,10,SELL,55,-17.41,True
AMZN,2022-06-02,20,SELL,55,-12.71,True
AMZN,2022-06-03,5,BUY,55,-10.38,False
AMZN,2022-06-03,10,BUY,55,-13.18,False
AMZN,2022-06-03,20,BUY,55,-7.23,False
AMZN,2022-06-06,5,BUY,55,-16.92,False
AMZN,2022-06-06,10,BUY,55,-12.91,False
AMZN,2022-06-06,20,BUY,55,-8.38,False
AMZN,2022-06-07,5,BUY,55,-16.82,False
AMZN,2022-06-07,10,BUY,55,-11.42,False
AMZN,2022-06-07,20,BUY,55,-5.42,False
AMZN,2022-06-08,5,SELL,55,-11.15,True
AMZN,2022-06-08,10,SELL,55,-7.21,True
AMZN,2022-06-08,20,SELL,55,-4.65,True
AMZN,2022-06-09,5,BUY,55,-10.75,False
AMZN,2022-06-09,10,BUY,55,0.27,True
AMZN,2022-06-09,20,BUY,55,-3.79,False
AMZN,2022-06-10,5,BUY,55,-3.13,False
AMZN,2022-06-10,10,BUY,55,3.26,True
AMZN,2022-06-10,20,BUY,55,-0.39,False
AMZN,2022-06-13,5,BUY,55,4.83,True
AMZN,2022-06-13,10,BUY,55,3.6,True
AMZN,2022-06-13,20,BUY,55,6.49,True
AMZN,2022-06-14,5,BUY,55,6.49,True
AMZN,2022-06-14,10,BUY,55,6.46,True
AMZN,2022-06-14,20,BUY,55,8.13,True
AMZN,2022-06-15,5,BUY,55,4.43,True
AMZN,2022-06-15,10,BUY,55,-1.36,False
AMZN,2022-06-15,20,BUY,55,5.46,True
AMZN,2022-06-16,5,BUY,55,12.35,True
AMZN,2022-06-16,10,BUY,55,5.69,True
AMZN,2022-06-16,20,BUY,55,9.74,True
AMZN,2022-06-17,5,BUY,55,6.59,True
AMZN,2022-06-17,10,BUY,55,6.85,True
AMZN,2022-06-17,20,BUY,55,11.29,True
AMZN,2022-06-21,5,BUY,55,-1.18,False
AMZN,2022-06-21,10,BUY,55,5.2,True
AMZN,2022-06-21,20,BUY,55,12.96,True
AMZN,2022-06-22,5,BUY,55,-0.03,False
AMZN,2022-06-22,10,BUY,55,6.77,True
AMZN,2022-06-22,20,BUY,55,14.39,True
AMZN,2022-06-23,5,BUY,55,-5.54,False
AMZN,2022-06-23,10,BUY,55,2.76,True
AMZN,2022-06-23,20,BUY,55,8.88,True
AMZN,2022-06-24,5,BUY,55,-5.92,False
AMZN,2022-06-24,10,BUY,55,-4.04,False
AMZN,2022-06-24,20,BUY,55,4.02,True
AMZN,2022-06-27,5,BUY,55,0.25,True
AMZN,2022-06-27,10,BUY,55,-3.53,False
AMZN,2022-06-27,20,BUY,55,1.4,True
AMZN,2022-06-28,5,BUY,55,6.45,True
AMZN,2022-06-28,10,BUY,55,2.79,True
AMZN,2022-06-28,20,BUY,55,12.64,True
AMZN,2022-06-29,5,BUY,55,6.8,True
AMZN,2022-06-29,10,BUY,55,1.57,True
AMZN,2022-06-29,20,BUY,55,12.27,True
AMZN,2022-06-30,5,BUY,55,8.78,True
AMZN,2022-06-30,10,BUY,55,6.91,True
AMZN,2022-06-30,20,BUY,55,27.06,True
AMZN,2022-07-01,5,BUY,55,2.0,True
AMZN,2022-07-01,10,BUY,55,3.83,True
AMZN,2022-07-01,20,BUY,55,23.58,True
AMZN,2022-07-05,5,BUY,55,-3.77,False
AMZN,2022-07-05,10,BUY,55,4.15,True
AMZN,2022-07-05,20,BUY,55,18.2,True
AMZN,2022-07-06,5,SELL,55,-3.44,True
AMZN,2022-07-06,10,SELL,55,7.38,False
AMZN,2022-07-06,20,SELL,55,22.03,False
AMZN,2022-07-07,5,SELL,55,-4.9,True
AMZN,2022-07-07,10,SELL,55,7.13,False
AMZN,2022-07-07,20,SELL,55,22.56,False
AMZN,2022-07-08,5,SELL,55,-1.72,True
AMZN,2022-07-08,10,SELL,55,5.95,False
AMZN,2022-07-08,20,SELL,55,21.86,False
AMZN,2022-07-11,5,BUY,55,1.8,True
AMZN,2022-07-11,10,BUY,55,8.4,True
AMZN,2022-07-11,20,BUY,55,24.75,True
AMZN,2022-07-12,5,BUY,55,8.23,True
AMZN,2022-07-12,10,BUY,55,5.12,True
AMZN,2022-07-12,20,BUY,55,26.19,True
AMZN,2022-07-13,5,BUY,55,11.2,True
AMZN,2022-07-13,10,BUY,55,9.57,True
AMZN,2022-07-13,20,BUY,55,29.25,True
AMZN,2022-07-14,5,BUY,55,12.65,True
AMZN,2022-07-14,10,BUY,55,10.53,True
AMZN,2022-07-14,20,BUY,55,27.13,True
AMZN,2022-07-15,5,BUY,55,7.81,True
AMZN,2022-07-15,10,BUY,55,18.85,True
AMZN,2022-07-15,20,BUY,55,26.42,True
AMZN,2022-07-18,5,BUY,55,6.49,True
AMZN,2022-07-18,10,BUY,55,19.01,True
AMZN,2022-07-18,20,BUY,55,25.86,True
AMZN,2022-07-19,5,SELL,55,-2.88,True
AMZN,2022-07-19,10,SELL,55,13.49,False
AMZN,2022-07-19,20,SELL,55,22.48,False
AMZN,2022-07-21,5,SELL,55,-1.89,True
AMZN,2022-07-21,10,SELL,55,14.39,False
AMZN,2022-07-21,20,SELL,55,14.18,False
AMZN,2022-07-22,5,SELL,55,10.24,False
AMZN,2022-07-22,10,SELL,55,15.01,False
AMZN,2022-07-22,20,SELL,55,12.91,False
AMZN,2022-07-25,5,BUY,55,11.76,True
AMZN,2022-07-25,10,BUY,55,15.08,True
AMZN,2022-07-25,20,BUY,55,9.97,True
AMZN,2022-07-26,5,BUY,55,16.85,True
AMZN,2022-07-26,10,BUY,55,20.05,True
AMZN,2022-07-26,20,BUY,55,16.38,True
AMZN,2022-07-27,5,BUY,55,15.33,True
AMZN,2022-07-27,10,BUY,55,17.95,True
AMZN,2022-07-27,20,BUY,55,10.61,True
AMZN,2022-07-28,5,BUY,55,16.59,True
AMZN,2022-07-28,10,BUY,55,15.01,True
AMZN,2022-07-28,20,BUY,55,12.27,True
AMZN,2022-07-29,5,BUY,55,4.33,True
AMZN,2022-07-29,10,BUY,55,6.37,True
AMZN,2022-07-29,20,BUY,55,-3.11,False
AMZN,2022-08-01,5,SELL,55,2.97,False
AMZN,2022-08-01,10,SELL,55,5.75,False
AMZN,2022-08-01,20,SELL,55,-4.14,True
AMZN,2022-08-02,5,SELL,55,2.74,False
AMZN,2022-08-02,10,SELL,55,7.92,False
AMZN,2022-08-02,20,SELL,55,-4.05,True
AMZN,2022-08-03,5,SELL,55,2.27,False
AMZN,2022-08-03,10,SELL,55,1.85,False
AMZN,2022-08-03,20,SELL,55,-9.14,True
AMZN,2022-08-04,5,SELL,55,-1.35,True
AMZN,2022-08-04,10,SELL,55,-0.19,True
AMZN,2022-08-04,20,SELL,55,-10.35,True
AMZN,2022-08-05,5,SELL,55,1.95,False
AMZN,2022-08-05,10,SELL,55,-1.83,True
AMZN,2022-08-05,20,SELL,55,-9.44,True
AMZN,2022-08-08,5,BUY,55,2.7,True
AMZN,2022-08-08,10,BUY,55,-4.44,False
AMZN,2022-08-08,20,BUY,55,-9.54,False
AMZN,2022-08-09,5,BUY,55,5.04,True
AMZN,2022-08-09,10,BUY,55,-3.05,False
AMZN,2022-08-09,20,BUY,55,-6.06,False
AMZN,2022-08-10,5,BUY,55,-0.41,False
AMZN,2022-08-10,10,BUY,55,-6.23,False
AMZN,2022-08-10,20,BUY,55,-9.02,False
AMZN,2022-08-11,5,BUY,55,1.18,True
AMZN,2022-08-11,10,BUY,55,-2.39,False
AMZN,2022-08-11,20,BUY,55,-5.24,False
AMZN,2022-08-12,5,SELL,55,-3.71,True
AMZN,2022-08-12,10,SELL,55,-8.92,True
AMZN,2022-08-12,20,SELL,55,-4.95,True
AMZN,2022-08-15,5,SELL,55,-6.96,True
AMZN,2022-08-15,10,SELL,55,-9.35,True
AMZN,2022-08-15,20,SELL,55,-11.43,True
AMZN,2022-08-16,5,SELL,55,-7.71,True
AMZN,2022-08-16,10,SELL,55,-11.09,True
AMZN,2022-08-16,20,SELL,55,-11.21,True
AMZN,2022-08-17,5,SELL,55,-5.84,True
AMZN,2022-08-17,10,SELL,55,-10.79,True
AMZN,2022-08-17,20,SELL,55,-11.13,True
AMZN,2022-08-18,5,BUY,55,-3.53,False
AMZN,2022-08-18,10,BUY,55,-10.18,False
AMZN,2022-08-18,20,BUY,55,-13.19,False
AMZN,2022-08-19,5,BUY,55,-5.41,False
AMZN,2022-08-19,10,BUY,55,-7.76,False
AMZN,2022-08-19,20,BUY,55,-9.82,False
AMZN,2022-08-22,5,BUY,55,-2.57,False
AMZN,2022-08-22,10,BUY,55,-5.34,False
AMZN,2022-08-22,20,BUY,55,-8.28,False
AMZN,2022-08-23,5,BUY,55,-3.66,False
AMZN,2022-08-23,10,BUY,55,-3.1,False
AMZN,2022-08-23,20,BUY,55,-11.29,False
AMZN,2022-08-24,5,BUY,55,-5.25,False
AMZN,2022-08-24,10,BUY,55,-2.97,False
AMZN,2022-08-24,20,BUY,55,-12.32,False
AMZN,2022-08-25,5,BUY,55,-6.89,False
AMZN,2022-08-25,10,BUY,55,-2.92,False
AMZN,2022-08-25,20,BUY,55,-17.12,False
AMZN,2022-08-26,5,BUY,55,-2.48,False
AMZN,2022-08-26,10,BUY,55,4.36,True
AMZN,2022-08-26,20,BUY,55,-11.93,False
AMZN,2022-08-29,5,BUY,55,-2.84,False
AMZN,2022-08-29,10,BUY,55,-2.29,False
AMZN,2022-08-29,20,BUY,55,-11.85,False
AMZN,2022-08-30,5,BUY,55,0.58,True
AMZN,2022-08-30,10,BUY,55,-0.14,False
AMZN,2022-08-30,20,BUY,55,-8.33,False
AMZN,2022-08-31,5,BUY,55,2.41,True
AMZN,2022-08-31,10,BUY,55,-0.39,False
AMZN,2022-08-31,20,BUY,55,-9.44,False
AMZN,2022-09-01,5,BUY,55,4.26,True
AMZN,2022-09-01,10,BUY,55,-3.36,False
AMZN,2022-09-01,20,BUY,55,-11.59,False
AMZN,2022-09-02,5,BUY,55,7.01,True
AMZN,2022-09-02,10,BUY,55,-2.24,False
AMZN,2022-09-02,20,BUY,55,-9.12,False
AMZN,2022-09-06,5,BUY,55,0.56,True
AMZN,2022-09-06,10,BUY,55,-3.11,False
AMZN,2022-09-06,20,BUY,55,-3.98,False
AMZN,2022-09-07,5,BUY,55,-0.72,False
AMZN,2022-09-07,10,BUY,55,-8.45,False
AMZN,2022-09-07,20,BUY,55,-6.59,False
AMZN,2022-09-08,5,BUY,55,-2.73,False
AMZN,2022-09-08,10,BUY,55,-9.64,False
AMZN,2022-09-08,20,BUY,55,-7.33,False
AMZN,2022-09-09,5,BUY,55,-7.31,False
AMZN,2022-09-09,10,BUY,55,-14.62,False
AMZN,2022-09-09,20,BUY,55,-14.04,False
AMZN,2022-09-12,5,BUY,55,-8.64,False
AMZN,2022-09-12,10,BUY,55,-15.61,False
AMZN,2022-09-12,20,BUY,55,-16.69,False
AMZN,2022-09-13,5,BUY,55,-3.65,False
AMZN,2022-09-13,10,BUY,55,-9.79,False
AMZN,2022-09-13,20,BUY,55,-11.52,False
AMZN,2022-09-14,5,BUY,55,-7.79,False
AMZN,2022-09-14,10,BUY,55,-8.2,False
AMZN,2022-09-14,20,BUY,55,-12.17,False
AMZN,2022-09-15,5,BUY,55,-7.1,False
AMZN,2022-09-15,10,BUY,55,-9.09,False
AMZN,2022-09-15,20,BUY,55,-10.89,False
AMZN,2022-09-16,5,BUY,55,-7.89,False
AMZN,2022-09-16,10,BUY,55,-8.52,False
AMZN,2022-09-16,20,BUY,55,-13.46,False
AMZN,2022-09-19,5,BUY,55,-7.63,False
AMZN,2022-09-19,10,BUY,55,-7.04,False
AMZN,2022-09-19,20,BUY,55,-8.72,False
AMZN,2022-09-21,5,BUY,55,-0.45,False
AMZN,2022-09-21,10,BUY,55,2.03,True
AMZN,2022-09-21,20,BUY,55,-2.93,False
AMZN,2022-09-22,5,BUY,55,-2.14,False
AMZN,2022-09-22,10,BUY,55,2.55,True
AMZN,2022-09-22,20,BUY,55,-1.76,False
AMZN,2022-09-23,5,BUY,55,-0.69,False
AMZN,2022-09-23,10,BUY,55,0.69,True
AMZN,2022-09-23,20,BUY,55,4.87,True
AMZN,2022-09-26,5,BUY,55,0.63,True
AMZN,2022-09-26,10,BUY,55,-1.29,False
AMZN,2022-09-26,20,BUY,55,4.06,True
AMZN,2022-09-27,5,BUY,55,5.84,True
AMZN,2022-09-27,10,BUY,55,-1.92,False
AMZN,2022-09-27,20,BUY,55,5.41,True
AMZN,2022-09-28,5,BUY,55,2.49,True
AMZN,2022-09-28,10,BUY,55,-4.33,False
AMZN,2022-09-28,20,BUY,55,-1.99,False
AMZN,2022-09-29,5,BUY,55,4.79,True
AMZN,2022-09-29,10,BUY,55,-1.98,False
AMZN,2022-09-29,20,BUY,55,-3.34,False
AMZN,2022-09-30,5,BUY,55,1.38,True
AMZN,2022-09-30,10,BUY,55,-5.4,False
AMZN,2022-09-30,20,BUY,55,-8.49,False
AMZN,2022-10-03,5,BUY,55,-1.91,False
AMZN,2022-10-03,10,BUY,55,-1.8,False
AMZN,2022-10-03,20,BUY,55,-11.6,False
AMZN,2022-10-04,5,BUY,55,-7.33,False
AMZN,2022-10-04,10,BUY,55,-3.91,False
AMZN,2022-10-04,20,BUY,55,-20.07,False
AMZN,2022-10-05,5,BUY,55,-6.66,False
AMZN,2022-10-05,10,BUY,55,-4.86,False
AMZN,2022-10-05,20,BUY,55,-23.84,False
AMZN,2022-10-06,5,BUY,55,-6.46,False
AMZN,2022-10-06,10,BUY,55,-4.2,False
AMZN,2022-10-06,20,BUY,55,-25.77,False
AMZN,2022-10-07,5,BUY,55,-6.69,False
AMZN,2022-10-07,10,BUY,55,4.16,True
AMZN,2022-10-07,20,BUY,55,-20.58,False
AMZN,2022-10-10,5,BUY,55,0.11,True
AMZN,2022-10-10,10,BUY,55,5.41,True
AMZN,2022-10-10,20,BUY,55,-20.36,False
AMZN,2022-10-11,5,BUY,55,3.7,True
AMZN,2022-10-11,10,BUY,55,7.48,True
AMZN,2022-10-11,20,BUY,55,-19.81,False
AMZN,2022-10-12,5,BUY,55,1.92,True
AMZN,2022-10-12,10,BUY,55,2.44,True
AMZN,2022-10-12,20,BUY,55,-23.7,False
AMZN,2022-10-13,5,BUY,55,2.42,True
AMZN,2022-10-13,10,BUY,55,-1.4,False
AMZN,2022-10-13,20,BUY,55,-14.13,False
AMZN,2022-10-14,5,BUY,55,11.62,True
AMZN,2022-10-14,10,BUY,55,-3.26,False
AMZN,2022-10-14,20,BUY,55,-5.72,False
AMZN,2022-10-17,5,BUY,55,5.3,True
AMZN,2022-10-17,10,BUY,55,-9.97,False
AMZN,2022-10-17,20,BUY,55,-13.45,False
AMZN,2022-10-18,5,BUY,55,3.64,True
AMZN,2022-10-18,10,BUY,55,-16.82,False
AMZN,2022-10-18,20,BUY,55,-14.97,False
AMZN,2022-10-19,5,BUY,55,0.51,True
AMZN,2022-10-19,10,BUY,55,-19.94,False
AMZN,2022-10-19,20,BUY,55,-15.6,False
AMZN,2022-10-20,5,BUY,55,-3.72,False
AMZN,2022-10-20,10,BUY,55,-22.52,False
AMZN,2022-10-20,20,BUY,55,-17.7,False
AMZN,2022-10-21,5,BUY,55,-13.33,False
AMZN,2022-10-21,10,BUY,55,-23.75,False
AMZN,2022-10-21,20,BUY,55,-21.1,False
AMZN,2022-10-24,5,BUY,55,-14.51,False
AMZN,2022-10-24,10,BUY,55,-24.45,False
AMZN,2022-10-24,20,BUY,55,-22.83,False
AMZN,2022-10-25,5,BUY,55,-19.74,False
AMZN,2022-10-25,10,BUY,55,-25.39,False
AMZN,2022-10-25,20,BUY,55,-22.72,False
AMZN,2022-10-26,5,BUY,55,-20.35,False
AMZN,2022-10-26,10,BUY,55,-25.52,False
AMZN,2022-10-26,20,BUY,55,-18.61,False
AMZN,2022-10-27,5,BUY,55,-19.52,False
AMZN,2022-10-27,10,BUY,55,-12.91,False
AMZN,2022-10-27,20,BUY,55,-15.82,False
AMZN,2022-10-28,5,BUY,55,-12.02,False
AMZN,2022-10-28,10,BUY,55,-2.53,False
AMZN,2022-10-28,20,BUY,55,-9.15,False
AMZN,2022-10-31,5,BUY,55,-11.63,False
AMZN,2022-10-31,10,BUY,55,-3.86,False
AMZN,2022-10-31,20,BUY,55,-9.78,False
AMZN,2022-11-01,5,BUY,55,-7.04,False
AMZN,2022-11-01,10,BUY,55,2.22,True
AMZN,2022-11-01,20,BUY,55,-0.26,False
AMZN,2022-11-02,5,BUY,55,-6.49,False
AMZN,2022-11-02,10,BUY,55,5.43,True
AMZN,2022-11-02,20,BUY,55,3.67,True
AMZN,2022-11-03,5,BUY,55,8.21,True
AMZN,2022-11-03,10,BUY,55,6.22,True
AMZN,2022-11-03,20,BUY,55,5.41,True
AMZN,2022-11-04,5,BUY,55,10.78,True
AMZN,2022-11-04,10,BUY,55,3.47,True
AMZN,2022-11-04,20,BUY,55,0.03,True
AMZN,2022-11-07,5,BUY,55,8.79,True
AMZN,2022-11-07,10,BUY,55,2.13,True
AMZN,2022-11-07,20,BUY,55,-2.52,False
AMZN,2022-11-08,5,BUY,55,9.96,True
AMZN,2022-11-08,10,BUY,55,3.58,True
AMZN,2022-11-08,20,BUY,55,-1.69,False
AMZN,2022-11-09,5,BUY,55,12.75,True
AMZN,2022-11-09,10,BUY,55,9.28,True
AMZN,2022-11-09,20,BUY,55,4.89,True
AMZN,2022-11-10,5,BUY,55,-1.84,False
AMZN,2022-11-10,10,BUY,55,-3.33,False
AMZN,2022-11-10,20,BUY,55,-7.8,False
AMZN,2022-11-11,5,BUY,55,-6.6,False
AMZN,2022-11-11,10,BUY,55,-6.79,False
AMZN,2022-11-11,20,BUY,55,-10.16,False
AMZN,2022-11-14,5,BUY,55,-6.12,False
AMZN,2022-11-14,10,BUY,55,-6.16,False
AMZN,2022-11-14,20,BUY,55,-6.09,False
AMZN,2022-11-15,5,BUY,55,-5.8,False
AMZN,2022-11-15,10,BUY,55,-2.43,False
AMZN,2022-11-15,20,BUY,55,-7.44,False
AMZN,2022-11-16,5,BUY,55,-3.08,False
AMZN,2022-11-16,10,BUY,55,-1.67,False
AMZN,2022-11-16,20,BUY,55,-8.93,False
AMZN,2022-11-17,5,BUY,55,-1.52,False
AMZN,2022-11-17,10,BUY,55,-0.76,False
AMZN,2022-11-17,20,BUY,55,-7.37,False
AMZN,2022-11-18,5,BUY,55,-0.2,False
AMZN,2022-11-18,10,BUY,55,-3.32,False
AMZN,2022-11-18,20,BUY,55,-9.79,False
AMZN,2022-11-21,5,BUY,55,-0.04,False
AMZN,2022-11-21,10,BUY,55,-4.55,False
AMZN,2022-11-21,20,BUY,55,-7.86,False
AMZN,2022-11-22,5,BUY,55,3.58,True
AMZN,2022-11-22,10,BUY,55,-5.09,False
AMZN,2022-11-22,20,BUY,55,-6.9,False
AMZN,2022-11-23,5,BUY,55,1.46,True
AMZN,2022-11-23,10,BUY,55,-4.02,False
AMZN,2022-11-23,20,BUY,55,-10.98,False
AMZN,2022-11-25,5,BUY,55,0.77,True
AMZN,2022-11-25,10,BUY,55,-4.62,False
AMZN,2022-11-25,20,BUY,55,-8.74,False
AMZN,2022-11-28,5,BUY,55,-3.13,False
AMZN,2022-11-28,10,BUY,55,-3.62,False
AMZN,2022-11-28,20,BUY,55,-11.61,False
AMZN,2022-11-29,5,BUY,55,-4.51,False
AMZN,2022-11-29,10,BUY,55,0.08,True
AMZN,2022-11-29,20,BUY,55,-11.47,False
AMZN,2022-11-30,5,BUY,55,-8.37,False
AMZN,2022-11-30,10,BUY,55,-5.14,False
AMZN,2022-11-30,20,BUY,55,-12.8,False
AMZN,2022-12-01,5,BUY,55,-5.39,False
AMZN,2022-12-01,10,BUY,55,-7.38,False
AMZN,2022-12-01,20,BUY,55,-12.04,False
AMZN,2022-12-02,5,BUY,55,-5.35,False
AMZN,2022-12-02,10,BUY,55,-6.66,False
AMZN,2022-12-02,20,BUY,55,-8.83,False
AMZN,2022-12-05,5,BUY,55,-0.51,False
AMZN,2022-12-05,10,BUY,55,-6.69,False
AMZN,2022-12-05,20,BUY,55,-6.45,False
AMZN,2022-12-06,5,BUY,55,4.8,True
AMZN,2022-12-06,10,BUY,55,-3.47,False
AMZN,2022-12-06,20,BUY,55,-5.81,False
AMZN,2022-12-07,5,BUY,55,3.53,True
AMZN,2022-12-07,10,BUY,55,-1.91,False
AMZN,2022-12-07,20,BUY,55,-2.69,False
AMZN,2022-12-08,5,BUY,55,-2.1,False
AMZN,2022-12-08,10,BUY,55,-7.26,False
AMZN,2022-12-08,20,BUY,55,-3.31,False
AMZN,2022-12-09,5,BUY,55,-1.38,False
AMZN,2022-12-09,10,BUY,55,-4.31,False
AMZN,2022-12-09,20,BUY,55,0.88,True
AMZN,2022-12-12,5,BUY,55,-6.22,False
AMZN,2022-12-12,10,BUY,55,-8.29,False
AMZN,2022-12-12,20,BUY,55,5.01,True
AMZN,2022-12-13,5,BUY,55,-7.89,False
AMZN,2022-12-13,10,BUY,55,-11.54,False
AMZN,2022-12-13,20,BUY,55,3.01,True
AMZN,2022-12-14,5,BUY,55,-5.25,False
AMZN,2022-12-14,10,BUY,55,-8.08,False
AMZN,2022-12-14,20,BUY,55,7.14,True
AMZN,2022-12-15,5,BUY,55,-5.27,False
AMZN,2022-12-15,10,BUY,55,-5.03,False
AMZN,2022-12-15,20,BUY,55,8.59,True
AMZN,2022-12-16,5,BUY,55,-2.97,False
AMZN,2022-12-16,10,BUY,55,-2.32,False
AMZN,2022-12-16,20,BUY,55,8.65,True
AMZN,2022-12-19,5,BUY,55,-2.21,False
AMZN,2022-12-19,10,BUY,55,0.26,True
AMZN,2022-12-19,20,BUY,55,10.32,True
AMZN,2022-12-20,5,BUY,55,-3.96,False
AMZN,2022-12-20,10,BUY,55,-2.43,False
AMZN,2022-12-20,20,BUY,55,14.16,True
AMZN,2022-12-21,5,BUY,55,-2.98,False
AMZN,2022-12-21,10,BUY,55,-0.8,False
AMZN,2022-12-21,20,BUY,55,12.39,True
AMZN,2022-12-22,5,BUY,55,0.25,True
AMZN,2022-12-22,10,BUY,55,4.26,True
AMZN,2022-12-22,20,BUY,55,14.95,True
AMZN,2022-12-23,5,BUY,55,0.67,True
AMZN,2022-12-23,10,BUY,55,5.42,True
AMZN,2022-12-23,20,BUY,55,13.99,True
AMZN,2022-12-27,5,BUY,55,2.53,True
AMZN,2022-12-27,10,BUY,55,14.51,True
AMZN,2022-12-27,20,BUY,55,19.48,True
AMZN,2022-12-28,5,BUY,55,1.59,True
AMZN,2022-12-28,10,BUY,55,16.44,True
AMZN,2022-12-28,20,BUY,55,24.96,True
AMZN,2022-12-29,5,BUY,55,2.26,True
AMZN,2022-12-29,10,BUY,55,16.56,True
AMZN,2022-12-29,20,BUY,55,19.45,True
AMZN,2022-12-30,5,BUY,55,4.0,True
AMZN,2022-12-30,10,BUY,55,14.35,True
AMZN,2022-12-30,20,BUY,55,22.77,True
AMZN,2023-01-03,5,BUY,55,4.72,True
AMZN,2023-01-03,10,BUY,55,11.23,True
AMZN,2023-01-03,20,BUY,55,22.52,True
AMZN,2023-01-04,5,BUY,55,11.69,True
AMZN,2023-01-04,10,BUY,55,10.03,True
AMZN,2023-01-04,20,BUY,55,32.62,True
AMZN,2023-01-05,5,BUY,55,14.62,True
AMZN,2023-01-05,10,BUY,55,17.0,True
AMZN,2023-01-05,20,BUY,55,24.39,True
AMZN,2023-01-06,5,BUY,55,13.99,True
AMZN,2023-01-06,10,BUY,55,13.29,True
AMZN,2023-01-06,20,BUY,55,18.7,True
AMZN,2023-01-09,5,BUY,55,9.95,True
AMZN,2023-01-09,10,BUY,55,10.26,True
AMZN,2023-01-09,20,BUY,55,16.88,True
AMZN,2023-01-10,5,BUY,55,6.22,True
AMZN,2023-01-10,10,BUY,55,8.13,True
AMZN,2023-01-10,20,BUY,55,11.33,True
AMZN,2023-01-11,5,BUY,55,-1.48,False
AMZN,2023-01-11,10,BUY,55,4.34,True
AMZN,2023-01-11,20,BUY,55,3.31,True
AMZN,2023-01-12,5,BUY,55,2.08,True
AMZN,2023-01-12,10,BUY,55,7.32,True
AMZN,2023-01-12,20,BUY,55,2.46,True
AMZN,2023-01-13,5,BUY,55,-0.61,False
AMZN,2023-01-13,10,BUY,55,2.48,True
AMZN,2023-01-13,20,BUY,55,1.45,True
AMZN,2023-01-17,5,BUY,55,0.28,True
AMZN,2023-01-17,10,BUY,55,7.37,True
AMZN,2023-01-17,20,BUY,55,3.8,True
AMZN,2023-01-18,5,BUY,55,1.8,True
AMZN,2023-01-18,10,BUY,55,10.15,True
AMZN,2023-01-18,20,BUY,55,5.97,True
AMZN,2023-01-19,5,BUY,55,5.91,True
AMZN,2023-01-19,10,BUY,55,20.53,True
AMZN,2023-01-19,20,BUY,55,4.77,True
AMZN,2023-01-20,5,SELL,55,5.13,False
AMZN,2023-01-20,10,SELL,55,6.31,False
AMZN,2023-01-20,20,SELL,55,-0.05,True
AMZN,2023-01-23,5,BUY,55,3.11,True
AMZN,2023-01-23,10,BUY,55,4.78,True
AMZN,2023-01-23,20,BUY,55,-3.01,False
AMZN,2023-01-24,5,BUY,55,7.07,True
AMZN,2023-01-24,10,BUY,55,6.01,True
AMZN,2023-01-24,20,BUY,55,-0.55,False
AMZN,2023-01-25,5,BUY,55,8.2,True
AMZN,2023-01-25,10,BUY,55,2.95,True
AMZN,2023-01-25,20,BUY,55,-1.4,False
AMZN,2023-01-27,5,SELL,55,1.12,False
AMZN,2023-01-27,10,SELL,55,-4.53,True
AMZN,2023-01-27,20,SELL,55,-8.29,True
AMZN,2023-01-30,5,BUY,55,1.62,True
AMZN,2023-01-30,10,BUY,55,-1.0,False
AMZN,2023-01-30,20,BUY,55,-6.29,False
AMZN,2023-01-31,5,BUY,55,-0.99,False
AMZN,2023-01-31,10,BUY,55,-3.33,False
AMZN,2023-01-31,20,BUY,55,-10.63,False
AMZN,2023-02-01,5,BUY,55,-4.85,False
AMZN,2023-02-01,10,BUY,55,-3.79,False
AMZN,2023-02-01,20,BUY,55,-12.38,False
AMZN,2023-02-02,5,BUY,55,-12.99,False
AMZN,2023-02-02,10,BUY,55,-13.07,False
AMZN,2023-02-02,20,BUY,55,-15.95,False
AMZN,2023-02-03,5,BUY,55,-5.59,False
AMZN,2023-02-03,10,BUY,55,-5.99,False
AMZN,2023-02-03,20,BUY,55,-9.32,False
AMZN,2023-02-06,5,BUY,55,-2.58,False
AMZN,2023-02-06,10,BUY,55,-7.44,False
AMZN,2023-02-06,20,BUY,55,-8.45,False
AMZN,2023-02-07,5,BUY,55,-2.36,False
AMZN,2023-02-07,10,BUY,55,-6.19,False
AMZN,2023-02-07,20,BUY,55,-8.02,False
AMZN,2023-02-08,5,BUY,55,1.11,True
AMZN,2023-02-08,10,BUY,55,-4.23,False
AMZN,2023-02-08,20,BUY,55,-7.8,False
AMZN,2023-02-09,5,BUY,55,-0.09,False
AMZN,2023-02-09,10,BUY,55,-4.82,False
AMZN,2023-02-09,20,BUY,55,-7.64,False
AMZN,2023-02-10,5,BUY,55,-0.42,False
AMZN,2023-02-10,10,BUY,55,-3.94,False
AMZN,2023-02-10,20,BUY,55,-5.31,False
AMZN,2023-02-13,5,BUY,55,-4.98,False
AMZN,2023-02-13,10,BUY,55,-5.33,False
AMZN,2023-02-13,20,BUY,55,-4.68,False
AMZN,2023-02-14,5,BUY,55,-3.92,False
AMZN,2023-02-14,10,BUY,55,-7.55,False
AMZN,2023-02-14,20,BUY,55,-3.51,False
AMZN,2023-02-15,5,BUY,55,-5.28,False
AMZN,2023-02-15,10,BUY,55,-8.93,False
AMZN,2023-02-15,20,BUY,55,-1.11,False
AMZN,2023-02-16,5,BUY,55,-4.74,False
AMZN,2023-02-16,10,BUY,55,-3.31,False
AMZN,2023-02-16,20,BUY,55,0.82,True
AMZN,2023-02-17,5,BUY,55,-3.54,False
AMZN,2023-02-17,10,BUY,55,-3.55,False
AMZN,2023-02-17,20,BUY,55,0.52,True
AMZN,2023-02-21,5,BUY,55,-0.37,False
AMZN,2023-02-21,10,BUY,55,-1.09,False
AMZN,2023-02-21,20,BUY,55,6.38,True
AMZN,2023-02-22,5,BUY,55,-3.78,False
AMZN,2023-02-22,10,BUY,55,-1.95,False
AMZN,2023-02-22,20,BUY,55,3.04,True
AMZN,2023-02-23,5,BUY,55,-3.85,False
AMZN,2023-02-23,10,BUY,55,-3.73,False
AMZN,2023-02-23,20,BUY,55,3.02,True
AMZN,2023-02-24,5,BUY,55,1.5,True
AMZN,2023-02-24,10,BUY,55,-2.96,False
AMZN,2023-02-24,20,BUY,55,4.95,True
AMZN,2023-02-27,5,BUY,55,-0.01,False
AMZN,2023-02-27,10,BUY,55,-1.42,False
AMZN,2023-02-27,20,BUY,55,4.56,True
AMZN,2023-02-28,5,BUY,55,-0.72,False
AMZN,2023-02-28,10,BUY,55,0.69,True
AMZN,2023-02-28,20,BUY,55,3.19,True
AMZN,2023-03-01,5,BUY,55,1.9,True
AMZN,2023-03-01,10,BUY,55,4.37,True
AMZN,2023-03-01,20,BUY,55,8.77,True
AMZN,2023-03-02,5,BUY,55,0.13,True
AMZN,2023-03-02,10,BUY,55,8.59,True
AMZN,2023-03-02,20,BUY,55,10.71,True
AMZN,2023-03-03,5,BUY,55,-4.39,False
AMZN,2023-03-03,10,BUY,55,4.27,True
AMZN,2023-03-03,20,BUY,55,8.84,True
AMZN,2023-03-06,5,BUY,55,-1.41,False
AMZN,2023-03-06,10,BUY,55,4.22,True
AMZN,2023-03-06,20,BUY,55,9.24,True
AMZN,2023-03-07,5,BUY,55,1.42,True
AMZN,2023-03-07,10,BUY,55,7.55,True
AMZN,2023-03-07,20,BUY,55,11.12,True
AMZN,2023-03-08,5,BUY,55,2.43,True
AMZN,2023-03-08,10,BUY,55,5.09,True
AMZN,2023-03-08,20,BUY,55,7.64,True
AMZN,2023-03-09,5,BUY,55,8.44,True
AMZN,2023-03-09,10,BUY,55,7.0,True
AMZN,2023-03-09,20,BUY,55,10.63,True
AMZN,2023-03-13,5,BUY,55,5.71,True
AMZN,2023-03-13,10,BUY,55,6.07,True
AMZN,2023-03-13,20,BUY,55,8.1,True
AMZN,2023-03-14,5,BUY,55,6.04,True
AMZN,2023-03-14,10,BUY,55,2.49,True
AMZN,2023-03-14,20,BUY,55,3.11,True
AMZN,2023-03-15,5,BUY,55,2.6,True
AMZN,2023-03-15,10,BUY,55,4.21,True
AMZN,2023-03-15,20,BUY,55,6.44,True
AMZN,2023-03-16,5,BUY,55,-1.33,False
AMZN,2023-03-16,10,BUY,55,1.96,True
AMZN,2023-03-16,20,BUY,55,2.47,True
AMZN,2023-03-17,5,BUY,55,-0.83,False
AMZN,2023-03-17,10,BUY,55,4.39,True
AMZN,2023-03-17,20,BUY,55,3.83,True
AMZN,2023-03-20,5,BUY,55,0.34,True
AMZN,2023-03-20,10,BUY,55,4.81,True
AMZN,2023-03-20,20,BUY,55,4.7,True
AMZN,2023-03-21,5,BUY,55,-3.35,False
AMZN,2023-03-21,10,BUY,55,3.32,True
AMZN,2023-03-21,20,BUY,55,3.67,True
AMZN,2023-03-22,5,BUY,55,1.57,True
AMZN,2023-03-22,10,BUY,55,2.43,True
AMZN,2023-03-22,20,BUY,55,5.18,True
AMZN,2023-03-23,5,BUY,55,3.33,True
AMZN,2023-03-23,10,BUY,55,3.39,True
AMZN,2023-03-23,20,BUY,55,8.36,True
AMZN,2023-03-24,5,BUY,55,5.26,True
AMZN,2023-03-24,10,BUY,55,4.12,True
AMZN,2023-03-24,20,BUY,55,8.23,True
AMZN,2023-03-27,5,BUY,55,4.46,True
AMZN,2023-03-27,10,BUY,55,1.92,True
AMZN,2023-03-27,20,BUY,55,4.62,True
AMZN,2023-03-28,5,BUY,55,6.9,True
AMZN,2023-03-28,10,BUY,55,0.61,True
AMZN,2023-03-28,20,BUY,55,7.96,True
AMZN,2023-03-29,5,BUY,55,0.85,True
AMZN,2023-03-29,10,BUY,55,2.14,True
AMZN,2023-03-29,20,BUY,55,9.55,True
AMZN,2023-03-30,5,SELL,55,0.06,False
AMZN,2023-03-30,10,SELL,55,0.5,False
AMZN,2023-03-30,20,SELL,55,3.38,False
AMZN,2023-03-31,5,SELL,55,-1.08,True
AMZN,2023-03-31,10,SELL,55,-0.53,True
AMZN,2023-03-31,20,SELL,55,-1.2,True
AMZN,2023-04-03,5,SELL,55,-2.43,True
AMZN,2023-04-03,10,SELL,55,-0.11,True
AMZN,2023-04-03,20,SELL,55,1.19,False
AMZN,2023-04-04,5,BUY,55,-5.89,False
AMZN,2023-04-04,10,BUY,55,0.34,True
AMZN,2023-04-04,20,BUY,55,-0.29,False
AMZN,2023-04-06,5,BUY,55,0.44,True
AMZN,2023-04-06,10,BUY,55,4.8,True
AMZN,2023-04-06,20,BUY,55,3.53,True
AMZN,2023-04-10,5,BUY,55,0.56,True
AMZN,2023-04-10,10,BUY,55,3.95,True
AMZN,2023-04-10,20,BUY,55,3.58,True
AMZN,2023-04-11,5,BUY,55,2.38,True
AMZN,2023-04-11,10,BUY,55,2.65,True
AMZN,2023-04-11,20,BUY,55,6.71,True
AMZN,2023-04-12,5,BUY,55,6.61,True
AMZN,2023-04-12,10,BUY,55,7.31,True
AMZN,2023-04-12,20,BUY,55,12.63,True
AMZN,2023-04-13,5,BUY,55,1.38,True
AMZN,2023-04-13,10,BUY,55,7.25,True
AMZN,2023-04-13,20,BUY,55,9.55,True
AMZN,2023-04-14,5,BUY,55,4.34,True
AMZN,2023-04-14,10,BUY,55,2.87,True
AMZN,2023-04-14,20,BUY,55,7.56,True
AMZN,2023-04-17,5,BUY,55,3.38,True
AMZN,2023-04-17,10,BUY,55,-0.67,False
AMZN,2023-04-17,20,BUY,55,8.23,True
AMZN,2023-04-18,5,BUY,55,0.26,True
AMZN,2023-04-18,10,BUY,55,1.3,True
AMZN,2023-04-18,20,BUY,55,10.85,True
AMZN,2023-04-19,5,BUY,55,0.65,True
AMZN,2023-04-19,10,BUY,55,-0.62,False
AMZN,2023-04-19,20,BUY,55,10.74,True
AMZN,2023-04-20,5,BUY,55,5.79,True
AMZN,2023-04-20,10,BUY,55,0.18,True
AMZN,2023-04-20,20,BUY,55,13.81,True
AMZN,2023-04-21,5,BUY,55,-1.41,False
AMZN,2023-04-21,10,BUY,55,-1.22,False
AMZN,2023-04-21,20,BUY,55,8.69,True
AMZN,2023-04-24,5,BUY,55,-3.92,False
AMZN,2023-04-24,10,BUY,55,-0.36,False
AMZN,2023-04-24,20,BUY,55,8.29,True
AMZN,2023-04-25,5,BUY,55,1.03,True
AMZN,2023-04-25,10,BUY,55,3.95,True
AMZN,2023-04-25,20,BUY,55,12.11,True
AMZN,2023-04-26,5,BUY,55,-1.27,False
AMZN,2023-04-26,10,BUY,55,4.96,True
AMZN,2023-04-26,20,BUY,55,11.21,True
AMZN,2023-04-27,5,BUY,55,-5.3,False
AMZN,2023-04-27,10,BUY,55,2.15,True
AMZN,2023-04-27,20,BUY,55,4.72,True
AMZN,2023-04-28,5,BUY,55,0.2,True
AMZN,2023-04-28,10,BUY,55,4.56,True
AMZN,2023-04-28,20,BUY,55,13.9,True
AMZN,2023-05-01,5,BUY,55,3.7,True
AMZN,2023-05-01,10,BUY,55,8.97,True
AMZN,2023-05-01,20,BUY,55,19.22,True
AMZN,2023-05-02,5,BUY,55,2.89,True
AMZN,2023-05-02,10,BUY,55,9.43,True
AMZN,2023-05-02,20,BUY,55,16.36,True
AMZN,2023-05-03,5,BUY,55,6.31,True
AMZN,2023-05-03,10,BUY,55,11.43,True
AMZN,2023-05-03,20,BUY,55,18.45,True
AMZN,2023-05-04,5,BUY,55,7.87,True
AMZN,2023-05-04,10,BUY,55,13.61,True
AMZN,2023-05-04,20,BUY,55,19.47,True
AMZN,2023-05-05,5,BUY,55,4.35,True
AMZN,2023-05-05,10,BUY,55,10.02,True
AMZN,2023-05-05,20,BUY,55,18.59,True
AMZN,2023-05-08,5,BUY,55,5.07,True
AMZN,2023-05-08,10,BUY,55,8.67,True
AMZN,2023-05-08,20,BUY,55,19.64,True
AMZN,2023-05-09,5,BUY,55,6.36,True
AMZN,2023-05-09,10,BUY,55,7.85,True
AMZN,2023-05-09,20,BUY,55,13.7,True
AMZN,2023-05-10,5,BUY,55,4.82,True
AMZN,2023-05-10,10,BUY,55,5.95,True
AMZN,2023-05-10,20,BUY,55,12.76,True
AMZN,2023-05-11,5,BUY,55,5.32,True
AMZN,2023-05-11,10,BUY,55,2.51,True
AMZN,2023-05-11,20,BUY,55,10.03,True
AMZN,2023-05-12,5,BUY,55,5.43,True
AMZN,2023-05-12,10,BUY,55,8.93,True
AMZN,2023-05-12,20,BUY,55,14.79,True
AMZN,2023-05-15,5,BUY,55,3.43,True
AMZN,2023-05-15,10,BUY,55,9.41,True
AMZN,2023-05-15,20,BUY,55,13.9,True
AMZN,2023-05-16,5,BUY,55,1.4,True
AMZN,2023-05-16,10,BUY,55,6.33,True
AMZN,2023-05-16,20,BUY,55,11.48,True
AMZN,2023-05-17,5,BUY,55,1.08,True
AMZN,2023-05-17,10,BUY,55,6.29,True
AMZN,2023-05-17,20,BUY,55,10.05,True
AMZN,2023-05-18,5,BUY,55,-2.67,False
AMZN,2023-05-18,10,BUY,55,5.16,True
AMZN,2023-05-18,20,BUY,55,6.21,True
AMZN,2023-05-19,5,SELL,55,3.32,False
AMZN,2023-05-19,10,SELL,55,7.78,False
AMZN,2023-05-19,20,SELL,55,8.2,False
AMZN,2023-05-22,5,BUY,55,5.78,True
AMZN,2023-05-22,10,BUY,55,10.09,True
AMZN,2023-05-22,20,BUY,55,8.54,True
AMZN,2023-05-23,5,SELL,55,4.86,False
AMZN,2023-05-23,10,SELL,55,5.43,False
AMZN,2023-05-23,20,SELL,55,13.18,False
AMZN,2023-05-24,5,SELL,55,5.16,False
AMZN,2023-05-24,10,SELL,55,6.42,False
AMZN,2023-05-24,20,SELL,55,10.78,False
AMZN,2023-05-25,5,BUY,55,8.04,True
AMZN,2023-05-25,10,BUY,55,7.33,True
AMZN,2023-05-25,20,BUY,55,10.72,True
AMZN,2023-05-26,5,BUY,55,4.32,True
AMZN,2023-05-26,10,BUY,55,5.38,True
AMZN,2023-05-26,20,BUY,55,7.55,True
AMZN,2023-05-30,5,SELL,55,4.07,False
AMZN,2023-05-30,10,SELL,55,4.11,False
AMZN,2023-05-30,20,SELL,55,6.07,False
AMZN,2023-05-31,5,BUY,55,0.54,True
AMZN,2023-05-31,10,BUY,55,4.84,True
AMZN,2023-05-31,20,BUY,55,6.07,True
AMZN,2023-06-01,5,SELL,55,1.21,False
AMZN,2023-06-01,10,SELL,55,3.54,False
AMZN,2023-06-01,20,SELL,55,6.18,False
AMZN,2023-06-02,5,SELL,55,-0.66,True
AMZN,2023-06-02,10,SELL,55,1.0,False
AMZN,2023-06-02,20,SELL,55,4.8,False
AMZN,2023-06-05,5,SELL,55,1.01,False
AMZN,2023-06-05,10,SELL,55,0.38,False
AMZN,2023-06-05,20,SELL,55,4.05,False
AMZN,2023-06-06,5,SELL,55,0.04,False
AMZN,2023-06-06,10,SELL,55,-1.41,True
AMZN,2023-06-06,20,SELL,55,1.38,False
AMZN,2023-06-07,5,BUY,55,4.28,True
AMZN,2023-06-07,10,BUY,55,7.36,True
AMZN,2023-06-07,20,BUY,55,7.05,True
AMZN,2023-06-08,5,BUY,55,2.3,True
AMZN,2023-06-08,10,BUY,55,4.09,True
AMZN,2023-06-08,20,BUY,55,2.32,True
AMZN,2023-06-09,5,BUY,55,1.67,True
AMZN,2023-06-09,10,BUY,55,3.16,True
AMZN,2023-06-09,20,BUY,55,4.33,True
AMZN,2023-06-12,5,BUY,55,-0.62,False
AMZN,2023-06-12,10,BUY,55,2.06,True
AMZN,2023-06-12,20,BUY,55,3.34,True
AMZN,2023-06-13,5,BUY,55,-1.44,False
AMZN,2023-06-13,10,BUY,55,1.88,True
AMZN,2023-06-13,20,BUY,55,6.03,True
AMZN,2023-06-14,5,BUY,55,2.95,True
AMZN,2023-06-14,10,BUY,55,1.17,True
AMZN,2023-06-14,20,BUY,55,6.53,True
AMZN,2023-06-15,5,BUY,55,1.75,True
AMZN,2023-06-15,10,BUY,55,2.56,True
AMZN,2023-06-15,20,BUY,55,5.07,True
AMZN,2023-06-16,5,BUY,55,1.47,True
AMZN,2023-06-16,10,BUY,55,3.77,True
AMZN,2023-06-16,20,BUY,55,5.85,True
AMZN,2023-06-20,5,BUY,55,2.7,True
AMZN,2023-06-20,10,BUY,55,3.66,True
AMZN,2023-06-20,20,BUY,55,7.62,True
AMZN,2023-06-21,5,BUY,55,3.37,True
AMZN,2023-06-21,10,BUY,55,2.83,True
AMZN,2023-06-21,20,BUY,55,4.11,True
AMZN,2023-06-22,5,BUY,55,-1.73,False
AMZN,2023-06-22,10,BUY,55,-0.28,False
AMZN,2023-06-22,20,BUY,55,-0.12,False
AMZN,2023-06-23,5,BUY,55,0.8,True
AMZN,2023-06-23,10,BUY,55,-1.7,False
AMZN,2023-06-23,20,BUY,55,-0.41,False
AMZN,2023-06-26,5,BUY,55,2.27,True
AMZN,2023-06-26,10,BUY,55,1.14,True
AMZN,2023-06-26,20,BUY,55,1.41,True
AMZN,2023-06-27,5,BUY,55,0.93,True
AMZN,2023-06-27,10,BUY,55,1.25,True
AMZN,2023-06-27,20,BUY,55,-0.8,False
AMZN,2023-06-28,5,BUY,55,-0.53,False
AMZN,2023-06-28,10,BUY,55,4.08,True
AMZN,2023-06-28,20,BUY,55,-0.61,False
AMZN,2023-06-29,5,BUY,55,1.47,True
AMZN,2023-06-29,10,BUY,55,5.3,True
AMZN,2023-06-29,20,BUY,55,3.37,True
AMZN,2023-06-30,5,BUY,55,-2.48,False
AMZN,2023-06-30,10,BUY,55,2.45,True
AMZN,2023-06-30,20,BUY,55,2.55,True
AMZN,2023-07-03,5,BUY,55,-1.11,False
AMZN,2023-07-03,10,BUY,55,2.0,True
AMZN,2023-07-03,20,BUY,55,1.13,True
AMZN,2023-07-05,5,BUY,55,0.32,True
AMZN,2023-07-05,10,BUY,55,3.82,True
AMZN,2023-07-05,20,BUY,55,-1.66,False
AMZN,2023-07-06,5,BUY,55,4.63,True
AMZN,2023-07-06,10,BUY,55,1.25,True
AMZN,2023-07-06,20,BUY,55,0.43,True
AMZN,2023-07-07,5,BUY,55,3.78,True
AMZN,2023-07-07,10,BUY,55,0.17,True
AMZN,2023-07-07,20,BUY,55,7.54,True
AMZN,2023-07-10,5,BUY,55,5.06,True
AMZN,2023-07-10,10,BUY,55,1.31,True
AMZN,2023-07-10,20,BUY,55,11.87,True
AMZN,2023-07-11,5,BUY,55,3.14,True
AMZN,2023-07-11,10,BUY,55,0.27,True
AMZN,2023-07-11,20,BUY,55,8.67,True
AMZN,2023-07-12,5,BUY,55,3.49,True
AMZN,2023-07-12,10,BUY,55,-2.03,False
AMZN,2023-07-12,20,BUY,55,5.39,True
AMZN,2023-07-13,5,BUY,55,-3.23,False
AMZN,2023-07-13,10,BUY,55,-4.5,False
AMZN,2023-07-13,20,BUY,55,3.17,True
AMZN,2023-07-14,5,BUY,55,-3.47,False
AMZN,2023-07-14,10,BUY,55,-1.83,False
AMZN,2023-07-14,20,BUY,55,2.77,True
AMZN,2023-07-17,5,BUY,55,-3.56,False
AMZN,2023-07-17,10,BUY,55,0.09,True
AMZN,2023-07-17,20,BUY,55,5.25,True
AMZN,2023-07-18,5,BUY,55,-2.79,False
AMZN,2023-07-18,10,BUY,55,-0.86,False
AMZN,2023-07-18,20,BUY,55,3.64,True
AMZN,2023-07-19,5,BUY,55,-5.33,False
AMZN,2023-07-19,10,BUY,55,-5.28,False
AMZN,2023-07-19,20,BUY,55,-0.21,False
AMZN,2023-07-20,5,BUY,55,-1.32,False
AMZN,2023-07-20,10,BUY,55,-0.81,False
AMZN,2023-07-20,20,BUY,55,3.09,True
AMZN,2023-07-21,5,BUY,55,1.7,True
AMZN,2023-07-21,10,BUY,55,7.36,True
AMZN,2023-07-21,20,BUY,55,2.48,True
AMZN,2023-07-24,5,BUY,55,3.79,True
AMZN,2023-07-24,10,BUY,55,10.42,True
AMZN,2023-07-24,20,BUY,55,4.57,True
AMZN,2023-07-25,5,BUY,55,1.98,True
AMZN,2023-07-25,10,BUY,55,8.37,True
AMZN,2023-07-25,20,BUY,55,3.96,True
AMZN,2023-07-26,5,BUY,55,0.05,True
AMZN,2023-07-26,10,BUY,55,7.57,True
AMZN,2023-07-26,20,BUY,55,5.75,True
AMZN,2023-07-27,5,BUY,55,0.51,True
AMZN,2023-07-27,10,BUY,55,8.04,True
AMZN,2023-07-27,20,BUY,55,2.8,True
AMZN,2023-07-28,5,BUY,55,5.57,True
AMZN,2023-07-28,10,BUY,55,4.69,True
AMZN,2023-07-28,20,BUY,55,0.79,True
AMZN,2023-07-31,5,BUY,55,6.39,True
AMZN,2023-07-31,10,BUY,55,5.15,True
AMZN,2023-07-31,20,BUY,55,-0.4,False
AMZN,2023-08-01,5,BUY,55,6.26,True
AMZN,2023-08-01,10,BUY,55,4.54,True
AMZN,2023-08-01,20,BUY,55,2.45,True
AMZN,2023-08-02,5,BUY,55,7.52,True
AMZN,2023-08-02,10,BUY,55,5.35,True
AMZN,2023-08-02,20,BUY,55,5.35,True
AMZN,2023-08-03,5,BUY,55,7.49,True
AMZN,2023-08-03,10,BUY,55,3.93,True
AMZN,2023-08-03,20,BUY,55,7.06,True
AMZN,2023-08-04,5,BUY,55,-0.83,False
AMZN,2023-08-04,10,BUY,55,-4.55,False
AMZN,2023-08-04,20,BUY,55,-1.04,False
AMZN,2023-08-07,5,BUY,55,-1.16,False
AMZN,2023-08-07,10,BUY,55,-5.3,False
AMZN,2023-08-07,20,BUY,55,-3.48,False
AMZN,2023-08-08,5,BUY,55,-1.62,False
AMZN,2023-08-08,10,BUY,55,-4.07,False
AMZN,2023-08-08,20,BUY,55,-3.27,False
AMZN,2023-08-09,5,BUY,55,-2.02,False
AMZN,2023-08-09,10,BUY,55,-1.69,False
AMZN,2023-08-09,20,BUY,55,0.0,False
AMZN,2023-08-10,5,BUY,55,-3.31,False
AMZN,2023-08-10,10,BUY,55,-4.85,False
AMZN,2023-08-10,20,BUY,55,-0.24,False
AMZN,2023-08-11,5,BUY,55,-3.75,False
AMZN,2023-08-11,10,BUY,55,-3.72,False
AMZN,2023-08-11,20,BUY,55,3.39,True
AMZN,2023-08-14,5,BUY,55,-4.19,False
AMZN,2023-08-14,10,BUY,55,-5.29,False
AMZN,2023-08-14,20,BUY,55,0.47,True
AMZN,2023-08-15,5,BUY,55,-2.48,False
AMZN,2023-08-15,10,BUY,55,-2.0,False
AMZN,2023-08-15,20,BUY,55,5.22,True
AMZN,2023-08-16,5,BUY,55,0.33,True
AMZN,2023-08-16,10,BUY,55,0.0,False
AMZN,2023-08-16,20,BUY,55,7.14,True
AMZN,2023-08-17,5,BUY,55,-1.6,False
AMZN,2023-08-17,10,BUY,55,3.01,True
AMZN,2023-08-17,20,BUY,55,4.78,True
AMZN,2023-08-18,5,BUY,55,0.03,True
AMZN,2023-08-18,10,BUY,55,3.68,True
AMZN,2023-08-18,20,BUY,55,5.07,True
AMZN,2023-08-21,5,BUY,55,-1.14,False
AMZN,2023-08-21,10,BUY,55,1.92,True
AMZN,2023-08-21,20,BUY,55,2.19,True
AMZN,2023-08-22,5,BUY,55,0.49,True
AMZN,2023-08-22,10,BUY,55,0.83,True
AMZN,2023-08-22,20,BUY,55,0.77,True
AMZN,2023-08-23,5,BUY,55,-0.33,False
AMZN,2023-08-23,10,BUY,55,1.72,True
AMZN,2023-08-23,20,BUY,55,-4.57,False
AMZN,2023-08-24,5,BUY,55,4.68,True
AMZN,2023-08-24,10,BUY,55,4.85,True
AMZN,2023-08-24,20,BUY,55,-2.06,False
AMZN,2023-08-25,5,BUY,55,3.65,True
AMZN,2023-08-25,10,BUY,55,7.38,True
AMZN,2023-08-25,20,BUY,55,-1.49,False
AMZN,2023-08-28,5,BUY,55,3.1,True
AMZN,2023-08-28,10,BUY,55,6.08,True
AMZN,2023-08-28,20,BUY,55,-5.38,False
AMZN,2023-08-29,5,BUY,55,0.33,True
AMZN,2023-08-29,10,BUY,55,7.37,True
AMZN,2023-08-29,20,BUY,55,-6.62,False
AMZN,2023-08-30,5,BUY,55,2.06,True
AMZN,2023-08-30,10,BUY,55,7.14,True
AMZN,2023-08-30,20,BUY,55,-6.73,False
AMZN,2023-08-31,5,BUY,55,0.16,True
AMZN,2023-08-31,10,BUY,55,1.72,True
AMZN,2023-08-31,20,BUY,55,-7.89,False
AMZN,2023-09-01,5,BUY,55,3.61,True
AMZN,2023-09-01,10,BUY,55,1.35,True
AMZN,2023-09-01,20,BUY,55,-6.27,False
AMZN,2023-09-05,5,BUY,55,2.88,True
AMZN,2023-09-05,10,BUY,55,0.26,True
AMZN,2023-09-05,20,BUY,55,-9.14,False
AMZN,2023-09-06,5,BUY,55,7.01,True
AMZN,2023-09-06,10,BUY,55,-0.05,False
AMZN,2023-09-06,20,BUY,55,-6.18,False
AMZN,2023-09-07,5,BUY,55,4.98,True
AMZN,2023-09-07,10,BUY,55,-6.18,False
AMZN,2023-09-07,20,BUY,55,-8.63,False
AMZN,2023-09-08,5,BUY,55,1.56,True
AMZN,2023-09-08,10,BUY,55,-6.59,False
AMZN,2023-09-08,20,BUY,55,-7.43,False
AMZN,2023-09-11,5,BUY,55,-2.18,False
AMZN,2023-09-11,10,BUY,55,-8.27,False
AMZN,2023-09-11,20,BUY,55,-10.37,False
AMZN,2023-09-12,5,BUY,55,-2.55,False
AMZN,2023-09-12,10,BUY,55,-10.8,False
AMZN,2023-09-12,20,BUY,55,-8.32,False
AMZN,2023-09-13,5,BUY,55,-6.6,False
AMZN,2023-09-13,10,BUY,55,-13.03,False
AMZN,2023-09-13,20,BUY,55,-8.99,False
AMZN,2023-09-14,5,BUY,55,-10.63,False
AMZN,2023-09-14,10,BUY,55,-12.95,False
AMZN,2023-09-14,20,BUY,55,-8.56,False
AMZN,2023-09-15,5,BUY,55,-8.03,False
AMZN,2023-09-15,10,BUY,55,-9.45,False
AMZN,2023-09-15,20,BUY,55,-7.55,False
AMZN,2023-09-18,5,BUY,55,-6.22,False
AMZN,2023-09-18,10,BUY,55,-7.52,False
AMZN,2023-09-18,20,BUY,55,-5.31,False
AMZN,2023-09-19,5,BUY,55,-8.46,False
AMZN,2023-09-19,10,BUY,55,-9.38,False
AMZN,2023-09-19,20,BUY,55,-4.48,False
AMZN,2023-09-20,5,BUY,55,-6.88,False
AMZN,2023-09-20,10,BUY,55,-6.13,False
AMZN,2023-09-20,20,BUY,55,-5.29,False
AMZN,2023-09-21,5,BUY,55,-2.59,False
AMZN,2023-09-21,10,BUY,55,-2.61,False
AMZN,2023-09-21,20,BUY,55,-0.72,False
AMZN,2023-09-22,5,BUY,55,-1.55,False
AMZN,2023-09-22,10,BUY,55,-0.9,False
AMZN,2023-09-22,20,BUY,55,-3.06,False
AMZN,2023-09-25,5,BUY,55,-1.38,False
AMZN,2023-09-25,10,BUY,55,-2.29,False
AMZN,2023-09-25,20,BUY,55,-3.59,False
AMZN,2023-09-26,5,BUY,55,-1.0,False
AMZN,2023-09-26,10,BUY,55,2.78,True
AMZN,2023-09-26,20,BUY,55,2.05,True
AMZN,2023-09-27,5,BUY,55,0.81,True
AMZN,2023-09-27,10,BUY,55,4.64,True
AMZN,2023-09-27,20,BUY,55,-3.64,False
AMZN,2023-09-28,5,BUY,55,-0.02,False
AMZN,2023-09-28,10,BUY,55,5.04,True
AMZN,2023-09-28,20,BUY,55,-5.09,False
AMZN,2023-09-29,5,BUY,55,0.66,True
AMZN,2023-09-29,10,BUY,55,2.1,True
AMZN,2023-09-29,20,BUY,55,0.49,True
AMZN,2023-10-02,5,BUY,55,-0.93,False
AMZN,2023-10-02,10,BUY,55,2.39,True
AMZN,2023-10-02,20,BUY,55,2.51,True
AMZN,2023-10-04,5,BUY,55,3.8,True
AMZN,2023-10-04,10,BUY,55,0.89,True
AMZN,2023-10-04,20,BUY,55,7.87,True
AMZN,2023-10-05,5,BUY,55,5.06,True
AMZN,2023-10-05,10,BUY,55,1.94,True
AMZN,2023-10-05,20,BUY,55,9.61,True
AMZN,2023-10-06,5,BUY,55,1.43,True
AMZN,2023-10-06,10,BUY,55,-2.18,False
AMZN,2023-10-06,20,BUY,55,8.32,True
AMZN,2023-10-09,5,BUY,55,3.34,True
AMZN,2023-10-09,10,BUY,55,-1.33,False
AMZN,2023-10-09,20,BUY,55,8.95,True
AMZN,2023-10-10,5,BUY,55,1.54,True
AMZN,2023-10-10,10,BUY,55,-0.71,False
AMZN,2023-10-10,20,BUY,55,10.22,True
AMZN,2023-10-11,5,BUY,55,-2.81,False
AMZN,2023-10-11,10,BUY,55,-7.92,False
AMZN,2023-10-11,20,BUY,55,7.78,True
AMZN,2023-10-12,5,BUY,55,-2.97,False
AMZN,2023-10-12,10,BUY,55,-9.64,False
AMZN,2023-10-12,20,BUY,55,6.25,True
AMZN,2023-10-13,5,BUY,55,-3.56,False
AMZN,2023-10-13,10,BUY,55,-1.58,False
AMZN,2023-10-13,20,BUY,55,10.61,True
AMZN,2023-10-16,5,BUY,55,-4.52,False
AMZN,2023-10-16,10,BUY,55,0.12,True
AMZN,2023-10-16,20,BUY,55,7.57,True
AMZN,2023-10-17,5,BUY,55,-2.21,False
AMZN,2023-10-17,10,BUY,55,1.23,True
AMZN,2023-10-17,20,BUY,55,10.9,True
AMZN,2023-10-18,5,BUY,55,-5.26,False
AMZN,2023-10-18,10,BUY,55,6.92,True
AMZN,2023-10-18,20,BUY,55,11.76,True
AMZN,2023-10-19,5,BUY,55,-6.88,False
AMZN,2023-10-19,10,BUY,55,7.53,True
AMZN,2023-10-19,20,BUY,55,11.24,True
AMZN,2023-10-20,5,BUY,55,2.05,True
AMZN,2023-10-20,10,BUY,55,10.73,True
AMZN,2023-10-20,20,BUY,55,15.99,True
AMZN,2023-10-23,5,BUY,55,4.86,True
AMZN,2023-10-23,10,BUY,55,10.41,True
AMZN,2023-10-23,20,BUY,55,15.46,True
AMZN,2023-10-24,5,BUY,55,3.52,True
AMZN,2023-10-24,10,BUY,55,11.01,True
AMZN,2023-10-24,20,BUY,55,11.93,True
AMZN,2023-10-25,5,BUY,55,12.86,True
AMZN,2023-10-25,10,BUY,55,17.04,True
AMZN,2023-10-25,20,BUY,55,20.86,True
AMZN,2023-10-26,5,BUY,55,15.47,True
AMZN,2023-10-26,10,BUY,55,17.59,True
AMZN,2023-10-26,20,BUY,55,22.72,True
AMZN,2023-10-27,5,BUY,55,8.5,True
AMZN,2023-10-27,10,BUY,55,12.38,True
AMZN,2023-10-27,20,BUY,55,15.65,True
AMZN,2023-10-30,5,BUY,55,5.3,True
AMZN,2023-10-30,10,BUY,55,7.44,True
AMZN,2023-10-30,20,BUY,55,10.79,True
AMZN,2023-10-31,5,BUY,55,7.23,True
AMZN,2023-10-31,10,BUY,55,9.55,True
AMZN,2023-10-31,20,BUY,55,9.94,True
AMZN,2023-11-01,5,BUY,55,3.71,True
AMZN,2023-11-01,10,BUY,55,4.53,True
AMZN,2023-11-01,20,BUY,55,6.64,True
AMZN,2023-11-02,5,BUY,55,1.83,True
AMZN,2023-11-02,10,BUY,55,3.45,True
AMZN,2023-11-02,20,BUY,55,6.49,True
AMZN,2023-11-03,5,BUY,55,3.58,True
AMZN,2023-11-03,10,BUY,55,4.75,True
AMZN,2023-11-03,20,BUY,55,4.5,True
AMZN,2023-11-06,5,BUY,55,2.04,True
AMZN,2023-11-06,10,BUY,55,4.57,True
AMZN,2023-11-06,20,BUY,55,5.11,True
AMZN,2023-11-07,5,BUY,55,2.17,True
AMZN,2023-11-07,10,BUY,55,0.83,True
AMZN,2023-11-07,20,BUY,55,1.27,True
AMZN,2023-11-08,5,BUY,55,0.79,True
AMZN,2023-11-08,10,BUY,55,3.26,True
AMZN,2023-11-08,20,BUY,55,3.38,True
AMZN,2023-11-09,5,SELL,55,1.59,False
AMZN,2023-11-09,10,SELL,55,4.37,False
AMZN,2023-11-09,20,SELL,55,4.85,False
AMZN,2023-11-10,5,BUY,55,1.13,True
AMZN,2023-11-10,10,BUY,55,2.9,True
AMZN,2023-11-10,20,BUY,55,1.62,True
AMZN,2023-11-14,5,SELL,55,-1.3,True
AMZN,2023-11-14,10,SELL,55,0.36,False
AMZN,2023-11-14,20,SELL,55,2.09,False
AMZN,2023-11-15,5,SELL,55,2.45,False
AMZN,2023-11-15,10,SELL,55,2.02,False
AMZN,2023-11-15,20,SELL,55,2.95,False
AMZN,2023-11-16,5,SELL,55,2.74,False
AMZN,2023-11-16,10,SELL,55,2.94,False
AMZN,2023-11-16,20,SELL,55,5.0,False
AMZN,2023-11-17,5,SELL,55,1.76,False
AMZN,2023-11-17,10,SELL,55,-0.23,True
AMZN,2023-11-17,20,SELL,55,6.12,False
AMZN,2023-11-20,5,SELL,55,0.62,False
AMZN,2023-11-20,10,SELL,55,0.51,False
AMZN,2023-11-20,20,SELL,55,5.24,False
AMZN,2023-11-21,5,BUY,55,1.68,True
AMZN,2023-11-21,10,BUY,55,0.43,True
AMZN,2023-11-21,20,BUY,55,5.71,True
AMZN,2023-11-22,5,BUY,55,-0.42,False
AMZN,2023-11-22,10,BUY,55,0.12,True
AMZN,2023-11-22,20,BUY,55,4.86,True
AMZN,2023-11-24,5,SELL,55,0.2,False
AMZN,2023-11-24,10,SELL,55,0.46,False
AMZN,2023-11-24,20,SELL,55,4.55,False
AMZN,2023-11-27,5,BUY,55,-1.96,False
AMZN,2023-11-27,10,BUY,55,-1.25,False
AMZN,2023-11-27,20,BUY,55,3.84,True
AMZN,2023-11-28,5,BUY,55,-0.1,False
AMZN,2023-11-28,10,BUY,55,0.31,True
AMZN,2023-11-28,20,BUY,55,4.29,True
AMZN,2023-11-29,5,BUY,55,-1.23,False
AMZN,2023-11-29,10,BUY,55,1.72,True
AMZN,2023-11-29,20,BUY,55,4.83,True
AMZN,2023-11-30,5,BUY,55,0.54,True
AMZN,2023-11-30,10,BUY,55,0.91,True
AMZN,2023-11-30,20,BUY,55,4.0,True
AMZN,2023-12-01,5,BUY,55,0.27,True
AMZN,2023-12-01,10,BUY,55,2.0,True
AMZN,2023-12-01,20,BUY,55,1.97,True
AMZN,2023-12-04,5,BUY,55,0.72,True
AMZN,2023-12-04,10,BUY,55,6.37,True
AMZN,2023-12-04,20,BUY,55,2.51,True
AMZN,2023-12-05,5,BUY,55,0.41,True
AMZN,2023-12-05,10,BUY,55,4.7,True
AMZN,2023-12-05,20,BUY,55,-1.57,False
AMZN,2023-12-06,5,BUY,55,2.99,True
AMZN,2023-12-06,10,BUY,55,5.26,True
AMZN,2023-12-06,20,BUY,55,0.5,True
AMZN,2023-12-07,5,BUY,55,0.37,True
AMZN,2023-12-07,10,BUY,55,4.74,True
AMZN,2023-12-07,20,BUY,55,1.51,True
AMZN,2023-12-08,5,BUY,55,1.73,True
AMZN,2023-12-08,10,BUY,55,4.07,True
AMZN,2023-12-08,20,BUY,55,2.68,True
AMZN,2023-12-11,5,BUY,55,5.61,True
AMZN,2023-12-11,10,BUY,55,5.15,True
AMZN,2023-12-11,20,BUY,55,5.37,True
AMZN,2023-12-12,5,BUY,55,4.28,True
AMZN,2023-12-12,10,BUY,55,3.97,True
AMZN,2023-12-12,20,BUY,55,5.22,True
AMZN,2023-12-13,5,BUY,55,2.2,True
AMZN,2023-12-13,10,BUY,55,3.05,True
AMZN,2023-12-13,20,BUY,55,3.88,True
AMZN,2023-12-14,5,BUY,55,4.35,True
AMZN,2023-12-14,10,BUY,55,3.07,True
AMZN,2023-12-14,20,BUY,55,3.89,True
AMZN,2023-12-15,5,BUY,55,2.3,True
AMZN,2023-12-15,10,BUY,55,-0.03,False
AMZN,2023-12-15,20,BUY,55,1.16,True
AMZN,2023-12-18,5,BUY,55,-0.43,False
AMZN,2023-12-18,10,BUY,55,-3.63,False
AMZN,2023-12-18,20,BUY,55,-0.37,False
AMZN,2023-12-19,5,BUY,55,-0.29,False
AMZN,2023-12-19,10,BUY,55,-6.0,False
AMZN,2023-12-19,20,BUY,55,1.01,True
AMZN,2023-12-20,5,BUY,55,0.83,True
AMZN,2023-12-20,10,BUY,55,-4.52,False
AMZN,2023-12-20,20,BUY,55,1.75,True
AMZN,2023-12-21,5,BUY,55,-1.24,False
AMZN,2023-12-21,10,BUY,55,-3.08,False
AMZN,2023-12-21,20,BUY,55,1.42,True
AMZN,2023-12-22,5,BUY,55,-2.27,False
AMZN,2023-12-22,10,BUY,55,-1.34,False
AMZN,2023-12-22,20,BUY,55,2.25,True
AMZN,2023-12-26,5,BUY,55,-3.22,False
AMZN,2023-12-26,10,BUY,55,0.21,True
AMZN,2023-12-26,20,BUY,55,2.83,True
AMZN,2023-12-27,5,SELL,55,-5.72,True
AMZN,2023-12-27,10,SELL,55,1.2,False
AMZN,2023-12-27,20,SELL,55,3.77,False
AMZN,2023-12-28,5,SELL,55,-5.31,True
AMZN,2023-12-28,10,SELL,55,0.81,False
AMZN,2023-12-28,20,SELL,55,5.14,False
AMZN,2023-12-29,5,BUY,55,-1.87,False
AMZN,2023-12-29,10,BUY,55,0.8,True
AMZN,2023-12-29,20,BUY,55,4.65,True
AMZN,2024-01-02,5,BUY,55,0.96,True
AMZN,2024-01-02,10,BUY,55,1.19,True
AMZN,2024-01-02,20,BUY,55,3.51,True
AMZN,2024-01-03,5,BUY,55,3.54,True
AMZN,2024-01-03,10,BUY,55,3.39,True
AMZN,2024-01-03,20,BUY,55,7.28,True
AMZN,2024-01-04,5,BUY,55,7.34,True
AMZN,2024-01-04,10,BUY,55,7.45,True
AMZN,2024-01-04,20,BUY,55,18.84,True
AMZN,2024-01-05,5,BUY,55,6.46,True
AMZN,2024-01-05,10,BUY,55,6.57,True
AMZN,2024-01-05,20,BUY,55,17.26,True
AMZN,2024-01-08,5,BUY,55,2.72,True
AMZN,2024-01-08,10,BUY,55,4.64,True
AMZN,2024-01-08,20,BUY,55,13.45,True
AMZN,2024-01-09,5,BUY,55,0.22,True
AMZN,2024-01-09,10,BUY,55,3.63,True
AMZN,2024-01-09,20,BUY,55,12.66,True
AMZN,2024-01-10,5,BUY,55,-0.15,False
AMZN,2024-01-10,10,BUY,55,2.61,True
AMZN,2024-01-10,20,BUY,55,10.48,True
AMZN,2024-01-11,5,BUY,55,0.1,True
AMZN,2024-01-11,10,BUY,55,2.54,True
AMZN,2024-01-11,20,BUY,55,12.42,True
AMZN,2024-01-12,5,BUY,55,0.1,True
AMZN,2024-01-12,10,BUY,55,4.29,True
AMZN,2024-01-12,20,BUY,55,11.46,True
AMZN,2024-01-16,5,BUY,55,1.87,True
AMZN,2024-01-16,10,BUY,55,3.81,True
AMZN,2024-01-16,20,BUY,55,10.11,True
AMZN,2024-01-17,5,BUY,55,3.4,True
AMZN,2024-01-17,10,BUY,55,2.3,True
AMZN,2024-01-17,20,BUY,55,12.7,True
AMZN,2024-01-18,5,BUY,55,2.77,True
AMZN,2024-01-18,10,BUY,55,3.77,True
AMZN,2024-01-18,20,BUY,55,10.62,True
AMZN,2024-01-19,5,BUY,55,2.43,True
AMZN,2024-01-19,10,BUY,55,10.6,True
AMZN,2024-01-19,20,BUY,55,9.12,True
AMZN,2024-01-22,5,BUY,55,4.19,True
AMZN,2024-01-22,10,BUY,55,10.03,True
AMZN,2024-01-22,20,BUY,55,7.95,True
AMZN,2024-01-23,5,BUY,55,1.91,True
AMZN,2024-01-23,10,BUY,55,8.42,True
AMZN,2024-01-23,20,BUY,55,8.06,True
AMZN,2024-01-24,5,BUY,55,-1.06,False
AMZN,2024-01-24,10,BUY,55,8.71,True
AMZN,2024-01-24,20,BUY,55,11.29,True
AMZN,2024-01-25,5,SELL,55,0.97,False
AMZN,2024-01-25,10,SELL,55,7.66,False
AMZN,2024-01-25,20,SELL,55,10.93,False
AMZN,2024-01-26,5,SELL,55,7.98,False
AMZN,2024-01-26,10,SELL,55,9.63,False
AMZN,2024-01-26,20,SELL,55,9.81,False
AMZN,2024-01-29,5,SELL,55,5.61,False
AMZN,2024-01-29,10,SELL,55,6.87,False
AMZN,2024-01-29,20,SELL,55,7.62,False
AMZN,2024-01-30,5,BUY,55,6.38,True
AMZN,2024-01-30,10,BUY,55,6.06,True
AMZN,2024-01-30,20,BUY,55,8.91,True
AMZN,2024-01-31,5,BUY,55,9.88,True
AMZN,2024-01-31,10,BUY,55,10.17,True
AMZN,2024-01-31,20,BUY,55,13.89,True
AMZN,2024-02-01,5,BUY,55,6.63,True
AMZN,2024-02-01,10,BUY,55,6.6,True
AMZN,2024-02-01,20,BUY,55,11.89,True
AMZN,2024-02-02,5,BUY,55,1.54,True
AMZN,2024-02-02,10,BUY,55,-1.34,False
AMZN,2024-02-02,20,BUY,55,3.36,True
AMZN,2024-02-05,5,BUY,55,1.19,True
AMZN,2024-02-05,10,BUY,55,-1.9,False
AMZN,2024-02-05,20,BUY,55,2.24,True
AMZN,2024-02-06,5,BUY,55,-0.3,False
AMZN,2024-02-06,10,BUY,55,-0.33,False
AMZN,2024-02-06,20,BUY,55,2.58,True
AMZN,2024-02-07,5,BUY,55,0.26,True
AMZN,2024-02-07,10,BUY,55,2.37,True
AMZN,2024-02-07,20,BUY,55,3.69,True
AMZN,2024-02-08,5,BUY,55,-0.02,False
AMZN,2024-02-08,10,BUY,55,3.03,True
AMZN,2024-02-08,20,BUY,55,3.24,True
AMZN,2024-02-09,5,BUY,55,-2.83,False
AMZN,2024-02-09,10,BUY,55,0.16,True
AMZN,2024-02-09,20,BUY,55,-1.43,False
AMZN,2024-02-12,5,BUY,55,-3.05,False
AMZN,2024-02-12,10,BUY,55,0.7,True
AMZN,2024-02-12,20,BUY,55,1.77,True
AMZN,2024-02-13,5,BUY,55,-0.03,False
AMZN,2024-02-13,10,BUY,55,2.68,True
AMZN,2024-02-13,20,BUY,55,4.7,True
AMZN,2024-02-14,5,BUY,55,2.11,True
AMZN,2024-02-14,10,BUY,55,3.38,True
AMZN,2024-02-14,20,BUY,55,4.54,True
AMZN,2024-02-15,5,BUY,55,3.06,True
AMZN,2024-02-15,10,BUY,55,4.96,True
AMZN,2024-02-15,20,BUY,55,2.72,True
AMZN,2024-02-16,5,BUY,55,3.08,True
AMZN,2024-02-16,10,BUY,55,4.76,True
AMZN,2024-02-16,20,BUY,55,2.93,True
AMZN,2024-02-20,5,BUY,55,3.87,True
AMZN,2024-02-20,10,BUY,55,4.21,True
AMZN,2024-02-20,20,BUY,55,5.28,True
AMZN,2024-02-21,5,BUY,55,2.71,True
AMZN,2024-02-21,10,BUY,55,2.92,True
AMZN,2024-02-21,20,BUY,55,5.67,True
AMZN,2024-02-22,5,BUY,55,1.25,True
AMZN,2024-02-22,10,BUY,55,1.28,True
AMZN,2024-02-22,20,BUY,55,2.04,True
AMZN,2024-02-23,5,BUY,55,1.85,True
AMZN,2024-02-23,10,BUY,55,0.21,True
AMZN,2024-02-23,20,BUY,55,2.22,True
AMZN,2024-02-26,5,BUY,55,1.63,True
AMZN,2024-02-26,10,BUY,55,-1.59,False
AMZN,2024-02-26,20,BUY,55,2.85,True
AMZN,2024-02-27,5,BUY,55,0.33,True
AMZN,2024-02-27,10,BUY,55,1.07,True
AMZN,2024-02-27,20,BUY,55,2.74,True
AMZN,2024-02-28,5,BUY,55,0.2,True
AMZN,2024-02-28,10,BUY,55,1.96,True
AMZN,2024-02-28,20,BUY,55,3.85,True
AMZN,2024-02-29,5,BUY,55,0.03,True
AMZN,2024-02-29,10,BUY,55,1.13,True
AMZN,2024-02-29,20,BUY,55,2.05,True
AMZN,2024-03-01,5,BUY,55,-1.61,False
AMZN,2024-03-01,10,BUY,55,-2.13,False
AMZN,2024-03-01,20,BUY,55,1.54,True
AMZN,2024-03-04,5,BUY,55,-3.16,False
AMZN,2024-03-04,10,BUY,55,-1.75,False
AMZN,2024-03-04,20,BUY,55,1.75,True
AMZN,2024-03-05,5,BUY,55,0.73,True
AMZN,2024-03-05,10,BUY,55,1.02,True
AMZN,2024-03-05,20,BUY,55,4.76,True
AMZN,2024-03-06,5,BUY,55,1.76,True
AMZN,2024-03-06,10,BUY,55,2.67,True
AMZN,2024-03-06,20,BUY,55,3.74,True
AMZN,2024-03-07,5,BUY,55,1.09,True
AMZN,2024-03-07,10,BUY,55,0.75,True
AMZN,2024-03-07,20,BUY,55,4.67,True
AMZN,2024-03-08,5,BUY,55,-0.53,False
AMZN,2024-03-08,10,BUY,55,2.01,True
AMZN,2024-03-08,20,BUY,55,5.61,True
AMZN,2024-03-11,5,BUY,55,1.47,True
AMZN,2024-03-11,10,BUY,55,4.51,True
AMZN,2024-03-11,20,BUY,55,7.97,True
AMZN,2024-03-12,5,BUY,55,0.29,True
AMZN,2024-03-12,10,BUY,55,1.66,True
AMZN,2024-03-12,20,BUY,55,6.02,True
AMZN,2024-03-13,5,BUY,55,0.9,True
AMZN,2024-03-13,10,BUY,55,1.85,True
AMZN,2024-03-13,20,BUY,55,7.07,True
AMZN,2024-03-14,5,BUY,55,-0.34,False
AMZN,2024-03-14,10,BUY,55,0.91,True
AMZN,2024-03-14,20,BUY,55,4.13,True
AMZN,2024-03-15,5,BUY,55,2.55,True
AMZN,2024-03-15,10,BUY,55,3.76,True
AMZN,2024-03-15,20,BUY,55,5.27,True
AMZN,2024-03-18,5,BUY,55,3.0,True
AMZN,2024-03-18,10,BUY,55,3.56,True
AMZN,2024-03-18,20,BUY,55,5.07,True
AMZN,2024-03-19,5,BUY,55,1.36,True
AMZN,2024-03-19,10,BUY,55,3.7,True
AMZN,2024-03-19,20,BUY,55,3.06,True
AMZN,2024-03-20,5,BUY,55,0.94,True
AMZN,2024-03-20,10,BUY,55,1.04,True
AMZN,2024-03-20,20,BUY,55,0.6,True
AMZN,2024-03-21,5,BUY,55,1.25,True
AMZN,2024-03-21,10,BUY,55,3.88,True
AMZN,2024-03-21,20,BUY,55,-1.98,False
AMZN,2024-03-22,5,BUY,55,1.17,True
AMZN,2024-03-22,10,BUY,55,3.53,True
AMZN,2024-03-22,20,BUY,55,-0.92,False
AMZN,2024-03-25,5,BUY,55,0.55,True
AMZN,2024-03-25,10,BUY,55,3.32,True
AMZN,2024-03-25,20,BUY,55,-0.09,False
AMZN,2024-03-26,5,BUY,55,2.31,True
AMZN,2024-03-26,10,BUY,55,4.29,True
AMZN,2024-03-26,20,BUY,55,-0.96,False
AMZN,2024-03-27,5,BUY,55,0.09,True
AMZN,2024-03-27,10,BUY,55,5.13,True
AMZN,2024-03-27,20,BUY,55,-3.43,False
AMZN,2024-03-28,5,BUY,55,2.6,True
AMZN,2024-03-28,10,BUY,55,3.19,True
AMZN,2024-03-28,20,BUY,55,-0.42,False
AMZN,2024-04-01,5,SELL,55,2.33,False
AMZN,2024-04-01,10,SELL,55,1.46,False
AMZN,2024-04-01,20,SELL,55,-0.01,True
AMZN,2024-04-02,5,BUY,55,2.76,True
AMZN,2024-04-02,10,BUY,55,1.46,True
AMZN,2024-04-02,20,BUY,55,-3.15,False
AMZN,2024-04-03,5,BUY,55,1.94,True
AMZN,2024-04-03,10,BUY,55,-0.62,False
AMZN,2024-04-03,20,BUY,55,-1.87,False
AMZN,2024-04-04,5,BUY,55,5.03,True
AMZN,2024-04-04,10,BUY,55,-0.43,False
AMZN,2024-04-04,20,BUY,55,2.62,True
AMZN,2024-04-05,5,BUY,55,0.57,True
AMZN,2024-04-05,10,BUY,55,-5.64,False
AMZN,2024-04-05,20,BUY,55,0.62,True
AMZN,2024-04-08,5,SELL,55,-0.85,True
AMZN,2024-04-08,10,SELL,55,-4.3,True
AMZN,2024-04-08,20,SELL,55,1.9,False
AMZN,2024-04-09,5,SELL,55,-1.27,True
AMZN,2024-04-09,10,SELL,55,-3.3,True
AMZN,2024-04-09,20,SELL,55,1.66,False
AMZN,2024-04-10,5,BUY,55,-2.51,False
AMZN,2024-04-10,10,BUY,55,-5.03,False
AMZN,2024-04-10,20,BUY,55,1.1,True
AMZN,2024-04-11,5,SELL,55,-5.2,True
AMZN,2024-04-11,10,SELL,55,-8.14,True
AMZN,2024-04-11,20,SELL,55,0.24,False
AMZN,2024-04-12,5,BUY,55,-6.18,False
AMZN,2024-04-12,10,BUY,55,-3.5,False
AMZN,2024-04-12,20,BUY,55,0.73,True
AMZN,2024-04-15,5,BUY,55,-3.48,False
AMZN,2024-04-15,10,BUY,55,-1.45,False
AMZN,2024-04-15,20,BUY,55,1.61,True
AMZN,2024-04-16,5,BUY,55,-2.06,False
AMZN,2024-04-16,10,BUY,55,-4.54,False
AMZN,2024-04-16,20,BUY,55,2.05,True
AMZN,2024-04-17,5,BUY,55,-2.59,False
AMZN,2024-04-17,10,BUY,55,-1.26,False
AMZN,2024-04-17,20,BUY,55,2.6,True
AMZN,2024-04-18,5,BUY,55,-3.1,False
AMZN,2024-04-18,10,BUY,55,3.07,True
AMZN,2024-04-18,20,BUY,55,2.46,True
AMZN,2024-04-19,5,BUY,55,2.86,True
AMZN,2024-04-19,10,BUY,55,6.63,True
AMZN,2024-04-19,20,BUY,55,5.77,True
AMZN,2024-04-22,5,BUY,55,2.1,True
AMZN,2024-04-22,10,BUY,55,6.47,True
AMZN,2024-04-22,20,BUY,55,3.56,True
AMZN,2024-04-23,5,BUY,55,-2.53,False
AMZN,2024-04-23,10,BUY,55,5.14,True
AMZN,2024-04-23,20,BUY,55,2.01,True
AMZN,2024-04-24,5,BUY,55,1.36,True
AMZN,2024-04-24,10,BUY,55,6.46,True
AMZN,2024-04-24,20,BUY,55,3.7,True
AMZN,2024-04-25,5,BUY,55,6.36,True
AMZN,2024-04-25,10,BUY,55,9.11,True
AMZN,2024-04-25,20,BUY,55,4.25,True
AMZN,2024-04-26,5,BUY,55,3.67,True
AMZN,2024-04-26,10,BUY,55,4.38,True
AMZN,2024-04-26,20,BUY,55,0.63,True
AMZN,2024-04-29,5,BUY,55,4.28,True
AMZN,2024-04-29,10,BUY,55,3.1,True
AMZN,2024-04-29,20,BUY,55,0.66,True
AMZN,2024-04-30,5,BUY,55,7.86,True
AMZN,2024-04-30,10,BUY,55,6.9,True
AMZN,2024-04-30,20,BUY,55,4.01,True
AMZN,2024-05-01,5,BUY,55,5.03,True
AMZN,2024-05-01,10,BUY,55,3.91,True
AMZN,2024-05-01,20,BUY,55,0.18,True
AMZN,2024-05-02,5,BUY,55,2.59,True
AMZN,2024-05-02,10,BUY,55,-0.59,False
AMZN,2024-05-02,20,BUY,55,-4.48,False
AMZN,2024-05-03,5,BUY,55,0.68,True
AMZN,2024-05-03,10,BUY,55,-0.81,False
AMZN,2024-05-03,20,BUY,55,-4.23,False
AMZN,2024-05-06,5,BUY,55,-1.13,False
AMZN,2024-05-06,10,BUY,55,-2.73,False
AMZN,2024-05-06,20,BUY,55,-4.96,False
AMZN,2024-05-07,5,BUY,55,-0.9,False
AMZN,2024-05-07,10,BUY,55,-2.97,False
AMZN,2024-05-07,20,BUY,55,-3.96,False
AMZN,2024-05-08,5,BUY,55,-1.07,False
AMZN,2024-05-08,10,BUY,55,-2.59,False
AMZN,2024-05-08,20,BUY,55,-1.6,False
AMZN,2024-05-09,5,BUY,55,-3.1,False
AMZN,2024-05-09,10,BUY,55,-4.46,False
AMZN,2024-05-09,20,BUY,55,-2.74,False
AMZN,2024-05-10,5,BUY,55,-1.48,False
AMZN,2024-05-10,10,BUY,55,-3.59,False
AMZN,2024-05-10,20,BUY,55,-0.22,False
AMZN,2024-05-13,5,BUY,55,-1.62,False
AMZN,2024-05-13,10,BUY,55,-2.37,False
AMZN,2024-05-13,20,BUY,55,0.35,True
AMZN,2024-05-14,5,BUY,55,-2.1,False
AMZN,2024-05-14,10,BUY,55,-2.7,False
AMZN,2024-05-14,20,BUY,55,-0.1,False
AMZN,2024-05-15,5,BUY,55,-1.54,False
AMZN,2024-05-15,10,BUY,55,-3.59,False
AMZN,2024-05-15,20,BUY,55,-1.16,False
AMZN,2024-05-16,5,BUY,55,-1.41,False
AMZN,2024-05-16,10,BUY,55,-3.92,False
AMZN,2024-05-16,20,BUY,55,0.02,True
AMZN,2024-05-17,5,BUY,55,-2.14,False
AMZN,2024-05-17,10,BUY,55,-3.44,False
AMZN,2024-05-17,20,BUY,55,-0.35,False
AMZN,2024-05-20,5,BUY,55,-0.76,False
AMZN,2024-05-20,10,BUY,55,-2.29,False
AMZN,2024-05-20,20,BUY,55,-0.4,False
AMZN,2024-05-21,5,BUY,55,-0.62,False
AMZN,2024-05-21,10,BUY,55,-1.02,False
AMZN,2024-05-21,20,BUY,55,1.61,True
AMZN,2024-05-22,5,BUY,55,-2.08,False
AMZN,2024-05-22,10,BUY,55,1.02,True
AMZN,2024-05-22,20,BUY,55,3.25,True
AMZN,2024-05-23,5,BUY,55,-2.55,False
AMZN,2024-05-23,10,BUY,55,1.8,True
AMZN,2024-05-23,20,BUY,55,2.5,True
AMZN,2024-05-24,5,BUY,55,-1.33,False
AMZN,2024-05-24,10,BUY,55,3.49,True
AMZN,2024-05-24,20,BUY,55,3.09,True
AMZN,2024-05-28,5,BUY,55,-1.54,False
AMZN,2024-05-28,10,BUY,55,2.79,True
AMZN,2024-05-28,20,BUY,55,6.29,True
AMZN,2024-05-29,5,BUY,55,-0.41,False
AMZN,2024-05-29,10,BUY,55,2.68,True
AMZN,2024-05-29,20,BUY,55,8.7,True
AMZN,2024-05-30,5,BUY,55,3.17,True
AMZN,2024-05-30,10,BUY,55,2.52,True
AMZN,2024-05-30,20,BUY,55,7.77,True
AMZN,2024-05-31,5,BUY,55,4.45,True
AMZN,2024-05-31,10,BUY,55,4.09,True
AMZN,2024-05-31,20,BUY,55,11.77,True
AMZN,2024-06-03,5,BUY,55,4.89,True
AMZN,2024-06-03,10,BUY,55,3.21,True
AMZN,2024-06-03,20,BUY,55,12.15,True
AMZN,2024-06-04,5,BUY,55,4.4,True
AMZN,2024-06-04,10,BUY,55,1.93,True
AMZN,2024-06-04,20,BUY,55,10.18,True
AMZN,2024-06-05,5,BUY,55,3.09,True
AMZN,2024-06-05,10,BUY,55,2.66,True
AMZN,2024-06-05,20,BUY,55,10.33,True
AMZN,2024-06-06,5,BUY,55,-0.63,False
AMZN,2024-06-06,10,BUY,55,2.21,True
AMZN,2024-06-06,20,BUY,55,7.72,True
AMZN,2024-06-07,5,BUY,55,-0.35,False
AMZN,2024-06-07,10,BUY,55,0.69,True
AMZN,2024-06-07,20,BUY,55,8.16,True
AMZN,2024-06-10,5,BUY,55,-1.6,False
AMZN,2024-06-10,10,BUY,55,-0.38,False
AMZN,2024-06-10,20,BUY,55,6.81,True
AMZN,2024-06-12,5,BUY,55,-0.42,False
AMZN,2024-06-12,10,BUY,55,5.86,True
AMZN,2024-06-12,20,BUY,55,4.07,True
AMZN,2024-06-13,5,BUY,55,2.86,True
AMZN,2024-06-13,10,BUY,55,5.12,True
AMZN,2024-06-13,20,BUY,55,4.84,True
AMZN,2024-06-14,5,BUY,55,1.04,True
AMZN,2024-06-14,10,BUY,55,7.37,True
AMZN,2024-06-14,20,BUY,55,5.1,True
AMZN,2024-06-17,5,BUY,55,1.24,True
AMZN,2024-06-17,10,BUY,55,8.66,True
AMZN,2024-06-17,20,BUY,55,2.1,True
AMZN,2024-06-18,5,BUY,55,5.91,True
AMZN,2024-06-18,10,BUY,55,8.08,True
AMZN,2024-06-18,20,BUY,55,0.51,True
AMZN,2024-06-20,5,BUY,55,6.31,True
AMZN,2024-06-20,10,BUY,55,7.47,True
AMZN,2024-06-20,20,BUY,55,-1.6,False
AMZN,2024-06-24,5,BUY,55,6.27,True
AMZN,2024-06-24,10,BUY,55,7.42,True
AMZN,2024-06-24,20,BUY,55,0.45,True
AMZN,2024-06-25,5,BUY,55,7.33,True
AMZN,2024-06-25,10,BUY,55,7.22,True
AMZN,2024-06-25,20,BUY,55,-2.96,False
AMZN,2024-06-26,5,BUY,55,2.06,True
AMZN,2024-06-26,10,BUY,55,0.74,True
AMZN,2024-06-26,20,BUY,55,-7.11,False
AMZN,2024-06-27,5,BUY,55,1.09,True
AMZN,2024-06-27,10,BUY,55,-1.7,False
AMZN,2024-06-27,20,BUY,55,-7.76,False
AMZN,2024-06-28,5,BUY,55,3.13,True
AMZN,2024-06-28,10,BUY,55,-0.27,False
AMZN,2024-06-28,20,BUY,55,-5.2,False
AMZN,2024-07-01,5,BUY,55,1.09,True
AMZN,2024-07-01,10,BUY,55,-2.12,False
AMZN,2024-07-01,20,BUY,55,-7.85,False
AMZN,2024-07-02,5,BUY,55,-0.11,False
AMZN,2024-07-02,10,BUY,55,-6.04,False
AMZN,2024-07-02,20,BUY,55,-6.51,False
AMZN,2024-07-03,5,BUY,55,-1.29,False
AMZN,2024-07-03,10,BUY,55,-7.0,False
AMZN,2024-07-03,20,BUY,55,-6.84,False
AMZN,2024-07-05,5,BUY,55,-2.75,False
AMZN,2024-07-05,10,BUY,55,-8.43,False
AMZN,2024-07-05,20,BUY,55,-16.05,False
AMZN,2024-07-08,5,BUY,55,-3.3,False
AMZN,2024-07-08,10,BUY,55,-8.4,False
AMZN,2024-07-08,20,BUY,55,-19.2,False
AMZN,2024-07-09,5,BUY,55,-3.17,False
AMZN,2024-07-09,10,BUY,55,-6.49,False
AMZN,2024-07-09,20,BUY,55,-18.77,False
AMZN,2024-07-10,5,BUY,55,-5.94,False
AMZN,2024-07-10,10,BUY,55,-9.49,False
AMZN,2024-07-10,20,BUY,55,-18.53,False
AMZN,2024-07-11,5,BUY,55,-5.79,False
AMZN,2024-07-11,10,BUY,55,-7.79,False
AMZN,2024-07-11,20,BUY,55,-15.0,False
AMZN,2024-07-12,5,BUY,55,-5.84,False
AMZN,2024-07-12,10,BUY,55,-6.16,False
AMZN,2024-07-12,20,BUY,55,-14.17,False
AMZN,2024-07-15,5,BUY,55,-5.28,False
AMZN,2024-07-15,10,BUY,55,-4.94,False
AMZN,2024-07-15,20,BUY,55,-13.45,False
AMZN,2024-07-16,5,BUY,55,-3.42,False
AMZN,2024-07-16,10,BUY,55,-5.86,False
AMZN,2024-07-16,20,BUY,55,-11.81,False
AMZN,2024-07-17,5,BUY,55,-3.78,False
AMZN,2024-07-17,10,BUY,55,-0.51,False
AMZN,2024-07-17,20,BUY,55,-9.49,False
AMZN,2024-07-18,5,BUY,55,-2.12,False
AMZN,2024-07-18,10,BUY,55,0.17,True
AMZN,2024-07-18,20,BUY,55,-3.35,False
AMZN,2024-07-19,5,BUY,55,-0.34,False
AMZN,2024-07-19,10,BUY,55,-8.32,False
AMZN,2024-07-19,20,BUY,55,-3.31,False
AMZN,2024-07-22,5,BUY,55,0.36,True
AMZN,2024-07-22,10,BUY,55,-11.79,False
AMZN,2024-07-22,20,BUY,55,-2.37,False
AMZN,2024-07-23,5,BUY,55,-2.52,False
AMZN,2024-07-23,10,BUY,55,-13.13,False
AMZN,2024-07-23,20,BUY,55,-4.04,False
AMZN,2024-07-24,5,BUY,55,3.4,True
AMZN,2024-07-24,10,BUY,55,-9.99,False
AMZN,2024-07-24,20,BUY,55,-0.4,False
AMZN,2024-07-25,5,BUY,55,2.35,True
AMZN,2024-07-25,10,BUY,55,-7.81,False
AMZN,2024-07-25,20,BUY,55,-2.07,False
AMZN,2024-07-26,5,BUY,55,-8.0,False
AMZN,2024-07-26,10,BUY,55,-8.53,False
AMZN,2024-07-26,20,BUY,55,-2.99,False
AMZN,2024-07-29,5,BUY,55,-12.11,False
AMZN,2024-07-29,10,BUY,55,-8.95,False
AMZN,2024-07-29,20,BUY,55,-4.2,False
AMZN,2024-07-30,5,BUY,55,-10.89,False
AMZN,2024-07-30,10,BUY,55,-6.32,False
AMZN,2024-07-30,20,BUY,55,-4.73,False
AMZN,2024-07-31,5,BUY,55,-12.95,False
AMZN,2024-07-31,10,BUY,55,-9.03,False
AMZN,2024-07-31,20,BUY,55,-8.65,False
AMZN,2024-08-01,5,BUY,55,-9.93,False
AMZN,2024-08-01,10,BUY,55,-3.52,False
AMZN,2024-08-01,20,BUY,55,-6.49,False
AMZN,2024-08-02,5,BUY,55,-0.57,False
AMZN,2024-08-02,10,BUY,55,5.46,True
AMZN,2024-08-02,20,BUY,55,6.31,True
AMZN,2024-08-06,5,BUY,55,5.13,True
AMZN,2024-08-06,10,BUY,55,10.47,True
AMZN,2024-08-06,20,BUY,55,7.04,True
AMZN,2024-08-07,5,BUY,55,4.5,True
AMZN,2024-08-07,10,BUY,55,10.65,True
AMZN,2024-08-07,20,BUY,55,9.29,True
AMZN,2024-08-08,5,BUY,55,7.11,True
AMZN,2024-08-08,10,BUY,55,6.23,True
AMZN,2024-08-08,20,BUY,55,3.37,True
AMZN,2024-08-09,5,BUY,55,6.06,True
AMZN,2024-08-09,10,BUY,55,6.05,True
AMZN,2024-08-09,20,BUY,55,5.07,True
AMZN,2024-08-12,5,BUY,55,6.85,True
AMZN,2024-08-12,10,BUY,55,5.22,True
AMZN,2024-08-12,20,BUY,55,7.64,True
AMZN,2024-08-13,5,BUY,55,5.08,True
AMZN,2024-08-13,10,BUY,55,1.7,True
AMZN,2024-08-13,20,BUY,55,8.39,True
AMZN,2024-08-14,5,BUY,55,5.88,True
AMZN,2024-08-14,10,BUY,55,0.41,True
AMZN,2024-08-14,20,BUY,55,9.94,True
AMZN,2024-08-15,5,BUY,55,-0.82,False
AMZN,2024-08-15,10,BUY,55,-3.08,False
AMZN,2024-08-15,20,BUY,55,5.01,True
AMZN,2024-08-16,5,BUY,55,-0.01,False
AMZN,2024-08-16,10,BUY,55,0.81,True
AMZN,2024-08-16,20,BUY,55,4.42,True
AMZN,2024-08-19,5,BUY,55,-1.53,False
AMZN,2024-08-19,10,BUY,55,-1.11,False
AMZN,2024-08-19,20,BUY,55,4.86,True
AMZN,2024-08-20,5,BUY,55,-3.22,False
AMZN,2024-08-20,10,BUY,55,-3.1,False
AMZN,2024-08-20,20,BUY,55,4.22,True
AMZN,2024-08-21,5,BUY,55,-5.17,False
AMZN,2024-08-21,10,BUY,55,-1.23,False
AMZN,2024-08-21,20,BUY,55,5.42,True
AMZN,2024-08-22,5,BUY,55,-2.28,False
AMZN,2024-08-22,10,BUY,55,-2.69,False
AMZN,2024-08-22,20,BUY,55,8.78,True
AMZN,2024-08-23,5,SELL,55,0.82,False
AMZN,2024-08-23,10,SELL,55,-0.93,True
AMZN,2024-08-23,20,SELL,55,9.51,False
AMZN,2024-08-26,5,SELL,55,0.43,False
AMZN,2024-08-26,10,SELL,55,2.31,False
AMZN,2024-08-26,20,SELL,55,10.52,False
AMZN,2024-08-27,5,SELL,55,0.12,False
AMZN,2024-08-27,10,SELL,55,6.59,False
AMZN,2024-08-27,20,SELL,55,11.21,False
AMZN,2024-08-28,5,BUY,55,4.15,True
AMZN,2024-08-28,10,BUY,55,9.48,True
AMZN,2024-08-28,20,BUY,55,11.92,True
AMZN,2024-08-29,5,BUY,55,-0.42,False
AMZN,2024-08-29,10,BUY,55,8.35,True
AMZN,2024-08-29,20,BUY,55,9.21,True
AMZN,2024-08-30,5,BUY,55,-1.74,False
AMZN,2024-08-30,10,BUY,55,3.58,True
AMZN,2024-08-30,20,BUY,55,4.39,True
AMZN,2024-09-03,5,BUY,55,1.87,True
AMZN,2024-09-03,10,BUY,55,6.03,True
AMZN,2024-09-03,20,BUY,55,5.04,True
AMZN,2024-09-04,5,BUY,55,6.46,True
AMZN,2024-09-04,10,BUY,55,7.56,True
AMZN,2024-09-04,20,BUY,55,6.59,True
AMZN,2024-09-05,5,BUY,55,5.12,True
AMZN,2024-09-05,10,BUY,55,6.73,True
AMZN,2024-09-05,20,BUY,55,2.29,True
AMZN,2024-09-06,5,BUY,55,8.81,True
AMZN,2024-09-06,10,BUY,55,11.79,True
AMZN,2024-09-06,20,BUY,55,8.82,True
AMZN,2024-09-09,5,BUY,55,5.41,True
AMZN,2024-09-09,10,BUY,55,10.54,True
AMZN,2024-09-09,20,BUY,55,3.08,True
AMZN,2024-09-10,5,BUY,55,4.08,True
AMZN,2024-09-10,10,BUY,55,8.03,True
AMZN,2024-09-10,20,BUY,55,1.77,True
AMZN,2024-09-11,5,BUY,55,1.04,True
AMZN,2024-09-11,10,BUY,55,4.34,True
AMZN,2024-09-11,20,BUY,55,0.35,True
AMZN,2024-09-12,5,BUY,55,1.53,True
AMZN,2024-09-12,10,BUY,55,2.22,True
AMZN,2024-09-12,20,BUY,55,-0.19,False
AMZN,2024-09-13,5,BUY,55,2.74,True
AMZN,2024-09-13,10,BUY,55,0.79,True
AMZN,2024-09-13,20,BUY,55,1.25,True
AMZN,2024-09-16,5,BUY,55,4.86,True
AMZN,2024-09-16,10,BUY,55,0.78,True
AMZN,2024-09-16,20,BUY,55,1.43,True
AMZN,2024-09-17,5,BUY,55,3.79,True
AMZN,2024-09-17,10,BUY,55,-0.94,False
AMZN,2024-09-17,20,BUY,55,0.43,True
AMZN,2024-09-18,5,BUY,55,3.27,True
AMZN,2024-09-18,10,BUY,55,-0.9,False
AMZN,2024-09-18,20,BUY,55,0.25,True
AMZN,2024-09-20,5,BUY,55,-1.89,False
AMZN,2024-09-20,10,BUY,55,-2.66,False
AMZN,2024-09-20,20,BUY,55,-1.36,False
AMZN,2024-09-23,5,BUY,55,-3.89,False
AMZN,2024-09-23,10,BUY,55,-6.75,False
AMZN,2024-09-23,20,BUY,55,-2.48,False
AMZN,2024-09-24,5,BUY,55,-4.55,False
AMZN,2024-09-24,10,BUY,55,-5.8,False
AMZN,2024-09-24,20,BUY,55,-2.2,False
AMZN,2024-09-25,5,BUY,55,-4.04,False
AMZN,2024-09-25,10,BUY,55,-3.82,False
AMZN,2024-09-25,20,BUY,55,-4.06,False
AMZN,2024-09-26,5,SELL,55,-4.81,True
AMZN,2024-09-26,10,SELL,55,-2.36,True
AMZN,2024-09-26,20,SELL,55,-2.5,True
AMZN,2024-09-27,5,BUY,55,-0.78,False
AMZN,2024-09-27,10,BUY,55,0.45,True
AMZN,2024-09-27,20,BUY,55,-0.07,False
AMZN,2024-09-30,5,BUY,55,-2.97,False
AMZN,2024-09-30,10,BUY,55,0.65,True
AMZN,2024-09-30,20,BUY,55,1.11,True
AMZN,2024-10-01,5,BUY,55,-1.3,False
AMZN,2024-10-01,10,BUY,55,1.38,True
AMZN,2024-10-01,20,BUY,55,3.08,True
AMZN,2024-10-02,5,BUY,55,0.22,True
AMZN,2024-10-02,10,BUY,55,1.15,True
AMZN,2024-10-02,20,BUY,55,4.31,True
AMZN,2024-10-03,5,BUY,55,2.58,True
AMZN,2024-10-03,10,BUY,55,3.06,True
AMZN,2024-10-03,20,BUY,55,2.44,True
AMZN,2024-10-04,5,BUY,55,1.24,True
AMZN,2024-10-04,10,BUY,55,1.33,True
AMZN,2024-10-04,20,BUY,55,6.12,True
AMZN,2024-10-07,5,BUY,55,3.73,True
AMZN,2024-10-07,10,BUY,55,4.57,True
AMZN,2024-10-07,20,BUY,55,8.29,True
AMZN,2024-10-08,5,BUY,55,2.72,True
AMZN,2024-10-08,10,BUY,55,3.82,True
AMZN,2024-10-08,20,BUY,55,9.18,True
AMZN,2024-10-09,5,BUY,55,0.93,True
AMZN,2024-10-09,10,BUY,55,-0.25,False
AMZN,2024-10-09,20,BUY,55,11.84,True
AMZN,2024-10-10,5,BUY,55,0.47,True
AMZN,2024-10-10,10,BUY,55,-0.14,False
AMZN,2024-10-10,20,BUY,55,12.54,True
AMZN,2024-10-11,5,BUY,55,0.09,True
AMZN,2024-10-11,10,BUY,55,-0.52,False
AMZN,2024-10-11,20,BUY,55,10.25,True
AMZN,2024-10-14,5,BUY,55,0.82,True
AMZN,2024-10-14,10,BUY,55,0.45,True
AMZN,2024-10-14,20,BUY,55,10.29,True
AMZN,2024-10-15,5,BUY,55,1.07,True
AMZN,2024-10-15,10,BUY,55,1.67,True
AMZN,2024-10-15,20,BUY,55,11.31,True
AMZN,2024-10-16,5,BUY,55,-1.17,False
AMZN,2024-10-16,10,BUY,55,3.12,True
AMZN,2024-10-16,20,BUY,55,14.56,True
AMZN,2024-10-17,5,BUY,55,-0.61,False
AMZN,2024-10-17,10,BUY,55,-0.6,False
AMZN,2024-10-17,20,BUY,55,12.77,True
AMZN,2024-10-18,5,BUY,55,-0.61,False
AMZN,2024-10-18,10,BUY,55,4.73,True
AMZN,2024-10-18,20,BUY,55,7.21,True
AMZN,2024-10-21,5,BUY,55,-0.36,False
AMZN,2024-10-21,10,BUY,55,3.55,True
AMZN,2024-10-21,20,BUY,55,6.68,True
AMZN,2024-10-22,5,BUY,55,0.6,True
AMZN,2024-10-22,10,BUY,55,5.17,True
AMZN,2024-10-22,20,BUY,55,7.86,True
AMZN,2024-10-23,5,BUY,55,4.34,True
AMZN,2024-10-23,10,BUY,55,12.12,True
AMZN,2024-10-23,20,BUY,55,9.84,True
AMZN,2024-10-24,5,BUY,55,0.01,True
AMZN,2024-10-24,10,BUY,55,12.7,True
AMZN,2024-10-24,20,BUY,55,6.44,True
AMZN,2024-10-25,5,BUY,55,5.38,True
AMZN,2024-10-25,10,BUY,55,10.83,True
AMZN,2024-10-25,20,BUY,55,4.95,True
AMZN,2024-10-28,5,BUY,55,3.92,True
AMZN,2024-10-28,10,BUY,55,9.79,True
AMZN,2024-10-28,20,BUY,55,6.93,True
AMZN,2024-10-29,5,BUY,55,4.54,True
AMZN,2024-10-29,10,BUY,55,9.47,True
AMZN,2024-10-29,20,BUY,55,8.92,True
AMZN,2024-10-30,5,BUY,55,7.45,True
AMZN,2024-10-30,10,BUY,55,11.09,True
AMZN,2024-10-30,20,BUY,55,6.75,True
AMZN,2024-10-31,5,BUY,55,12.69,True
AMZN,2024-10-31,10,BUY,55,13.45,True
AMZN,2024-10-31,20,BUY,55,11.53,True
AMZN,2024-11-01,5,BUY,55,5.18,True
AMZN,2024-11-01,10,BUY,55,2.36,True
AMZN,2024-11-01,20,BUY,55,6.46,True
AMZN,2024-11-04,5,BUY,55,5.65,True
AMZN,2024-11-04,10,BUY,55,3.02,True
AMZN,2024-11-04,20,BUY,55,9.02,True
AMZN,2024-11-05,5,BUY,55,4.72,True
AMZN,2024-11-05,10,BUY,55,2.56,True
AMZN,2024-11-05,20,BUY,55,9.35,True
AMZN,2024-11-06,5,BUY,55,3.39,True
AMZN,2024-11-06,10,BUY,55,-2.03,False
AMZN,2024-11-06,20,BUY,55,6.5,True
AMZN,2024-11-07,5,BUY,55,0.68,True
AMZN,2024-11-07,10,BUY,55,-5.56,False
AMZN,2024-11-07,20,BUY,55,8.08,True
AMZN,2024-11-08,5,BUY,55,-2.68,False
AMZN,2024-11-08,10,BUY,55,-5.31,False
AMZN,2024-11-08,20,BUY,55,8.6,True
AMZN,2024-11-11,5,BUY,55,-2.49,False
AMZN,2024-11-11,10,BUY,55,-2.61,False
AMZN,2024-11-11,20,BUY,55,8.8,True
AMZN,2024-11-12,5,BUY,55,-2.06,False
AMZN,2024-11-12,10,BUY,55,-0.5,False
AMZN,2024-11-12,20,BUY,55,10.22,True
AMZN,2024-11-13,5,BUY,55,-5.24,False
AMZN,2024-11-13,10,BUY,55,-3.9,False
AMZN,2024-11-13,20,BUY,55,6.95,True
AMZN,2024-11-14,5,BUY,55,-6.19,False
AMZN,2024-11-14,10,BUY,55,-1.7,False
AMZN,2024-11-14,20,BUY,55,7.56,True
AMZN,2024-11-15,5,BUY,55,-2.71,False
AMZN,2024-11-15,10,BUY,55,4.0,True
AMZN,2024-11-15,20,BUY,55,14.96,True
AMZN,2024-11-18,5,BUY,55,-0.12,False
AMZN,2024-11-18,10,BUY,55,5.82,True
AMZN,2024-11-18,20,BUY,55,14.6,True
AMZN,2024-11-19,5,BUY,55,1.59,True
AMZN,2024-11-19,10,BUY,55,6.62,True
AMZN,2024-11-19,20,BUY,55,7.78,True
AMZN,2024-11-20,5,BUY,55,1.41,True
AMZN,2024-11-20,10,BUY,55,8.71,True
AMZN,2024-11-20,20,BUY,55,10.06,True
AMZN,2024-11-21,5,BUY,55,4.79,True
AMZN,2024-11-21,10,BUY,55,14.44,True
AMZN,2024-11-21,20,BUY,55,13.38,True
AMZN,2024-11-22,5,BUY,55,6.89,True
AMZN,2024-11-22,10,BUY,55,14.7,True
AMZN,2024-11-22,20,BUY,55,14.17,True
AMZN,2024-11-25,5,BUY,55,5.95,True
AMZN,2024-11-25,10,BUY,55,11.71,True
AMZN,2024-11-25,20,BUY,55,13.7,True
AMZN,2024-11-26,5,BUY,55,4.96,True
AMZN,2024-11-26,10,BUY,55,10.78,True
AMZN,2024-11-26,20,BUY,55,9.23,True
AMZN,2024-11-27,5,BUY,55,7.2,True
AMZN,2024-11-27,10,BUY,55,11.29,True
AMZN,2024-11-27,20,BUY,55,8.75,True
AMZN,2024-11-29,5,BUY,55,9.21,True
AMZN,2024-11-29,10,BUY,55,9.41,True
AMZN,2024-11-29,20,BUY,55,6.45,True
AMZN,2024-12-02,5,BUY,55,7.3,True
AMZN,2024-12-02,10,BUY,55,10.55,True
AMZN,2024-12-02,20,BUY,55,4.12,True
AMZN,2024-12-03,5,BUY,55,5.43,True
AMZN,2024-12-03,10,BUY,55,8.3,True
AMZN,2024-12-03,20,BUY,55,3.18,True
AMZN,2024-12-04,5,BUY,55,5.55,True
AMZN,2024-12-04,10,BUY,55,1.08,True
AMZN,2024-12-04,20,BUY,55,2.76,True
AMZN,2024-12-05,5,BUY,55,3.82,True
AMZN,2024-12-05,10,BUY,55,1.24,True
AMZN,2024-12-05,20,BUY,55,3.2,True
AMZN,2024-12-06,5,SELL,55,0.19,False
AMZN,2024-12-06,10,SELL,55,-0.93,True
AMZN,2024-12-06,20,SELL,55,-2.17,True
AMZN,2024-12-09,5,SELL,55,3.03,False
AMZN,2024-12-09,10,SELL,55,-0.46,True
AMZN,2024-12-09,20,SELL,55,-1.75,True
AMZN,2024-12-10,5,SELL,55,2.72,False
AMZN,2024-12-10,10,SELL,55,1.78,False
AMZN,2024-12-10,20,SELL,55,-2.71,True
AMZN,2024-12-11,5,SELL,55,-4.23,True
AMZN,2024-12-11,10,SELL,55,-1.39,True
AMZN,2024-12-11,20,SELL,55,-5.12,True
AMZN,2024-12-12,5,SELL,55,-2.48,True
AMZN,2024-12-12,10,SELL,55,-2.28,True
AMZN,2024-12-12,20,SELL,55,-4.9,True
AMZN,2024-12-13,5,SELL,55,-1.12,True
AMZN,2024-12-13,10,SELL,55,-2.71,True
AMZN,2024-12-13,20,SELL,55,-1.81,True
AMZN,2024-12-16,5,SELL,55,-3.38,True
AMZN,2024-12-16,10,SELL,55,-5.81,True
AMZN,2024-12-16,20,SELL,55,-5.27,True
AMZN,2024-12-17,5,SELL,55,-0.91,True
AMZN,2024-12-17,10,SELL,55,-4.73,True
AMZN,2024-12-17,20,SELL,55,-2.25,True
AMZN,2024-12-18,5,BUY,55,2.96,True
AMZN,2024-12-18,10,BUY,55,1.66,True
AMZN,2024-12-18,20,BUY,55,4.62,True
AMZN,2024-12-19,5,BUY,55,0.21,True
AMZN,2024-12-19,10,BUY,55,1.93,True
AMZN,2024-12-19,20,BUY,55,5.25,True
AMZN,2024-12-20,5,BUY,55,-1.61,False
AMZN,2024-12-20,10,BUY,55,-1.25,False
AMZN,2024-12-20,20,BUY,55,4.67,True
AMZN,2024-12-23,5,BUY,55,-2.52,False
AMZN,2024-12-23,10,BUY,55,-1.3,False
AMZN,2024-12-23,20,BUY,55,4.35,True
AMZN,2024-12-24,5,BUY,55,-3.86,False
AMZN,2024-12-24,10,BUY,55,-4.41,False
AMZN,2024-12-24,20,BUY,55,2.78,True
AMZN,2024-12-26,5,BUY,55,-1.26,False
AMZN,2024-12-26,10,BUY,55,-3.78,False
AMZN,2024-12-26,20,BUY,55,4.89,True
AMZN,2024-12-27,5,BUY,55,1.73,True
AMZN,2024-12-27,10,BUY,55,-2.68,False
AMZN,2024-12-27,20,BUY,55,5.95,True
AMZN,2024-12-30,5,BUY,55,0.37,True
AMZN,2024-12-30,10,BUY,55,0.93,True
AMZN,2024-12-30,20,BUY,55,6.03,True
AMZN,2024-12-31,5,BUY,55,1.25,True
AMZN,2024-12-31,10,BUY,55,0.58,True
AMZN,2024-12-31,20,BUY,55,8.34,True
AMZN,2025-01-02,5,BUY,55,-0.58,False
AMZN,2025-01-02,10,BUY,55,2.6,True
AMZN,2025-01-02,20,BUY,55,7.81,True
AMZN,2025-01-03,5,BUY,55,-2.56,False
AMZN,2025-01-03,10,BUY,55,2.91,True
AMZN,2025-01-03,20,BUY,55,7.97,True
AMZN,2025-01-06,5,BUY,55,-4.33,False
AMZN,2025-01-06,10,BUY,55,3.25,True
AMZN,2025-01-06,20,BUY,55,3.76,True
AMZN,2025-01-07,5,BUY,55,0.56,True
AMZN,2025-01-07,10,BUY,55,5.99,True
AMZN,2025-01-07,20,BUY,55,7.53,True
AMZN,2025-01-08,5,BUY,55,-0.66,False
AMZN,2025-01-08,10,BUY,55,5.73,True
AMZN,2025-01-08,20,BUY,55,3.16,True
AMZN,2025-01-10,5,BUY,55,3.2,True
AMZN,2025-01-10,10,BUY,55,7.53,True
AMZN,2025-01-10,20,BUY,55,6.49,True
AMZN,2025-01-13,5,BUY,55,5.61,True
AMZN,2025-01-13,10,BUY,55,9.01,True
AMZN,2025-01-13,20,BUY,55,6.55,True
AMZN,2025-01-14,5,BUY,55,7.92,True
AMZN,2025-01-14,10,BUY,55,8.87,True
AMZN,2025-01-14,20,BUY,55,5.13,True
AMZN,2025-01-15,5,BUY,55,5.4,True
AMZN,2025-01-15,10,BUY,55,5.05,True
AMZN,2025-01-15,20,BUY,55,3.14,True
AMZN,2025-01-16,5,BUY,55,6.43,True
AMZN,2025-01-16,10,BUY,55,7.71,True
AMZN,2025-01-16,20,BUY,55,3.63,True
AMZN,2025-01-17,5,BUY,55,4.2,True
AMZN,2025-01-17,10,BUY,55,5.08,True
AMZN,2025-01-17,20,BUY,55,0.31,True
AMZN,2025-01-21,5,BUY,55,3.22,True
AMZN,2025-01-21,10,BUY,55,4.92,True
AMZN,2025-01-21,20,BUY,55,-1.77,False
AMZN,2025-01-22,5,BUY,55,0.88,True
AMZN,2025-01-22,10,BUY,55,0.49,True
AMZN,2025-01-22,20,BUY,55,-5.16,False
AMZN,2025-01-23,5,BUY,55,-0.33,False
AMZN,2025-01-23,10,BUY,55,1.45,True
AMZN,2025-01-23,20,BUY,55,-8.0,False
AMZN,2025-01-24,5,BUY,55,1.21,True
AMZN,2025-01-24,10,BUY,55,-2.43,False
AMZN,2025-01-24,20,BUY,55,-9.43,False
AMZN,2025-01-27,5,BUY,55,0.85,True
AMZN,2025-01-27,10,BUY,55,-0.97,False
AMZN,2025-01-27,20,BUY,55,-9.61,False
AMZN,2025-01-28,5,BUY,55,1.64,True
AMZN,2025-01-28,10,BUY,55,-2.26,False
AMZN,2025-01-28,20,BUY,55,-9.99,False
AMZN,2025-01-29,5,SELL,55,-0.38,True
AMZN,2025-01-29,10,SELL,55,-3.43,True
AMZN,2025-01-29,20,SELL,55,-11.95,True
AMZN,2025-01-30,5,BUY,55,1.79,True
AMZN,2025-01-30,10,BUY,55,-1.82,False
AMZN,2025-01-30,20,BUY,55,-9.53,False
AMZN,2025-01-31,5,BUY,55,-3.59,False
AMZN,2025-01-31,10,BUY,55,-3.79,False
AMZN,2025-01-31,20,BUY,55,-13.74,False
AMZN,2025-02-03,5,BUY,55,-1.8,False
AMZN,2025-02-03,10,BUY,55,-4.54,False
AMZN,2025-02-03,20,BUY,55,-14.16,False
AMZN,2025-02-04,5,SELL,55,-3.84,True
AMZN,2025-02-04,10,SELL,55,-6.37,True
AMZN,2025-02-04,20,SELL,55,-13.92,True
AMZN,2025-02-05,5,BUY,55,-3.07,False
AMZN,2025-02-05,10,BUY,55,-5.63,False
AMZN,2025-02-05,20,BUY,55,-15.02,False
AMZN,2025-02-06,5,BUY,55,-3.54,False
AMZN,2025-02-06,10,BUY,55,-9.32,False
AMZN,2025-02-06,20,BUY,55,-16.57,False
AMZN,2025-02-07,5,BUY,55,-0.21,False
AMZN,2025-02-07,10,BUY,55,-7.17,False
AMZN,2025-02-07,20,BUY,55,-15.1,False
AMZN,2025-02-10,5,BUY,55,-2.78,False
AMZN,2025-02-10,10,BUY,55,-8.72,False
AMZN,2025-02-10,20,BUY,55,-15.68,False
AMZN,2025-02-11,5,BUY,55,-2.63,False
AMZN,2025-02-11,10,BUY,55,-7.91,False
AMZN,2025-02-11,20,BUY,55,-14.55,False
AMZN,2025-02-12,5,BUY,55,-2.64,False
AMZN,2025-02-12,10,BUY,55,-8.82,False
AMZN,2025-02-12,20,BUY,55,-15.31,False
AMZN,2025-02-13,5,BUY,55,-5.99,False
AMZN,2025-02-13,10,BUY,55,-7.85,False
AMZN,2025-02-13,20,BUY,55,-14.07,False
AMZN,2025-02-14,5,BUY,55,-6.98,False
AMZN,2025-02-14,10,BUY,55,-10.35,False
AMZN,2025-02-14,20,BUY,55,-14.4,False
AMZN,2025-02-18,5,BUY,55,-6.11,False
AMZN,2025-02-18,10,BUY,55,-10.08,False
AMZN,2025-02-18,20,BUY,55,-14.93,False
AMZN,2025-02-19,5,BUY,55,-5.42,False
AMZN,2025-02-19,10,BUY,55,-8.06,False
AMZN,2025-02-19,20,BUY,55,-13.72,False
AMZN,2025-02-20,5,BUY,55,-6.34,False
AMZN,2025-02-20,10,BUY,55,-9.95,False
AMZN,2025-02-20,20,BUY,55,-12.53,False
AMZN,2025-02-21,5,BUY,55,-1.99,False
AMZN,2025-02-21,10,BUY,55,-8.0,False
AMZN,2025-02-21,20,BUY,55,-9.41,False
AMZN,2025-02-24,5,BUY,55,-3.62,False
AMZN,2025-02-24,10,BUY,55,-8.54,False
AMZN,2025-02-24,20,BUY,55,-4.44,False
AMZN,2025-02-25,5,BUY,55,-4.23,False
AMZN,2025-02-25,10,BUY,55,-7.62,False
AMZN,2025-02-25,20,BUY,55,-3.33,False
AMZN,2025-02-26,5,BUY,55,-2.79,False
AMZN,2025-02-26,10,BUY,55,-7.21,False
AMZN,2025-02-26,20,BUY,55,-6.17,False
AMZN,2025-02-27,5,BUY,55,-3.85,False
AMZN,2025-02-27,10,BUY,55,-7.11,False
AMZN,2025-02-27,20,BUY,55,-3.54,False
AMZN,2025-03-03,5,BUY,55,-5.11,False
AMZN,2025-03-03,10,BUY,55,-4.53,False
AMZN,2025-03-03,20,BUY,55,-7.2,False
AMZN,2025-03-04,5,BUY,55,-3.54,False
AMZN,2025-03-04,10,BUY,55,-5.39,False
AMZN,2025-03-04,20,BUY,55,-5.71,False
AMZN,2025-03-05,5,BUY,55,-4.55,False
AMZN,2025-03-05,10,BUY,55,-6.15,False
AMZN,2025-03-05,20,BUY,55,-5.93,False
AMZN,2025-03-06,5,BUY,55,-3.39,False
AMZN,2025-03-06,10,BUY,55,-2.86,False
AMZN,2025-03-06,20,BUY,55,-11.11,False
AMZN,2025-03-07,5,BUY,55,-0.65,False
AMZN,2025-03-07,10,BUY,55,-1.53,False
AMZN,2025-03-07,20,BUY,55,-14.18,False
AMZN,2025-03-10,5,BUY,55,0.62,True
AMZN,2025-03-10,10,BUY,55,4.48,True
AMZN,2025-03-10,20,BUY,55,-9.91,False
AMZN,2025-03-11,5,BUY,55,-1.92,False
AMZN,2025-03-11,10,BUY,55,4.64,True
AMZN,2025-03-11,20,BUY,55,-13.19,False
AMZN,2025-03-12,5,BUY,55,-1.68,False
AMZN,2025-03-12,10,BUY,55,1.13,True
AMZN,2025-03-12,20,BUY,55,-3.92,False
AMZN,2025-03-13,5,BUY,55,0.55,True
AMZN,2025-03-13,10,BUY,55,3.85,True
AMZN,2025-03-13,20,BUY,55,-6.53,False
AMZN,2025-03-14,5,BUY,55,-0.88,False
AMZN,2025-03-14,10,BUY,55,-2.64,False
AMZN,2025-03-14,20,BUY,55,-6.61,False
AMZN,2025-03-17,5,BUY,55,3.84,True
AMZN,2025-03-17,10,BUY,55,-2.8,False
AMZN,2025-03-17,20,BUY,55,-6.96,False
AMZN,2025-03-18,5,BUY,55,6.68,True
AMZN,2025-03-18,10,BUY,55,-0.34,False
AMZN,2025-03-18,20,BUY,55,-6.86,False
AMZN,2025-03-19,5,BUY,55,2.86,True
AMZN,2025-03-19,10,BUY,55,0.24,True
AMZN,2025-03-19,20,BUY,55,-10.85,False
AMZN,2025-03-20,5,BUY,55,3.29,True
AMZN,2025-03-20,10,BUY,55,-8.48,False
AMZN,2025-03-20,20,BUY,55,-11.46,False
AMZN,2025-03-21,5,BUY,55,-1.78,False
AMZN,2025-03-21,10,BUY,55,-12.85,False
AMZN,2025-03-21,20,BUY,55,-14.72,False
AMZN,2025-03-24,5,BUY,55,-6.4,False
AMZN,2025-03-24,10,BUY,55,-13.78,False
AMZN,2025-03-24,20,BUY,55,-14.8,False
AMZN,2025-03-25,5,BUY,55,-6.58,False
AMZN,2025-03-25,10,BUY,55,-17.04,False
AMZN,2025-03-25,20,BUY,55,-12.21,False
AMZN,2025-03-26,5,BUY,55,-2.55,False
AMZN,2025-03-26,10,BUY,55,-4.99,False
AMZN,2025-03-26,20,BUY,55,-7.25,False
AMZN,2025-03-27,5,BUY,55,-11.4,False
AMZN,2025-03-27,10,BUY,55,-10.0,False
AMZN,2025-03-27,20,BUY,55,-6.14,False
AMZN,2025-03-28,5,BUY,55,-11.27,False
AMZN,2025-03-28,10,BUY,55,-4.07,False
AMZN,2025-03-28,20,BUY,55,-2.6,False
AMZN,2025-03-31,5,BUY,55,-7.88,False
AMZN,2025-03-31,10,BUY,55,-4.28,False
AMZN,2025-03-31,20,BUY,55,-1.51,False
AMZN,2025-04-01,5,BUY,55,-11.19,False
AMZN,2025-04-01,10,BUY,55,-6.55,False
AMZN,2025-04-01,20,BUY,55,-4.03,False
AMZN,2025-04-02,5,BUY,55,-2.5,False
AMZN,2025-04-02,10,BUY,55,-11.06,False
AMZN,2025-04-02,20,BUY,55,-2.96,False
AMZN,2025-04-03,5,BUY,55,1.58,True
AMZN,2025-04-03,10,BUY,55,-3.25,False
AMZN,2025-04-03,20,BUY,55,6.49,True
AMZN,2025-04-04,5,BUY,55,8.11,True
AMZN,2025-04-04,10,BUY,55,-2.15,False
AMZN,2025-04-04,20,BUY,55,8.98,True
AMZN,2025-04-07,5,BUY,55,3.91,True
AMZN,2025-04-07,10,BUY,55,-1.19,False
AMZN,2025-04-07,20,BUY,55,5.56,True
AMZN,2025-04-08,5,BUY,55,5.23,True
AMZN,2025-04-08,10,BUY,55,5.82,True
AMZN,2025-04-08,20,BUY,55,10.58,True
AMZN,2025-04-09,5,BUY,55,-8.78,False
AMZN,2025-04-09,10,BUY,55,-2.39,False
AMZN,2025-04-09,20,BUY,55,0.51,True
AMZN,2025-04-10,5,BUY,55,-4.75,False
AMZN,2025-04-10,10,BUY,55,4.29,True
AMZN,2025-04-10,20,BUY,55,6.53,True
AMZN,2025-04-11,5,BUY,55,-9.49,False
AMZN,2025-04-11,10,BUY,55,1.53,True
AMZN,2025-04-11,20,BUY,55,12.86,True
AMZN,2025-04-14,5,BUY,55,-4.91,False
AMZN,2025-04-14,10,BUY,55,2.89,True
AMZN,2025-04-14,20,BUY,55,16.06,True
AMZN,2025-04-15,5,BUY,55,0.56,True
AMZN,2025-04-15,10,BUY,55,2.69,True
AMZN,2025-04-15,20,BUY,55,17.07,True
AMZN,2025-04-16,5,BUY,55,7.0,True
AMZN,2025-04-16,10,BUY,55,9.1,True
AMZN,2025-04-16,20,BUY,55,17.69,True
AMZN,2025-04-17,5,BUY,55,9.49,True
AMZN,2025-04-17,10,BUY,55,10.06,True
AMZN,2025-04-17,20,BUY,55,19.11,True
AMZN,2025-04-21,5,BUY,55,12.18,True
AMZN,2025-04-21,10,BUY,55,11.37,True
AMZN,2025-04-21,20,BUY,55,23.21,True
AMZN,2025-04-22,5,BUY,55,8.21,True
AMZN,2025-04-22,10,BUY,55,6.83,True
AMZN,2025-04-22,20,BUY,55,17.84,True
AMZN,2025-04-23,5,BUY,55,2.12,True
AMZN,2025-04-23,10,BUY,55,4.49,True
AMZN,2025-04-23,20,BUY,55,11.36,True
AMZN,2025-04-24,5,BUY,55,1.96,True
AMZN,2025-04-24,10,BUY,55,2.97,True
AMZN,2025-04-24,20,BUY,55,8.88,True
AMZN,2025-04-25,5,BUY,55,0.52,True
AMZN,2025-04-25,10,BUY,55,2.15,True
AMZN,2025-04-25,20,BUY,55,6.35,True
AMZN,2025-04-28,5,BUY,55,-0.72,False
AMZN,2025-04-28,10,BUY,55,11.16,True
AMZN,2025-04-28,20,BUY,55,9.76,True
AMZN,2025-04-29,5,BUY,55,-1.27,False
AMZN,2025-04-29,10,BUY,55,12.8,True
AMZN,2025-04-29,20,BUY,55,9.25,True
AMZN,2025-04-30,5,BUY,55,2.33,True
AMZN,2025-04-30,10,BUY,55,14.01,True
AMZN,2025-04-30,20,BUY,55,11.54,True
AMZN,2025-05-01,5,BUY,55,0.99,True
AMZN,2025-05-01,10,BUY,55,7.87,True
AMZN,2025-05-01,20,BUY,55,7.79,True
AMZN,2025-05-02,5,BUY,55,1.62,True
AMZN,2025-05-02,10,BUY,55,8.22,True
AMZN,2025-05-02,20,BUY,55,8.77,True
AMZN,2025-05-05,5,BUY,55,11.96,True
AMZN,2025-05-05,10,BUY,55,10.63,True
AMZN,2025-05-05,20,BUY,55,10.39,True
AMZN,2025-05-06,5,BUY,55,14.25,True
AMZN,2025-05-06,10,BUY,55,10.3,True
AMZN,2025-05-06,20,BUY,55,12.01,True
AMZN,2025-05-07,5,SELL,55,11.41,False
AMZN,2025-05-07,10,SELL,55,6.58,False
AMZN,2025-05-07,20,SELL,55,10.17,False
AMZN,2025-05-08,5,SELL,55,6.81,False
AMZN,2025-05-08,10,SELL,55,5.74,False
AMZN,2025-05-08,20,SELL,55,11.19,False
AMZN,2025-05-09,5,SELL,55,6.49,False
AMZN,2025-05-09,10,SELL,55,4.11,False
AMZN,2025-05-09,20,SELL,55,12.39,False
AMZN,2025-05-12,5,SELL,55,-1.19,True
AMZN,2025-05-12,10,SELL,55,-1.26,True
AMZN,2025-05-12,20,SELL,55,4.3,False
AMZN,2025-05-13,5,SELL,55,-3.45,True
AMZN,2025-05-13,10,SELL,55,-3.15,True
AMZN,2025-05-13,20,SELL,55,0.87,False
AMZN,2025-05-14,5,SELL,55,-4.34,True
AMZN,2025-05-14,10,SELL,55,-2.16,True
AMZN,2025-05-14,20,SELL,55,1.42,False
AMZN,2025-05-15,5,BUY,55,-1.01,False
AMZN,2025-05-15,10,BUY,55,-0.08,False
AMZN,2025-05-15,20,BUY,55,3.38,True
AMZN,2025-05-19,5,SELL,55,-0.07,True
AMZN,2025-05-19,10,SELL,55,-0.22,True
AMZN,2025-05-19,20,SELL,55,4.2,False
AMZN,2025-05-20,5,SELL,55,0.32,False
AMZN,2025-05-20,10,SELL,55,1.55,False
AMZN,2025-05-20,20,SELL,55,4.14,False
AMZN,2025-05-21,5,BUY,55,2.28,True
AMZN,2025-05-21,10,BUY,55,3.38,True
AMZN,2025-05-21,20,BUY,55,4.26,True
AMZN,2025-05-22,5,BUY,55,0.94,True
AMZN,2025-05-22,10,BUY,55,5.16,True
AMZN,2025-05-22,20,BUY,55,2.64,True
AMZN,2025-05-23,5,BUY,55,2.82,True
AMZN,2025-05-23,10,BUY,55,7.96,True
AMZN,2025-05-23,20,BUY,55,5.86,True
AMZN,2025-05-27,5,SELL,55,-0.15,True
AMZN,2025-05-27,10,SELL,55,5.63,False
AMZN,2025-05-27,20,SELL,55,2.9,False
AMZN,2025-05-28,5,SELL,55,1.23,False
AMZN,2025-05-28,10,SELL,55,4.14,False
AMZN,2025-05-28,20,SELL,55,6.06,False
AMZN,2025-05-29,5,BUY,55,1.07,True
AMZN,2025-05-29,10,BUY,55,3.67,True
AMZN,2025-05-29,20,BUY,55,8.56,True
AMZN,2025-05-30,5,BUY,55,4.18,True
AMZN,2025-05-30,10,BUY,55,3.46,True
AMZN,2025-05-30,20,BUY,55,7.01,True
AMZN,2025-06-02,5,BUY,55,5.0,True
AMZN,2025-06-02,10,BUY,55,4.57,True
AMZN,2025-06-02,20,BUY,55,6.68,True
AMZN,2025-06-03,5,BUY,55,5.78,True
AMZN,2025-06-03,10,BUY,55,4.43,True
AMZN,2025-06-03,20,BUY,55,6.91,True
AMZN,2025-06-04,5,BUY,55,2.88,True
AMZN,2025-06-04,10,BUY,55,2.55,True
AMZN,2025-06-04,20,BUY,55,7.81,True
AMZN,2025-06-05,5,BUY,55,2.56,True
AMZN,2025-06-05,10,BUY,55,0.86,True
AMZN,2025-06-05,20,BUY,55,7.48,True
AMZN,2025-06-06,5,BUY,55,-0.69,False
AMZN,2025-06-06,10,BUY,55,-2.39,False
AMZN,2025-06-06,20,BUY,55,2.71,True
AMZN,2025-06-09,5,BUY,55,-0.41,False
AMZN,2025-06-09,10,BUY,55,-1.94,False
AMZN,2025-06-09,20,BUY,55,2.56,True
AMZN,2025-06-10,5,SELL,55,-1.28,True
AMZN,2025-06-10,10,SELL,55,-2.58,True
AMZN,2025-06-10,20,SELL,55,2.14,False
AMZN,2025-06-11,5,BUY,55,-0.32,False
AMZN,2025-06-11,10,BUY,55,1.84,True
AMZN,2025-06-11,20,BUY,55,5.54,True
AMZN,2025-06-12,5,SELL,55,-1.66,True
AMZN,2025-06-12,10,SELL,55,4.72,False
AMZN,2025-06-12,20,SELL,55,5.84,False
AMZN,2025-06-13,5,SELL,55,-1.71,True
AMZN,2025-06-13,10,SELL,55,3.44,False
AMZN,2025-06-13,20,SELL,55,6.72,False
AMZN,2025-06-16,5,BUY,55,-1.54,False
AMZN,2025-06-16,10,BUY,55,2.02,True
AMZN,2025-06-16,20,BUY,55,3.28,True
AMZN,2025-06-17,5,BUY,55,-1.32,False
AMZN,2025-06-17,10,BUY,55,2.37,True
AMZN,2025-06-17,20,BUY,55,4.22,True
AMZN,2025-06-18,5,BUY,55,2.16,True
AMZN,2025-06-18,10,BUY,55,5.12,True
AMZN,2025-06-18,20,BUY,55,6.4,True
AMZN,2025-06-20,5,BUY,55,6.49,True
AMZN,2025-06-20,10,BUY,55,6.57,True
AMZN,2025-06-20,20,BUY,55,9.35,True
AMZN,2025-06-23,5,BUY,55,5.24,True
AMZN,2025-06-23,10,BUY,55,5.22,True
AMZN,2025-06-23,20,BUY,55,9.11,True
AMZN,2025-06-24,5,BUY,55,3.61,True
AMZN,2025-06-24,10,BUY,55,4.59,True
AMZN,2025-06-24,20,BUY,55,7.29,True
AMZN,2025-06-25,5,BUY,55,3.74,True
AMZN,2025-06-25,10,BUY,55,4.84,True
AMZN,2025-06-25,20,BUY,55,9.55,True
AMZN,2025-06-26,5,BUY,55,2.9,True
AMZN,2025-06-26,10,BUY,55,3.64,True
AMZN,2025-06-26,20,BUY,55,6.6,True
AMZN,2025-06-27,5,BUY,55,0.08,True
AMZN,2025-06-27,10,BUY,55,1.07,True
AMZN,2025-06-27,20,BUY,55,4.25,True
AMZN,2025-06-30,5,BUY,55,-0.01,False
AMZN,2025-06-30,10,BUY,55,3.17,True
AMZN,2025-06-30,20,BUY,55,5.3,True
AMZN,2025-07-01,5,BUY,55,0.94,True
AMZN,2025-07-01,10,BUY,55,1.24,True
AMZN,2025-07-01,20,BUY,55,4.41,True
AMZN,2025-07-02,5,BUY,55,1.06,True
AMZN,2025-07-02,10,BUY,55,1.8,True
AMZN,2025-07-02,20,BUY,55,6.45,True
AMZN,2025-07-03,5,BUY,55,0.72,True
AMZN,2025-07-03,10,BUY,55,1.22,True
AMZN,2025-07-03,20,BUY,55,-3.88,False
AMZN,2025-07-07,5,BUY,55,0.99,True
AMZN,2025-07-07,10,BUY,55,2.61,True
AMZN,2025-07-07,20,BUY,55,-5.29,False
AMZN,2025-07-08,5,BUY,55,3.19,True
AMZN,2025-07-08,10,BUY,55,3.7,True
AMZN,2025-07-08,20,BUY,55,-2.56,False
AMZN,2025-07-09,5,BUY,55,0.29,True
AMZN,2025-07-09,10,BUY,55,2.58,True
AMZN,2025-07-09,20,BUY,55,-0.1,False
AMZN,2025-07-10,5,BUY,55,0.73,True
AMZN,2025-07-10,10,BUY,55,4.49,True
AMZN,2025-07-10,20,BUY,55,0.39,True
AMZN,2025-07-11,5,BUY,55,0.49,True
AMZN,2025-07-11,10,BUY,55,2.85,True
AMZN,2025-07-11,20,BUY,55,-1.04,False
AMZN,2025-07-14,5,SELL,55,1.6,False
AMZN,2025-07-14,10,SELL,55,3.15,False
AMZN,2025-07-14,20,SELL,55,-1.95,True
AMZN,2025-07-15,5,BUY,55,0.49,True
AMZN,2025-07-15,10,BUY,55,2.06,True
AMZN,2025-07-15,20,BUY,55,-2.16,False
AMZN,2025-07-16,5,BUY,55,2.29,True
AMZN,2025-07-16,10,BUY,55,3.14,True
AMZN,2025-07-16,20,BUY,55,0.61,True
AMZN,2025-07-17,5,BUY,55,3.73,True
AMZN,2025-07-17,10,BUY,55,4.57,True
AMZN,2025-07-17,20,BUY,55,3.17,True
AMZN,2025-07-18,5,BUY,55,2.35,True
AMZN,2025-07-18,10,BUY,55,-5.03,False
AMZN,2025-07-18,20,BUY,55,2.17,True
AMZN,2025-07-21,5,BUY,55,1.52,True
AMZN,2025-07-21,10,BUY,55,-7.7,False
AMZN,2025-07-21,20,BUY,55,0.96,True
AMZN,2025-07-22,5,BUY,55,1.56,True
AMZN,2025-07-22,10,BUY,55,-6.03,False
AMZN,2025-07-22,20,BUY,55,0.24,True
AMZN,2025-07-23,5,BUY,55,0.83,True
AMZN,2025-07-23,10,BUY,55,-2.62,False
AMZN,2025-07-23,20,BUY,55,-1.96,False
AMZN,2025-07-24,5,BUY,55,0.81,True
AMZN,2025-07-24,10,BUY,55,-3.92,False
AMZN,2025-07-24,20,BUY,55,-4.43,False
AMZN,2025-07-25,5,BUY,55,-7.21,False
AMZN,2025-07-25,10,BUY,55,-3.78,False
AMZN,2025-07-25,20,BUY,55,-1.12,False
AMZN,2025-07-28,5,SELL,55,-9.08,True
AMZN,2025-07-28,10,SELL,55,-4.94,True
AMZN,2025-07-28,20,SELL,55,-2.08,True
AMZN,2025-07-29,5,BUY,55,-7.47,False
AMZN,2025-07-29,10,BUY,55,-4.13,False
AMZN,2025-07-29,20,BUY,55,-1.0,False
AMZN,2025-07-30,5,BUY,55,-3.42,False
AMZN,2025-07-30,10,BUY,55,-2.45,False
AMZN,2025-07-30,20,BUY,55,-0.46,False
AMZN,2025-07-31,5,BUY,55,-4.69,False
AMZN,2025-07-31,10,BUY,55,-1.34,False
AMZN,2025-07-31,20,BUY,55,-1.07,False
AMZN,2025-08-01,5,BUY,55,3.7,True
AMZN,2025-08-01,10,BUY,55,7.58,True
AMZN,2025-08-01,20,BUY,55,6.64,True
AMZN,2025-08-04,5,BUY,55,4.56,True
AMZN,2025-08-04,10,BUY,55,9.37,True
AMZN,2025-08-04,20,BUY,55,6.47,True
AMZN,2025-08-05,5,BUY,55,3.61,True
AMZN,2025-08-05,10,BUY,55,6.67,True
AMZN,2025-08-05,20,BUY,55,5.73,True
AMZN,2025-08-06,5,BUY,55,1.01,True
AMZN,2025-08-06,10,BUY,55,0.67,True
AMZN,2025-08-06,20,BUY,55,6.01,True
AMZN,2025-08-07,5,BUY,55,3.52,True
AMZN,2025-08-07,10,BUY,55,-0.53,False
AMZN,2025-08-07,20,BUY,55,4.12,True
AMZN,2025-08-08,5,BUY,55,3.75,True
AMZN,2025-08-08,10,BUY,55,2.76,True
AMZN,2025-08-08,20,BUY,55,5.91,True
AMZN,2025-08-11,5,BUY,55,4.6,True
AMZN,2025-08-11,10,BUY,55,3.0,True
AMZN,2025-08-11,20,BUY,55,7.65,True
AMZN,2025-08-12,5,BUY,55,2.95,True
AMZN,2025-08-12,10,BUY,55,3.27,True
AMZN,2025-08-12,20,BUY,55,4.0,True
AMZN,2025-08-13,5,BUY,55,-0.33,False
AMZN,2025-08-13,10,BUY,55,2.03,True
AMZN,2025-08-13,20,BUY,55,2.4,True
AMZN,2025-08-14,5,BUY,55,-3.91,False
AMZN,2025-08-14,10,BUY,55,0.27,True
AMZN,2025-08-14,20,BUY,55,-1.23,False
AMZN,2025-08-15,5,BUY,55,-0.95,False
AMZN,2025-08-15,10,BUY,55,-0.88,False
AMZN,2025-08-15,20,BUY,55,0.17,True
AMZN,2025-08-18,5,BUY,55,-1.53,False
AMZN,2025-08-18,10,BUY,55,-2.66,False
AMZN,2025-08-18,20,BUY,55,1.11,True
AMZN,2025-08-19,5,BUY,55,0.31,True
AMZN,2025-08-19,10,BUY,55,-0.89,False
AMZN,2025-08-19,20,BUY,55,1.58,True
AMZN,2025-08-20,5,BUY,55,2.37,True
AMZN,2025-08-20,10,BUY,55,5.3,True
AMZN,2025-08-20,20,BUY,55,3.32,True
AMZN,2025-08-21,5,BUY,55,4.35,True
AMZN,2025-08-21,10,BUY,55,4.68,True
AMZN,2025-08-21,20,BUY,55,4.29,True
AMZN,2025-08-22,5,BUY,55,0.07,True
AMZN,2025-08-22,10,BUY,55,3.06,True
AMZN,2025-08-22,20,BUY,55,-0.53,False
AMZN,2025-08-25,5,SELL,55,-1.14,True
AMZN,2025-08-25,10,SELL,55,4.52,False
AMZN,2025-08-25,20,SELL,55,-3.17,True
AMZN,2025-08-26,5,BUY,55,-1.19,False
AMZN,2025-08-26,10,BUY,55,0.71,True
AMZN,2025-08-26,20,BUY,55,-3.72,False
AMZN,2025-08-27,5,BUY,55,2.86,True
AMZN,2025-08-27,10,BUY,55,0.36,True
AMZN,2025-08-27,20,BUY,55,-4.79,False
AMZN,2025-08-28,5,BUY,55,0.32,True
AMZN,2025-08-28,10,BUY,55,-1.49,False
AMZN,2025-08-28,20,BUY,55,-5.1,False
AMZN,2025-08-29,5,BUY,55,2.99,True
AMZN,2025-08-29,10,BUY,55,1.06,True
AMZN,2025-08-29,20,BUY,55,-2.98,False
AMZN,2025-09-02,5,BUY,55,5.72,True
AMZN,2025-09-02,10,BUY,55,3.87,True
AMZN,2025-09-02,20,BUY,55,-2.56,False
AMZN,2025-09-03,5,BUY,55,1.92,True
AMZN,2025-09-03,10,BUY,55,2.49,True
AMZN,2025-09-03,20,BUY,55,-2.37,False
AMZN,2025-09-04,5,BUY,55,-2.43,False
AMZN,2025-09-04,10,BUY,55,-1.89,False
AMZN,2025-09-04,20,BUY,55,-5.63,False
AMZN,2025-09-05,5,BUY,55,-1.8,False
AMZN,2025-09-05,10,BUY,55,-0.37,False
AMZN,2025-09-05,20,BUY,55,-5.52,False
AMZN,2025-09-08,5,BUY,55,-1.87,False
AMZN,2025-09-08,10,BUY,55,-3.48,False
AMZN,2025-09-08,20,BUY,55,-6.33,False
AMZN,2025-09-09,5,SELL,55,-1.76,True
AMZN,2025-09-09,10,SELL,55,-7.36,True
AMZN,2025-09-09,20,SELL,55,-6.91,True
AMZN,2025-09-10,5,BUY,55,0.56,True
AMZN,2025-09-10,10,BUY,55,-4.39,False
AMZN,2025-09-10,20,BUY,55,-2.22,False
AMZN,2025-09-11,5,BUY,55,0.56,True
AMZN,2025-09-11,10,BUY,55,-5.13,False
AMZN,2025-09-11,20,BUY,55,-0.96,False
AMZN,2025-09-12,5,BUY,55,1.46,True
AMZN,2025-09-12,10,BUY,55,-3.67,False
AMZN,2025-09-12,20,BUY,55,-5.16,False
AMZN,2025-09-15,5,BUY,55,-1.64,False
AMZN,2025-09-15,10,BUY,55,-4.0,False
AMZN,2025-09-15,20,BUY,55,-4.91,False
AMZN,2025-09-16,5,BUY,55,-5.7,False
AMZN,2025-09-16,10,BUY,55,-6.19,False
AMZN,2025-09-16,20,BUY,55,-7.55,False
AMZN,2025-09-17,5,BUY,55,-4.93,False
AMZN,2025-09-17,10,BUY,55,-4.74,False
AMZN,2025-09-17,20,BUY,55,-6.93,False
AMZN,2025-09-18,5,BUY,55,-5.66,False
AMZN,2025-09-18,10,BUY,55,-3.81,False
AMZN,2025-09-18,20,BUY,55,-7.25,False
AMZN,2025-09-19,5,BUY,55,-5.05,False
AMZN,2025-09-19,10,BUY,55,-5.17,False
AMZN,2025-09-19,20,BUY,55,-7.97,False
AMZN,2025-09-22,5,BUY,55,-2.4,False
AMZN,2025-09-22,10,BUY,55,-2.96,False
AMZN,2025-09-22,20,BUY,55,-4.9,False
AMZN,2025-09-23,5,BUY,55,-0.52,False
AMZN,2025-09-23,10,BUY,55,0.48,True
AMZN,2025-09-23,20,BUY,55,0.6,True
AMZN,2025-09-24,5,BUY,55,0.19,True
AMZN,2025-09-24,10,BUY,55,2.28,True
AMZN,2025-09-24,20,BUY,55,-1.03,False
AMZN,2025-09-25,5,BUY,55,1.95,True
AMZN,2025-09-25,10,BUY,55,4.4,True
AMZN,2025-09-25,20,BUY,55,1.35,True
AMZN,2025-09-26,5,BUY,55,-0.12,False
AMZN,2025-09-26,10,BUY,55,-1.55,False
AMZN,2025-09-26,20,BUY,55,2.02,True
AMZN,2025-09-29,5,BUY,55,-0.57,False
AMZN,2025-09-29,10,BUY,55,-0.95,False
AMZN,2025-09-29,20,BUY,55,2.16,True
AMZN,2025-09-30,5,BUY,55,1.01,True
AMZN,2025-09-30,10,BUY,55,-1.45,False
AMZN,2025-09-30,20,BUY,55,4.41,True
AMZN,2025-10-01,5,BUY,55,2.08,True
AMZN,2025-10-01,10,BUY,55,-2.29,False
AMZN,2025-10-01,20,BUY,55,4.38,True
AMZN,2025-10-02,5,BUY,55,2.4,True
AMZN,2025-10-02,10,BUY,55,-3.57,False
AMZN,2025-10-02,20,BUY,55,0.2,True
AMZN,2025-10-03,5,BUY,55,-1.43,False
AMZN,2025-10-03,10,BUY,55,-2.95,False
AMZN,2025-10-03,20,BUY,55,11.26,True
AMZN,2025-10-07,5,BUY,55,-2.43,False
AMZN,2025-10-07,10,BUY,55,0.11,True
AMZN,2025-10-07,20,BUY,55,12.42,True
AMZN,2025-10-08,5,BUY,55,-4.28,False
AMZN,2025-10-08,10,BUY,55,-3.23,False
AMZN,2025-10-08,20,BUY,55,11.09,True
AMZN,2025-10-09,5,BUY,55,-5.83,False
AMZN,2025-10-09,10,BUY,55,-2.92,False
AMZN,2025-10-09,20,BUY,55,6.72,True
AMZN,2025-10-10,5,BUY,55,-1.54,False
AMZN,2025-10-10,10,BUY,55,3.62,True
AMZN,2025-10-10,20,BUY,55,12.96,True
AMZN,2025-10-13,5,BUY,55,-1.63,False
AMZN,2025-10-13,10,BUY,55,3.14,True
AMZN,2025-10-13,20,BUY,55,12.87,True
AMZN,2025-10-14,5,BUY,55,2.61,True
AMZN,2025-10-14,10,BUY,55,5.94,True
AMZN,2025-10-14,20,BUY,55,15.12,True
AMZN,2025-10-15,5,BUY,55,1.1,True
AMZN,2025-10-15,10,BUY,55,6.83,True
AMZN,2025-10-15,20,BUY,55,13.28,True
AMZN,2025-10-16,5,BUY,55,3.09,True
AMZN,2025-10-16,10,BUY,55,3.91,True
AMZN,2025-10-16,20,BUY,55,10.78,True
AMZN,2025-10-17,5,BUY,55,5.24,True
AMZN,2025-10-17,10,BUY,55,14.64,True
AMZN,2025-10-17,20,BUY,55,10.16,True
AMZN,2025-10-20,5,BUY,55,4.85,True
AMZN,2025-10-20,10,BUY,55,17.33,True
AMZN,2025-10-20,20,BUY,55,7.57,True
AMZN,2025-10-21,5,BUY,55,3.25,True
AMZN,2025-10-21,10,BUY,55,12.29,True
AMZN,2025-10-21,20,BUY,55,0.23,True
AMZN,2025-10-22,5,BUY,55,5.67,True
AMZN,2025-10-22,10,BUY,55,14.8,True
AMZN,2025-10-22,20,BUY,55,2.17,True
AMZN,2025-10-23,5,BUY,55,0.8,True
AMZN,2025-10-23,10,BUY,55,9.93,True
AMZN,2025-10-23,20,BUY,55,-1.79,False
AMZN,2025-10-24,5,BUY,55,8.92,True
AMZN,2025-10-24,10,BUY,55,9.01,True
AMZN,2025-10-24,20,BUY,55,-1.57,False
AMZN,2025-10-27,5,BUY,55,11.91,True
AMZN,2025-10-27,10,BUY,55,9.44,True
AMZN,2025-10-27,20,BUY,55,-0.3,False
AMZN,2025-10-28,5,BUY,55,8.75,True
AMZN,2025-10-28,10,BUY,55,8.66,True
AMZN,2025-10-28,20,BUY,55,0.18,True
AMZN,2025-10-29,5,BUY,55,8.64,True
AMZN,2025-10-29,10,BUY,55,6.04,True
AMZN,2025-10-29,20,BUY,55,-0.5,False
AMZN,2025-10-30,5,BUY,55,9.06,True
AMZN,2025-10-30,10,BUY,55,6.61,True
AMZN,2025-10-30,20,BUY,55,4.65,True
AMZN,2025-10-31,5,BUY,55,0.08,True
AMZN,2025-10-31,10,BUY,55,-3.9,False
AMZN,2025-10-31,20,BUY,55,-4.23,False
AMZN,2025-11-03,5,BUY,55,-2.2,False
AMZN,2025-11-03,10,BUY,55,-8.32,False
AMZN,2025-11-03,20,BUY,55,-7.71,False
AMZN,2025-11-04,5,BUY,55,-0.09,False
AMZN,2025-11-04,10,BUY,55,-10.74,False
AMZN,2025-11-04,20,BUY,55,-6.79,False
AMZN,2025-11-05,5,BUY,55,-2.4,False
AMZN,2025-11-05,10,BUY,55,-11.0,False
AMZN,2025-11-05,20,BUY,55,-8.43,False
AMZN,2025-11-07,5,BUY,55,-3.98,False
AMZN,2025-11-07,10,BUY,55,-9.71,False
AMZN,2025-11-07,20,BUY,55,-7.17,False
AMZN,2025-11-10,5,BUY,55,-6.25,False
AMZN,2025-11-10,10,BUY,55,-8.9,False
AMZN,2025-11-10,20,BUY,55,-8.24,False
AMZN,2025-11-11,5,SELL,55,-10.66,True
AMZN,2025-11-11,10,SELL,55,-7.8,True
AMZN,2025-11-11,20,SELL,55,-6.95,True
AMZN,2025-11-12,5,BUY,55,-8.81,False
AMZN,2025-11-12,10,BUY,55,-6.16,False
AMZN,2025-11-12,20,BUY,55,-5.7,False
AMZN,2025-11-13,5,BUY,55,-8.6,False
AMZN,2025-11-13,10,BUY,55,-1.84,False
AMZN,2025-11-13,20,BUY,55,-4.79,False
AMZN,2025-11-14,5,BUY,55,-5.97,False
AMZN,2025-11-14,10,BUY,55,-0.35,False
AMZN,2025-11-14,20,BUY,55,-5.18,False
AMZN,2025-11-17,5,BUY,55,-2.83,False
AMZN,2025-11-17,10,BUY,55,0.67,True
AMZN,2025-11-17,20,BUY,55,-4.43,False
AMZN,2025-11-18,5,BUY,55,3.2,True
AMZN,2025-11-18,10,BUY,55,4.42,True
AMZN,2025-11-18,20,BUY,55,-0.58,False
AMZN,2025-11-19,5,BUY,55,2.91,True
AMZN,2025-11-19,10,BUY,55,2.88,True
AMZN,2025-11-19,20,BUY,55,1.83,True
AMZN,2025-11-20,5,BUY,55,7.41,True
AMZN,2025-11-20,10,BUY,55,5.71,True
AMZN,2025-11-20,20,BUY,55,4.7,True
AMZN,2025-11-21,5,BUY,55,5.98,True
AMZN,2025-11-21,10,BUY,55,2.81,True
AMZN,2025-11-21,20,BUY,55,3.51,True
AMZN,2025-11-24,5,BUY,55,3.6,True
AMZN,2025-11-24,10,BUY,55,0.72,True
AMZN,2025-11-24,20,BUY,55,2.59,True
AMZN,2025-11-25,5,BUY,55,1.18,True
AMZN,2025-11-25,10,BUY,55,0.92,True
AMZN,2025-11-25,20,BUY,55,1.18,True
AMZN,2025-11-26,5,BUY,55,-0.02,False
AMZN,2025-11-26,10,BUY,55,0.49,True
AMZN,2025-11-26,20,BUY,55,1.47,True
AMZN,2025-11-28,5,BUY,55,-1.58,False
AMZN,2025-11-28,10,BUY,55,-3.01,False
AMZN,2025-11-28,20,BUY,55,-0.49,False
AMZN,2025-12-01,5,BUY,55,-2.99,False
AMZN,2025-12-01,10,BUY,55,-4.85,False
AMZN,2025-12-01,20,BUY,55,-0.58,False
AMZN,2025-12-02,5,BUY,55,-2.77,False
AMZN,2025-12-02,10,BUY,55,-5.06,False
AMZN,2025-12-02,20,BUY,55,-1.54,False
AMZN,2025-12-03,5,BUY,55,-0.26,False
AMZN,2025-12-03,10,BUY,55,-4.78,False
AMZN,2025-12-03,20,BUY,55,-2.53,False
AMZN,2025-12-04,5,BUY,55,0.51,True
AMZN,2025-12-04,10,BUY,55,-1.03,False
AMZN,2025-12-04,20,BUY,55,1.72,True
AMZN,2025-12-05,5,BUY,55,-1.46,False
AMZN,2025-12-05,10,BUY,55,-0.95,False
AMZN,2025-12-05,20,BUY,55,4.97,True
AMZN,2025-12-08,5,BUY,55,-1.92,False
AMZN,2025-12-08,10,BUY,55,0.68,True
AMZN,2025-12-08,20,BUY,55,6.47,True
AMZN,2025-12-09,5,SELL,55,-2.35,True
AMZN,2025-12-09,10,SELL,55,1.85,False
AMZN,2025-12-09,20,SELL,55,8.06,False
AMZN,2025-12-10,5,BUY,55,-4.53,False
AMZN,2025-12-10,10,BUY,55,0.26,True
AMZN,2025-12-10,20,BUY,55,6.73,True
AMZN,2025-12-11,5,SELL,55,-1.53,True
AMZN,2025-12-11,10,SELL,55,0.97,False
AMZN,2025-12-11,20,SELL,55,7.03,False
AMZN,2025-12-15,5,BUY,55,2.65,True
AMZN,2025-12-15,10,BUY,55,4.49,True
AMZN,2025-12-15,20,BUY,55,6.34,True
AMZN,2025-12-16,5,BUY,55,4.3,True
AMZN,2025-12-16,10,BUY,55,3.71,True
AMZN,2025-12-16,20,BUY,55,7.02,True
AMZN,2025-12-17,5,BUY,55,5.02,True
AMZN,2025-12-17,10,BUY,55,2.36,True
AMZN,2025-12-17,20,BUY,55,8.07,True
AMZN,2025-12-18,5,BUY,55,2.54,True
AMZN,2025-12-18,10,BUY,55,2.78,True
AMZN,2025-12-18,20,BUY,55,1.87,True
AMZN,2025-12-19,5,BUY,55,2.08,True
AMZN,2025-12-19,10,BUY,55,5.97,True
AMZN,2025-12-19,20,BUY,55,1.74,True
AMZN,2025-12-22,5,BUY,55,1.79,True
AMZN,2025-12-22,10,BUY,55,5.75,True
AMZN,2025-12-22,20,BUY,55,2.59,True
AMZN,2025-12-23,5,BUY,55,-0.57,False
AMZN,2025-12-23,10,BUY,55,6.1,True
AMZN,2025-12-23,20,BUY,55,3.02,True
AMZN,2025-12-24,5,BUY,55,-2.53,False
AMZN,2025-12-24,10,BUY,55,6.45,True
AMZN,2025-12-24,20,BUY,55,2.6,True
AMZN,2025-12-26,5,BUY,55,0.23,True
AMZN,2025-12-26,10,BUY,55,6.0,True
AMZN,2025-12-26,20,BUY,55,5.23,True
AMZN,2025-12-29,5,BUY,55,3.82,True
AMZN,2025-12-29,10,BUY,55,4.54,True
AMZN,2025-12-29,20,BUY,55,4.71,True
AMZN,2025-12-30,5,BUY,55,3.88,True
AMZN,2025-12-30,10,BUY,55,1.77,True
AMZN,2025-12-30,20,BUY,55,3.96,True
AMZN,2025-12-31,5,BUY,55,6.7,True
AMZN,2025-12-31,10,BUY,55,3.19,True
AMZN,2025-12-31,20,BUY,55,3.67,True
AMZN,2026-01-02,5,BUY,55,9.22,True
AMZN,2026-01-02,10,BUY,55,5.57,True
AMZN,2026-01-02,20,BUY,55,7.27,True
AMZN,2026-01-05,5,BUY,55,5.75,True
AMZN,2026-01-05,10,BUY,55,-0.88,False
AMZN,2026-01-05,20,BUY,55,2.39,True
AMZN,2026-01-06,5,BUY,55,0.69,True
AMZN,2026-01-06,10,BUY,55,-3.99,False
AMZN,2026-01-06,20,BUY,55,-3.3,False
AMZN,2026-01-07,5,SELL,55,-2.03,True
AMZN,2026-01-07,10,SELL,55,-2.99,True
AMZN,2026-01-07,20,SELL,55,-7.81,True
AMZN,2026-01-08,5,SELL,55,-3.29,True
AMZN,2026-01-08,10,SELL,55,-2.89,True
AMZN,2026-01-08,20,SELL,55,-14.6,True
AMZN,2026-01-09,5,SELL,55,-3.34,True
AMZN,2026-01-09,10,SELL,55,-3.62,True
AMZN,2026-01-09,20,SELL,55,-15.63,True
AMZN,2026-01-12,5,SELL,55,-6.28,True
AMZN,2026-01-12,10,SELL,55,-0.73,True
AMZN,2026-01-12,20,SELL,55,-16.03,True
AMZN,2026-01-13,5,BUY,55,-4.65,False
AMZN,2026-01-13,10,BUY,55,0.17,True
AMZN,2026-01-13,20,BUY,55,-15.88,False
AMZN,2026-01-15,5,BUY,55,0.41,True
AMZN,2026-01-15,10,BUY,55,0.47,True
AMZN,2026-01-15,20,BUY,55,-16.54,False
AMZN,2026-01-16,5,BUY,55,-0.29,False
AMZN,2026-01-16,10,BUY,55,1.61,True
AMZN,2026-01-16,20,BUY,55,-15.88,False
AMZN,2026-01-20,5,BUY,55,5.92,True
AMZN,2026-01-20,10,BUY,55,3.3,True
AMZN,2026-01-20,20,BUY,55,-11.35,False
AMZN,2026-01-21,5,BUY,55,5.06,True
AMZN,2026-01-21,10,BUY,55,0.73,True
AMZN,2026-01-21,20,BUY,55,-11.43,False
AMZN,2026-01-22,5,BUY,55,3.15,True
AMZN,2026-01-22,10,BUY,55,-4.97,False
AMZN,2026-01-22,20,BUY,55,-10.34,False
AMZN,2026-01-23,5,BUY,55,0.06,True
AMZN,2026-01-23,10,BUY,55,-12.06,False
AMZN,2026-01-23,20,BUY,55,-14.17,False
AMZN,2026-01-26,5,BUY,55,1.9,True
AMZN,2026-01-26,10,BUY,55,-12.46,False
AMZN,2026-01-26,20,BUY,55,-12.52,False
AMZN,2026-01-27,5,BUY,55,-2.48,False
AMZN,2026-01-27,10,BUY,55,-15.42,False
AMZN,2026-01-27,20,BUY,55,-13.91,False
AMZN,2026-01-28,5,BUY,55,-4.12,False
AMZN,2026-01-28,10,BUY,55,-16.02,False
AMZN,2026-01-28,20,BUY,55,-14.44,False
AMZN,2026-01-29,5,BUY,55,-7.88,False
AMZN,2026-01-29,10,BUY,55,-17.43,False
AMZN,2026-01-29,20,BUY,55,-13.13,False
AMZN,2026-01-30,5,BUY,55,-12.11,False
AMZN,2026-01-30,10,BUY,55,-16.93,False
AMZN,2026-01-30,20,BUY,55,-12.92,False
AMZN,2026-02-02,5,BUY,55,-14.09,False
AMZN,2026-02-02,10,BUY,55,-17.21,False
AMZN,2026-02-02,20,BUY,55,-14.09,False
AMZN,2026-02-03,5,BUY,55,-13.27,False
AMZN,2026-02-03,10,BUY,55,-14.18,False
AMZN,2026-02-03,20,BUY,55,-9.14,False
AMZN,2026-02-04,5,BUY,55,-12.41,False
AMZN,2026-02-04,10,BUY,55,-12.07,False
AMZN,2026-02-04,20,BUY,55,-6.03,False
AMZN,2026-02-05,5,BUY,55,-10.37,False
AMZN,2026-02-05,10,BUY,55,-5.65,False
AMZN,2026-02-05,20,BUY,55,-4.26,False
AMZN,2026-02-06,5,BUY,55,-5.48,False
AMZN,2026-02-06,10,BUY,55,-2.4,False
AMZN,2026-02-06,20,BUY,55,1.51,True
AMZN,2026-02-09,5,BUY,55,-3.63,False
AMZN,2026-02-09,10,BUY,55,-0.08,False
AMZN,2026-02-09,20,BUY,55,2.69,True
AMZN,2026-02-10,5,BUY,55,-1.05,False
AMZN,2026-02-10,10,BUY,55,1.78,True
AMZN,2026-02-10,20,BUY,55,2.75,True
AMZN,2026-02-12,5,BUY,55,5.27,True
AMZN,2026-02-12,10,BUY,55,5.21,True
AMZN,2026-02-12,20,BUY,55,4.04,True
AMZN,2026-02-13,5,BUY,55,3.26,True
AMZN,2026-02-13,10,BUY,55,4.83,True
AMZN,2026-02-13,20,BUY,55,6.51,True
AMZN,2026-02-17,5,BUY,55,3.68,True
AMZN,2026-02-17,10,BUY,55,3.77,True
AMZN,2026-02-17,20,BUY,55,6.98,True
AMZN,2026-02-18,5,BUY,55,2.86,True
AMZN,2026-02-18,10,BUY,55,5.87,True
AMZN,2026-02-18,20,BUY,55,2.48,True
AMZN,2026-02-19,5,BUY,55,1.49,True
AMZN,2026-02-19,10,BUY,55,6.87,True
AMZN,2026-02-19,20,BUY,55,1.9,True
AMZN,2026-02-20,5,BUY,55,-0.05,False
AMZN,2026-02-20,10,BUY,55,1.48,True
AMZN,2026-02-20,20,BUY,55,-2.26,False
AMZN,2026-02-23,5,BUY,55,1.52,True
AMZN,2026-02-23,10,BUY,55,4.0,True
AMZN,2026-02-23,20,BUY,55,2.37,True
AMZN,2026-02-24,5,BUY,55,0.08,True
AMZN,2026-02-24,10,BUY,55,2.77,True
AMZN,2026-02-24,20,BUY,55,-0.63,False
AMZN,2026-02-25,5,BUY,55,2.93,True
AMZN,2026-02-25,10,BUY,55,0.95,True
AMZN,2026-02-25,20,BUY,55,0.51,True
AMZN,2026-02-26,5,BUY,55,5.3,True
AMZN,2026-02-26,10,BUY,55,0.77,True
AMZN,2026-02-26,20,BUY,55,-0.18,False
AMZN,2026-02-27,5,BUY,55,1.53,True
AMZN,2026-02-27,10,BUY,55,-1.11,False
AMZN,2026-02-27,20,BUY,55,-5.08,False
AMZN,2026-03-02,5,BUY,55,2.45,True
AMZN,2026-03-02,10,BUY,55,1.61,True
AMZN,2026-03-02,20,BUY,55,-3.57,False
AMZN,2026-03-03,5,BUY,55,2.68,True
AMZN,2026-03-03,10,BUY,55,3.1,True
AMZN,2026-03-03,20,BUY,55,-0.22,False
AMZN,2026-03-04,5,BUY,55,-1.92,False
AMZN,2026-03-04,10,BUY,55,-3.21,False
AMZN,2026-03-04,20,BUY,55,-2.88,False
AMZN,2026-03-05,5,BUY,55,-4.3,False
AMZN,2026-03-05,10,BUY,55,-4.65,False
AMZN,2026-03-05,20,BUY,55,-4.19,False
AMZN,2026-03-06,5,BUY,55,-2.6,False
AMZN,2026-03-06,10,BUY,55,-3.68,False
AMZN,2026-03-06,20,BUY,55,-0.2,False
AMZN,2026-03-09,5,BUY,55,-0.82,False
AMZN,2026-03-09,10,BUY,55,-1.57,False
AMZN,2026-03-09,20,BUY,55,0.13,True
AMZN,2026-03-10,5,SELL,55,0.41,False
AMZN,2026-03-10,10,SELL,55,-3.31,True
AMZN,2026-03-10,20,SELL,55,3.23,False
AMZN,2026-03-11,5,SELL,55,-1.31,True
AMZN,2026-03-11,10,SELL,55,-0.44,True
AMZN,2026-03-11,20,SELL,55,9.88,False
AMZN,2026-03-12,5,BUY,55,-0.37,False
AMZN,2026-03-12,10,BUY,55,-0.95,False
AMZN,2026-03-12,20,BUY,55,13.77,True
AMZN,2026-03-13,5,BUY,55,-1.11,False
AMZN,2026-03-13,10,BUY,55,-4.01,False
AMZN,2026-03-13,20,BUY,55,15.52,True
TSLA,2022-01-27,5,BUY,55,7.48,True
TSLA,2022-01-27,10,BUY,55,9.1,True
TSLA,2022-01-27,20,BUY,55,-2.32,False
TSLA,2022-01-28,5,BUY,55,9.09,True
TSLA,2022-01-28,10,BUY,55,1.61,True
TSLA,2022-01-28,20,BUY,55,2.85,True
TSLA,2022-01-31,5,BUY,55,-3.14,False
TSLA,2022-01-31,10,BUY,55,-6.51,False
TSLA,2022-01-31,20,BUY,55,-7.72,False
TSLA,2022-02-01,5,BUY,55,-0.99,False
TSLA,2022-02-01,10,BUY,55,-0.95,False
TSLA,2022-02-01,20,BUY,55,-5.52,False
TSLA,2022-02-02,5,BUY,55,2.91,True
TSLA,2022-02-02,10,BUY,55,1.96,True
TSLA,2022-02-02,20,BUY,55,-7.33,False
TSLA,2022-02-03,5,BUY,55,1.5,True
TSLA,2022-02-03,10,BUY,55,-1.66,False
TSLA,2022-02-03,20,BUY,55,-5.93,False
TSLA,2022-02-04,5,BUY,55,-6.86,False
TSLA,2022-02-04,10,BUY,55,-7.18,False
TSLA,2022-02-04,20,BUY,55,-12.86,False
TSLA,2022-02-07,5,SELL,55,-3.48,True
TSLA,2022-02-07,10,SELL,55,-9.46,True
TSLA,2022-02-07,20,SELL,55,-9.14,True
TSLA,2022-02-08,5,SELL,55,0.05,False
TSLA,2022-02-08,10,SELL,55,-17.13,True
TSLA,2022-02-08,20,SELL,55,-6.84,True
TSLA,2022-02-09,5,SELL,55,-0.92,True
TSLA,2022-02-09,10,SELL,55,-14.08,True
TSLA,2022-02-09,20,SELL,55,-10.05,True
TSLA,2022-02-10,5,SELL,55,-3.12,True
TSLA,2022-02-10,10,SELL,55,-10.47,True
TSLA,2022-02-10,20,SELL,55,-12.07,True
TSLA,2022-02-11,5,SELL,55,-0.35,True
TSLA,2022-02-11,10,SELL,55,1.21,False
TSLA,2022-02-11,20,SELL,55,-10.89,True
TSLA,2022-02-14,5,SELL,55,-6.19,True
TSLA,2022-02-14,10,SELL,55,-1.3,True
TSLA,2022-02-14,20,SELL,55,-8.43,True
TSLA,2022-02-15,5,SELL,55,-17.17,True
TSLA,2022-02-15,10,SELL,55,-4.61,True
TSLA,2022-02-15,20,SELL,55,-8.91,True
TSLA,2022-02-16,5,BUY,55,-13.28,False
TSLA,2022-02-16,10,BUY,55,-9.11,False
TSLA,2022-02-16,20,BUY,55,-5.61,False
TSLA,2022-02-17,5,SELL,55,-7.59,True
TSLA,2022-02-17,10,SELL,55,-4.34,True
TSLA,2022-02-17,20,SELL,55,3.31,False
TSLA,2022-02-18,5,SELL,55,1.57,False
TSLA,2022-02-18,10,SELL,55,-6.11,True
TSLA,2022-02-18,20,SELL,55,7.49,False
TSLA,2022-02-22,5,SELL,55,5.21,False
TSLA,2022-02-22,10,SELL,55,0.35,False
TSLA,2022-02-22,20,SELL,55,20.99,False
TSLA,2022-02-23,5,SELL,55,15.16,False
TSLA,2022-02-23,10,SELL,55,12.42,False
TSLA,2022-02-23,20,SELL,55,30.77,False
TSLA,2022-02-24,5,SELL,55,4.81,False
TSLA,2022-02-24,10,SELL,55,4.69,False
TSLA,2022-02-24,20,SELL,55,26.62,False
TSLA,2022-02-25,5,SELL,55,3.51,False
TSLA,2022-02-25,10,SELL,55,-1.79,True
TSLA,2022-02-25,20,SELL,55,24.79,False
TSLA,2022-02-28,5,SELL,55,-7.57,True
TSLA,2022-02-28,10,SELL,55,-11.96,True
TSLA,2022-02-28,20,SELL,55,25.44,False
TSLA,2022-03-01,5,SELL,55,-4.62,True
TSLA,2022-03-01,10,SELL,55,-7.23,True
TSLA,2022-03-01,20,SELL,55,27.21,False
TSLA,2022-03-02,5,SELL,55,-2.38,True
TSLA,2022-03-02,10,SELL,55,-4.51,True
TSLA,2022-03-02,20,SELL,55,24.33,False
TSLA,2022-03-03,5,SELL,55,-0.12,True
TSLA,2022-03-03,10,SELL,55,3.85,False
TSLA,2022-03-03,20,SELL,55,28.39,False
TSLA,2022-03-04,5,SELL,55,-5.12,True
TSLA,2022-03-04,10,SELL,55,8.0,False
TSLA,2022-03-04,20,SELL,55,29.38,False
TSLA,2022-03-07,5,SELL,55,-4.75,True
TSLA,2022-03-07,10,SELL,55,14.49,False
TSLA,2022-03-07,20,SELL,55,42.37,False
TSLA,2022-03-08,5,SELL,55,-2.73,True
TSLA,2022-03-08,10,SELL,55,20.57,False
TSLA,2022-03-08,20,SELL,55,32.37,False
TSLA,2022-03-09,5,SELL,55,-2.18,True
TSLA,2022-03-09,10,SELL,55,16.31,False
TSLA,2022-03-09,20,SELL,55,21.75,False
TSLA,2022-03-10,5,SELL,55,3.97,False
TSLA,2022-03-10,10,SELL,55,20.95,False
TSLA,2022-03-10,20,SELL,55,26.12,False
TSLA,2022-03-11,5,SELL,55,13.84,False
TSLA,2022-03-11,10,SELL,55,27.07,False
TSLA,2022-03-11,20,SELL,55,28.94,False
TSLA,2022-03-14,5,BUY,55,20.2,True
TSLA,2022-03-14,10,BUY,55,42.47,True
TSLA,2022-03-14,20,BUY,55,27.34,True
TSLA,2022-03-15,5,BUY,55,23.95,True
TSLA,2022-03-15,10,BUY,55,37.12,True
TSLA,2022-03-15,20,BUY,55,23.08,True
TSLA,2022-03-16,5,BUY,55,18.91,True
TSLA,2022-03-16,10,BUY,55,30.2,True
TSLA,2022-03-16,20,BUY,55,21.68,True
TSLA,2022-03-17,5,BUY,55,16.33,True
TSLA,2022-03-17,10,BUY,55,23.63,True
TSLA,2022-03-17,20,BUY,55,13.01,True
TSLA,2022-03-18,5,BUY,55,11.62,True
TSLA,2022-03-18,10,BUY,55,19.79,True
TSLA,2022-03-18,20,BUY,55,10.92,True
TSLA,2022-03-21,5,BUY,55,18.53,True
TSLA,2022-03-21,10,BUY,55,24.35,True
TSLA,2022-03-21,20,BUY,55,11.61,True
TSLA,2022-03-22,5,BUY,55,10.62,True
TSLA,2022-03-22,10,BUY,55,9.79,True
TSLA,2022-03-22,20,BUY,55,-1.69,False
TSLA,2022-03-23,5,BUY,55,9.5,True
TSLA,2022-03-23,10,BUY,55,4.67,True
TSLA,2022-03-23,20,BUY,55,0.97,True
TSLA,2022-03-24,5,BUY,55,6.28,True
TSLA,2022-03-24,10,BUY,55,4.27,True
TSLA,2022-03-24,20,BUY,55,-0.87,False
TSLA,2022-03-25,5,BUY,55,7.32,True
TSLA,2022-03-25,10,BUY,55,1.47,True
TSLA,2022-03-25,20,BUY,55,-1.25,False
TSLA,2022-03-28,5,BUY,55,4.91,True
TSLA,2022-03-28,10,BUY,55,-10.62,False
TSLA,2022-03-28,20,BUY,55,-19.73,False
TSLA,2022-03-30,5,BUY,55,-4.41,False
TSLA,2022-03-30,10,BUY,55,-6.55,False
TSLA,2022-03-30,20,BUY,55,-19.79,False
TSLA,2022-03-31,5,BUY,55,-1.89,False
TSLA,2022-03-31,10,BUY,55,-8.59,False
TSLA,2022-03-31,20,BUY,55,-19.19,False
TSLA,2022-04-01,5,BUY,55,-5.45,False
TSLA,2022-04-01,10,BUY,55,-7.4,False
TSLA,2022-04-01,20,BUY,55,-16.75,False
TSLA,2022-04-04,5,BUY,55,-14.8,False
TSLA,2022-04-04,10,BUY,55,-10.24,False
TSLA,2022-04-04,20,BUY,55,-20.62,False
TSLA,2022-04-05,5,BUY,55,-9.56,False
TSLA,2022-04-05,10,BUY,55,-10.45,False
TSLA,2022-04-05,20,BUY,55,-12.7,False
TSLA,2022-04-06,5,BUY,55,-2.24,False
TSLA,2022-04-06,10,BUY,55,-3.54,False
TSLA,2022-04-06,20,BUY,55,-16.49,False
TSLA,2022-04-07,5,BUY,55,-6.83,False
TSLA,2022-04-07,10,BUY,55,-4.94,False
TSLA,2022-04-07,20,BUY,55,-18.12,False
TSLA,2022-04-08,5,BUY,55,-2.07,False
TSLA,2022-04-08,10,BUY,55,-2.68,False
TSLA,2022-04-08,20,BUY,55,-23.25,False
TSLA,2022-04-11,5,BUY,55,5.35,True
TSLA,2022-04-11,10,BUY,55,-10.2,False
TSLA,2022-04-11,20,BUY,55,-18.02,False
TSLA,2022-04-12,5,BUY,55,-0.99,False
TSLA,2022-04-12,10,BUY,55,-10.68,False
TSLA,2022-04-12,20,BUY,55,-25.63,False
TSLA,2022-04-13,5,BUY,55,-1.33,False
TSLA,2022-04-13,10,BUY,55,-14.17,False
TSLA,2022-04-13,20,BUY,55,-28.79,False
TSLA,2022-04-14,5,BUY,55,2.04,True
TSLA,2022-04-14,10,BUY,55,-11.6,False
TSLA,2022-04-14,20,BUY,55,-21.87,False
TSLA,2022-04-18,5,SELL,55,-0.62,True
TSLA,2022-04-18,10,SELL,55,-10.09,True
TSLA,2022-04-18,20,SELL,55,-27.87,True
TSLA,2022-04-19,5,SELL,55,-14.76,True
TSLA,2022-04-19,10,SELL,55,-11.56,True
TSLA,2022-04-19,20,SELL,55,-25.92,True
TSLA,2022-04-20,5,SELL,55,-9.79,True
TSLA,2022-04-20,10,SELL,55,-2.52,True
TSLA,2022-04-20,20,SELL,55,-27.36,True
TSLA,2022-04-21,5,SELL,55,-13.01,True
TSLA,2022-04-21,10,SELL,55,-13.43,True
TSLA,2022-04-21,20,SELL,55,-29.68,True
TSLA,2022-04-22,5,SELL,55,-13.36,True
TSLA,2022-04-22,10,SELL,55,-13.87,True
TSLA,2022-04-22,20,SELL,55,-33.94,True
TSLA,2022-04-25,5,SELL,55,-9.53,True
TSLA,2022-04-25,10,SELL,55,-21.13,True
TSLA,2022-04-25,20,SELL,55,-32.38,True
TSLA,2022-04-26,5,SELL,55,3.75,False
TSLA,2022-04-26,10,SELL,55,-8.72,True
TSLA,2022-04-26,20,SELL,55,-28.33,True
TSLA,2022-04-27,5,SELL,55,8.07,False
TSLA,2022-04-27,10,SELL,55,-16.73,True
TSLA,2022-04-27,20,SELL,55,-25.26,True
TSLA,2022-04-28,5,SELL,55,-0.48,True
TSLA,2022-04-28,10,SELL,55,-17.04,True
TSLA,2022-04-28,20,SELL,55,-19.35,True
TSLA,2022-04-29,5,SELL,55,-0.59,True
TSLA,2022-04-29,10,SELL,55,-11.62,True
TSLA,2022-04-29,20,SELL,55,-12.76,True
TSLA,2022-05-02,5,BUY,55,-12.83,False
TSLA,2022-05-02,10,BUY,55,-19.78,False
TSLA,2022-05-02,20,BUY,55,-16.02,False
TSLA,2022-05-03,5,BUY,55,-12.01,False
TSLA,2022-05-03,10,BUY,55,-16.24,False
TSLA,2022-05-03,20,BUY,55,-18.57,False
TSLA,2022-05-04,5,BUY,55,-22.95,False
TSLA,2022-05-04,10,BUY,55,-25.49,False
TSLA,2022-05-04,20,BUY,55,-18.65,False
TSLA,2022-05-05,5,BUY,55,-16.64,False
TSLA,2022-05-05,10,BUY,55,-18.76,False
TSLA,2022-05-05,20,BUY,55,-19.44,False
TSLA,2022-05-06,5,SELL,55,-11.1,True
TSLA,2022-05-06,10,SELL,55,-23.31,True
TSLA,2022-05-06,20,SELL,55,-17.42,True
TSLA,2022-05-10,5,SELL,55,-4.8,True
TSLA,2022-05-10,10,SELL,55,-21.48,True
TSLA,2022-05-10,20,SELL,55,-9.3,True
TSLA,2022-05-11,5,SELL,55,-3.3,True
TSLA,2022-05-11,10,SELL,55,-10.25,True
TSLA,2022-05-11,20,SELL,55,-2.03,True
TSLA,2022-05-12,5,SELL,55,-2.55,True
TSLA,2022-05-12,10,SELL,55,-2.78,True
TSLA,2022-05-12,20,SELL,55,-4.3,True
TSLA,2022-05-13,5,SELL,55,-13.73,True
TSLA,2022-05-13,10,SELL,55,-1.29,True
TSLA,2022-05-13,20,SELL,55,-15.9,True
TSLA,2022-05-16,5,BUY,55,-6.83,False
TSLA,2022-05-16,10,BUY,55,4.68,True
TSLA,2022-05-16,20,BUY,55,-8.52,False
TSLA,2022-05-17,5,BUY,55,-17.52,False
TSLA,2022-05-17,10,BUY,55,-2.79,False
TSLA,2022-05-17,20,BUY,55,-8.22,False
TSLA,2022-05-18,5,BUY,55,-7.19,False
TSLA,2022-05-18,10,BUY,55,9.18,True
TSLA,2022-05-18,20,BUY,55,-9.93,False
TSLA,2022-05-19,5,BUY,55,-0.24,False
TSLA,2022-05-19,10,BUY,55,-0.83,False
TSLA,2022-05-19,20,BUY,55,-8.34,False
TSLA,2022-05-20,5,BUY,55,14.42,True
TSLA,2022-05-20,10,BUY,55,7.67,True
TSLA,2022-05-20,20,BUY,55,7.11,True
TSLA,2022-05-23,5,BUY,55,12.35,True
TSLA,2022-05-23,10,BUY,55,6.19,True
TSLA,2022-05-23,20,BUY,55,4.94,True
TSLA,2022-05-24,5,SELL,55,17.86,False
TSLA,2022-05-24,10,SELL,55,15.51,False
TSLA,2022-05-24,20,SELL,55,12.27,False
TSLA,2022-05-25,5,SELL,55,17.64,False
TSLA,2022-05-25,10,SELL,55,9.16,False
TSLA,2022-05-25,20,SELL,55,11.89,False
TSLA,2022-05-26,5,SELL,55,-0.59,True
TSLA,2022-05-26,10,SELL,55,-1.56,True
TSLA,2022-05-26,20,SELL,55,3.82,False
TSLA,2022-05-27,5,SELL,55,-5.9,True
TSLA,2022-05-27,10,SELL,55,-14.8,True
TSLA,2022-05-27,20,SELL,55,-8.11,True
TSLA,2022-05-31,5,SELL,55,-5.49,True
TSLA,2022-05-31,10,SELL,55,-12.61,True
TSLA,2022-05-31,20,SELL,55,-9.6,True
TSLA,2022-06-01,5,BUY,55,-1.99,False
TSLA,2022-06-01,10,BUY,55,-5.59,False
TSLA,2022-06-01,20,BUY,55,-9.04,False
TSLA,2022-06-02,5,BUY,55,-7.21,False
TSLA,2022-06-02,10,BUY,55,-17.51,False
TSLA,2022-06-02,20,BUY,55,-12.03,False
TSLA,2022-06-03,5,BUY,55,-0.98,False
TSLA,2022-06-03,10,BUY,55,-7.57,False
TSLA,2022-06-03,20,BUY,55,-0.62,False
TSLA,2022-06-06,5,BUY,55,-9.46,False
TSLA,2022-06-06,10,BUY,55,-0.52,False
TSLA,2022-06-06,20,BUY,55,-2.75,False
TSLA,2022-06-07,5,BUY,55,-7.53,False
TSLA,2022-06-07,10,BUY,55,-1.17,False
TSLA,2022-06-07,20,BUY,55,2.37,True
TSLA,2022-06-08,5,BUY,55,-3.67,False
TSLA,2022-06-08,10,BUY,55,-2.81,False
TSLA,2022-06-08,20,BUY,55,3.68,True
TSLA,2022-06-09,5,BUY,55,-11.1,False
TSLA,2022-06-09,10,BUY,55,2.5,True
TSLA,2022-06-09,20,BUY,55,-2.24,False
TSLA,2022-06-10,5,BUY,55,-6.66,False
TSLA,2022-06-10,10,BUY,55,5.46,True
TSLA,2022-06-10,20,BUY,55,0.36,True
TSLA,2022-06-13,5,BUY,55,9.87,True
TSLA,2022-06-13,10,BUY,55,7.85,True
TSLA,2022-06-13,20,BUY,55,9.87,True
TSLA,2022-06-14,5,BUY,55,6.88,True
TSLA,2022-06-14,10,BUY,55,3.44,True
TSLA,2022-06-14,20,BUY,55,7.89,True
TSLA,2022-06-15,5,BUY,55,0.89,True
TSLA,2022-06-15,10,BUY,55,-3.66,False
TSLA,2022-06-15,20,BUY,55,3.03,True
TSLA,2022-06-16,5,BUY,55,15.3,True
TSLA,2022-06-16,10,BUY,55,6.65,True
TSLA,2022-06-16,20,BUY,55,12.88,True
TSLA,2022-06-17,5,SELL,55,12.99,False
TSLA,2022-06-17,10,SELL,55,7.52,False
TSLA,2022-06-17,20,SELL,55,13.27,False
TSLA,2022-06-21,5,SELL,55,-1.85,True
TSLA,2022-06-21,10,SELL,55,-2.24,True
TSLA,2022-06-21,20,SELL,55,4.41,False
TSLA,2022-06-22,5,BUY,55,-3.22,False
TSLA,2022-06-22,10,BUY,55,3.58,True
TSLA,2022-06-22,20,BUY,55,15.09,True
TSLA,2022-06-23,5,SELL,55,-4.51,True
TSLA,2022-06-23,10,SELL,55,6.68,False
TSLA,2022-06-23,20,SELL,55,15.81,False
TSLA,2022-06-24,5,BUY,55,-7.51,False
TSLA,2022-06-24,10,BUY,55,-4.62,False
TSLA,2022-06-24,20,BUY,55,9.25,True
TSLA,2022-06-27,5,BUY,55,-4.84,False
TSLA,2022-06-27,10,BUY,55,-4.84,False
TSLA,2022-06-27,20,BUY,55,5.69,True
TSLA,2022-06-28,5,BUY,55,-0.4,False
TSLA,2022-06-28,10,BUY,55,1.88,True
TSLA,2022-06-28,20,BUY,55,18.12,True
TSLA,2022-06-29,5,SELL,55,7.03,False
TSLA,2022-06-29,10,SELL,55,4.3,False
TSLA,2022-06-29,20,SELL,55,22.94,False
TSLA,2022-06-30,5,SELL,55,11.71,False
TSLA,2022-06-30,10,SELL,55,6.95,False
TSLA,2022-06-30,20,SELL,55,32.38,False
TSLA,2022-07-01,5,SELL,55,3.12,False
TSLA,2022-07-01,10,SELL,55,5.84,False
TSLA,2022-07-01,20,SELL,55,30.81,False
TSLA,2022-07-05,5,BUY,55,0.0,True
TSLA,2022-07-05,10,BUY,55,5.35,True
TSLA,2022-07-05,20,BUY,55,28.97,True
TSLA,2022-07-06,5,BUY,55,2.29,True
TSLA,2022-07-06,10,BUY,55,6.8,True
TSLA,2022-07-06,20,BUY,55,32.65,True
TSLA,2022-07-07,5,SELL,55,-2.55,True
TSLA,2022-07-07,10,SELL,55,11.11,False
TSLA,2022-07-07,20,SELL,55,26.21,False
TSLA,2022-07-08,5,BUY,55,-4.27,False
TSLA,2022-07-08,10,BUY,55,8.57,True
TSLA,2022-07-08,20,BUY,55,14.92,True
TSLA,2022-07-11,5,BUY,55,2.65,True
TSLA,2022-07-11,10,BUY,55,14.55,True
TSLA,2022-07-11,20,BUY,55,23.93,True
TSLA,2022-07-12,5,SELL,55,5.35,False
TSLA,2022-07-12,10,SELL,55,11.07,False
TSLA,2022-07-12,20,SELL,55,21.57,False
TSLA,2022-07-13,5,BUY,55,4.41,True
TSLA,2022-07-13,10,BUY,55,15.94,True
TSLA,2022-07-13,20,BUY,55,24.18,True
TSLA,2022-07-14,5,BUY,55,14.01,True
TSLA,2022-07-14,10,BUY,55,17.87,True
TSLA,2022-07-14,20,BUY,55,20.27,True
TSLA,2022-07-15,5,SELL,55,13.4,False
TSLA,2022-07-15,10,SELL,55,23.78,False
TSLA,2022-07-15,20,SELL,55,24.98,False
TSLA,2022-07-18,5,SELL,55,11.59,False
TSLA,2022-07-18,10,SELL,55,23.58,False
TSLA,2022-07-18,20,SELL,55,28.59,False
TSLA,2022-07-19,5,BUY,55,5.43,True
TSLA,2022-07-19,10,BUY,55,22.42,True
TSLA,2022-07-19,20,BUY,55,24.86,True
TSLA,2022-07-21,5,BUY,55,3.38,True
TSLA,2022-07-21,10,BUY,55,13.59,True
TSLA,2022-07-21,20,BUY,55,11.47,True
TSLA,2022-07-22,5,BUY,55,9.15,True
TSLA,2022-07-22,10,BUY,55,5.85,True
TSLA,2022-07-22,20,BUY,55,8.97,True
TSLA,2022-07-25,5,BUY,55,10.75,True
TSLA,2022-07-25,10,BUY,55,8.19,True
TSLA,2022-07-25,20,BUY,55,8.0,True
TSLA,2022-07-26,5,BUY,55,16.12,True
TSLA,2022-07-26,10,BUY,55,9.45,True
TSLA,2022-07-26,20,BUY,55,14.52,True
TSLA,2022-07-27,5,BUY,55,11.85,True
TSLA,2022-07-27,10,BUY,55,7.11,True
TSLA,2022-07-27,20,BUY,55,8.11,True
TSLA,2022-07-28,5,BUY,55,9.87,True
TSLA,2022-07-28,10,BUY,55,2.04,True
TSLA,2022-07-28,20,BUY,55,5.4,True
TSLA,2022-07-29,5,BUY,55,-3.02,False
TSLA,2022-07-29,10,BUY,55,0.97,True
TSLA,2022-07-29,20,BUY,55,-3.05,False
TSLA,2022-08-01,5,BUY,55,-2.31,False
TSLA,2022-08-01,10,BUY,55,4.05,True
TSLA,2022-08-01,20,BUY,55,-4.19,False
TSLA,2022-08-02,5,BUY,55,-5.74,False
TSLA,2022-08-02,10,BUY,55,1.99,True
TSLA,2022-08-02,20,BUY,55,-7.61,False
TSLA,2022-08-03,5,BUY,55,-4.24,False
TSLA,2022-08-03,10,BUY,55,-1.11,False
TSLA,2022-08-03,20,BUY,55,-10.34,False
TSLA,2022-08-04,5,BUY,55,-7.13,False
TSLA,2022-08-04,10,BUY,55,-1.87,False
TSLA,2022-08-04,20,BUY,55,-10.2,False
TSLA,2022-08-05,5,BUY,55,4.12,True
TSLA,2022-08-05,10,BUY,55,2.95,True
TSLA,2022-08-05,20,BUY,55,-6.23,False
TSLA,2022-08-08,5,BUY,55,6.51,True
TSLA,2022-08-08,10,BUY,55,-0.18,False
TSLA,2022-08-08,20,BUY,55,-5.51,False
TSLA,2022-08-09,5,BUY,55,8.2,True
TSLA,2022-08-09,10,BUY,55,4.63,True
TSLA,2022-08-09,20,BUY,55,0.13,True
TSLA,2022-08-10,5,BUY,55,3.27,True
TSLA,2022-08-10,10,BUY,55,0.93,True
TSLA,2022-08-10,20,BUY,55,-1.73,False
TSLA,2022-08-11,5,BUY,55,5.67,True
TSLA,2022-08-11,10,BUY,55,3.29,True
TSLA,2022-08-11,20,BUY,55,4.55,True
TSLA,2022-08-12,5,BUY,55,-1.12,False
TSLA,2022-08-12,10,BUY,55,-3.98,False
TSLA,2022-08-12,20,BUY,55,1.46,True
TSLA,2022-08-15,5,BUY,55,-6.27,False
TSLA,2022-08-15,10,BUY,55,-7.92,False
TSLA,2022-08-15,20,BUY,55,-5.56,False
TSLA,2022-08-16,5,BUY,55,-3.3,False
TSLA,2022-08-16,10,BUY,55,-9.42,False
TSLA,2022-08-16,20,BUY,55,-1.29,False
TSLA,2022-08-17,5,BUY,55,-2.27,False
TSLA,2022-08-17,10,BUY,55,-9.34,False
TSLA,2022-08-17,20,BUY,55,-0.08,False
TSLA,2022-08-18,5,SELL,55,-2.25,True
TSLA,2022-08-18,10,SELL,55,-8.49,True
TSLA,2022-08-18,20,SELL,55,0.16,False
TSLA,2022-08-19,5,SELL,55,-2.89,True
TSLA,2022-08-19,10,SELL,55,-8.92,True
TSLA,2022-08-19,20,SELL,55,4.18,False
TSLA,2022-08-22,5,SELL,55,-1.76,True
TSLA,2022-08-22,10,SELL,55,-5.34,True
TSLA,2022-08-22,20,SELL,55,6.49,False
TSLA,2022-08-23,5,SELL,55,-6.33,True
TSLA,2022-08-23,10,SELL,55,-4.3,True
TSLA,2022-08-23,20,SELL,55,1.47,False
TSLA,2022-08-24,5,SELL,55,-7.23,True
TSLA,2022-08-24,10,SELL,55,-2.64,True
TSLA,2022-08-24,20,SELL,55,-2.86,True
TSLA,2022-08-25,5,SELL,55,-6.39,True
TSLA,2022-08-25,10,SELL,55,1.22,False
TSLA,2022-08-25,20,SELL,55,-7.01,True
TSLA,2022-08-26,5,SELL,55,-6.21,True
TSLA,2022-08-26,10,SELL,55,5.67,False
TSLA,2022-08-26,20,SELL,55,-4.19,True
TSLA,2022-08-29,5,SELL,55,-3.65,True
TSLA,2022-08-29,10,SELL,55,2.57,False
TSLA,2022-08-29,20,SELL,55,-0.66,True
TSLA,2022-08-30,5,SELL,55,2.16,False
TSLA,2022-08-30,10,SELL,55,8.97,False
TSLA,2022-08-30,20,SELL,55,3.64,False
TSLA,2022-08-31,5,SELL,55,4.95,False
TSLA,2022-08-31,10,SELL,55,10.21,False
TSLA,2022-08-31,20,SELL,55,-2.68,True
TSLA,2022-09-01,5,SELL,55,8.13,False
TSLA,2022-09-01,10,SELL,55,9.45,False
TSLA,2022-09-01,20,SELL,55,-4.3,True
TSLA,2022-09-02,5,SELL,55,12.66,False
TSLA,2022-09-02,10,SELL,55,14.38,False
TSLA,2022-09-02,20,SELL,55,-10.29,True
TSLA,2022-09-06,5,SELL,55,6.45,False
TSLA,2022-09-06,10,SELL,55,12.5,False
TSLA,2022-09-06,20,SELL,55,-9.1,True
TSLA,2022-09-07,5,SELL,55,6.67,False
TSLA,2022-09-07,10,SELL,55,6.03,False
TSLA,2022-09-07,20,SELL,55,-15.12,True
TSLA,2022-09-08,5,SELL,55,5.01,False
TSLA,2022-09-08,10,SELL,55,-0.23,True
TSLA,2022-09-08,20,SELL,55,-17.68,True
TSLA,2022-09-09,5,SELL,55,1.22,False
TSLA,2022-09-09,10,SELL,55,-8.13,True
TSLA,2022-09-09,20,SELL,55,-25.56,True
TSLA,2022-09-12,5,SELL,55,1.53,False
TSLA,2022-09-12,10,SELL,55,-9.33,True
TSLA,2022-09-12,20,SELL,55,-26.76,True
TSLA,2022-09-13,5,SELL,55,5.68,False
TSLA,2022-09-13,10,SELL,55,-3.15,True
TSLA,2022-09-13,20,SELL,55,-25.89,True
TSLA,2022-09-14,5,SELL,55,-0.6,True
TSLA,2022-09-14,10,SELL,55,-4.89,True
TSLA,2022-09-14,20,SELL,55,-28.21,True
TSLA,2022-09-15,5,SELL,55,-4.99,True
TSLA,2022-09-15,10,SELL,55,-11.7,True
TSLA,2022-09-15,20,SELL,55,-27.01,True
TSLA,2022-09-16,5,BUY,55,-9.24,False
TSLA,2022-09-16,10,BUY,55,-12.56,False
TSLA,2022-09-16,20,BUY,55,-32.42,False
TSLA,2022-09-19,5,BUY,55,-10.7,False
TSLA,2022-09-19,10,BUY,55,-21.57,False
TSLA,2022-09-19,20,BUY,55,-29.03,False
TSLA,2022-09-20,5,BUY,55,-8.35,False
TSLA,2022-09-20,10,BUY,55,-19.2,False
TSLA,2022-09-20,20,BUY,55,-28.68,False
TSLA,2022-09-21,5,BUY,55,-4.32,False
TSLA,2022-09-21,10,BUY,55,-19.94,False
TSLA,2022-09-21,20,BUY,55,-26.18,False
TSLA,2022-09-22,5,BUY,55,-7.06,False
TSLA,2022-09-22,10,BUY,55,-17.49,False
TSLA,2022-09-22,20,BUY,55,-28.17,False
TSLA,2022-09-23,5,BUY,55,-3.66,False
TSLA,2022-09-23,10,BUY,55,-18.98,False
TSLA,2022-09-23,20,BUY,55,-22.12,False
TSLA,2022-09-26,5,BUY,55,-12.18,False
TSLA,2022-09-26,10,BUY,55,-19.22,False
TSLA,2022-09-26,20,BUY,55,-23.46,False
TSLA,2022-09-27,5,BUY,55,-11.84,False
TSLA,2022-09-27,10,BUY,55,-23.48,False
TSLA,2022-09-27,20,BUY,55,-21.39,False
TSLA,2022-09-28,5,BUY,55,-16.33,False
TSLA,2022-09-28,10,BUY,55,-24.52,False
TSLA,2022-09-28,20,BUY,55,-21.95,False
TSLA,2022-09-30,5,SELL,55,-15.9,True
TSLA,2022-09-30,10,SELL,55,-22.72,True
TSLA,2022-09-30,20,SELL,55,-13.85,True
TSLA,2022-10-03,5,BUY,55,-8.02,False
TSLA,2022-10-03,10,BUY,55,-9.51,False
TSLA,2022-10-03,20,BUY,55,-6.13,False
TSLA,2022-10-04,5,SELL,55,-13.21,True
TSLA,2022-10-04,10,SELL,55,-11.73,True
TSLA,2022-10-04,20,SELL,55,-8.67,True
TSLA,2022-10-05,5,SELL,55,-9.79,True
TSLA,2022-10-05,10,SELL,55,-7.79,True
TSLA,2022-10-05,20,SELL,55,-10.73,True
TSLA,2022-10-06,5,SELL,55,-6.89,True
TSLA,2022-10-06,10,SELL,55,-12.96,True
TSLA,2022-10-06,20,SELL,55,-9.58,True
TSLA,2022-10-07,5,SELL,55,-8.11,True
TSLA,2022-10-07,10,SELL,55,-3.87,True
TSLA,2022-10-07,20,SELL,55,-6.99,True
TSLA,2022-10-10,5,SELL,55,-1.62,True
TSLA,2022-10-10,10,SELL,55,-5.25,True
TSLA,2022-10-10,20,SELL,55,-11.61,True
TSLA,2022-10-11,5,SELL,55,1.7,False
TSLA,2022-10-11,10,SELL,55,2.73,False
TSLA,2022-10-11,20,SELL,55,-11.64,True
TSLA,2022-10-12,5,SELL,55,2.21,False
TSLA,2022-10-12,10,SELL,55,3.41,False
TSLA,2022-10-12,20,SELL,55,-18.25,True
TSLA,2022-10-13,5,SELL,55,-6.51,True
TSLA,2022-10-13,10,SELL,55,1.52,False
TSLA,2022-10-13,20,SELL,55,-13.98,True
TSLA,2022-10-14,5,SELL,55,4.61,False
TSLA,2022-10-14,10,SELL,55,11.48,False
TSLA,2022-10-14,20,SELL,55,-4.4,True
TSLA,2022-10-17,5,SELL,55,-3.69,True
TSLA,2022-10-17,10,SELL,55,3.73,False
TSLA,2022-10-17,20,SELL,55,-12.95,True
TSLA,2022-10-18,5,SELL,55,1.01,False
TSLA,2022-10-18,10,SELL,55,3.47,False
TSLA,2022-10-18,20,SELL,55,-11.7,True
TSLA,2022-10-19,5,SELL,55,1.17,False
TSLA,2022-10-19,10,SELL,55,-3.18,True
TSLA,2022-10-19,20,SELL,55,-15.82,True
TSLA,2022-10-20,5,SELL,55,8.59,False
TSLA,2022-10-20,10,SELL,55,3.87,False
TSLA,2022-10-20,20,SELL,55,-11.63,True
TSLA,2022-10-21,5,SELL,55,6.57,False
TSLA,2022-10-21,10,SELL,55,-3.25,True
TSLA,2022-10-21,20,SELL,55,-15.97,True
TSLA,2022-10-24,5,BUY,55,7.71,True
TSLA,2022-10-24,10,BUY,55,-6.71,False
TSLA,2022-10-24,20,BUY,55,-20.53,False
TSLA,2022-10-25,5,BUY,55,2.43,True
TSLA,2022-10-25,10,BUY,55,-13.99,False
TSLA,2022-10-25,20,BUY,55,-23.61,False
TSLA,2022-10-26,5,BUY,55,-4.3,False
TSLA,2022-10-26,10,BUY,55,-20.94,False
TSLA,2022-10-26,20,BUY,55,-18.45,False
TSLA,2022-10-27,5,BUY,55,-4.34,False
TSLA,2022-10-27,10,BUY,55,-15.27,False
TSLA,2022-10-27,20,BUY,55,-18.76,False
TSLA,2022-10-28,5,BUY,55,-9.21,False
TSLA,2022-10-28,10,BUY,55,-14.24,False
TSLA,2022-10-28,20,BUY,55,-19.95,False
TSLA,2022-10-31,5,BUY,55,-13.39,False
TSLA,2022-10-31,10,BUY,55,-16.08,False
TSLA,2022-10-31,20,BUY,55,-20.53,False
TSLA,2022-11-01,5,BUY,55,-16.03,False
TSLA,2022-11-01,10,BUY,55,-14.66,False
TSLA,2022-11-01,20,BUY,55,-14.54,False
TSLA,2022-11-02,5,BUY,55,-17.39,False
TSLA,2022-11-02,10,BUY,55,-13.05,False
TSLA,2022-11-02,20,BUY,55,-9.43,False
TSLA,2022-11-03,5,BUY,55,-11.42,False
TSLA,2022-11-03,10,BUY,55,-14.93,False
TSLA,2022-11-03,20,BUY,55,-9.5,False
TSLA,2022-11-04,5,SELL,55,-5.54,True
TSLA,2022-11-04,10,SELL,55,-13.15,True
TSLA,2022-11-04,20,SELL,55,-12.06,True
TSLA,2022-11-07,5,SELL,55,-3.11,True
TSLA,2022-11-07,10,SELL,55,-14.82,True
TSLA,2022-11-07,20,SELL,55,-8.76,True
TSLA,2022-11-08,5,SELL,55,1.63,False
TSLA,2022-11-08,10,SELL,55,-11.18,True
TSLA,2022-11-08,20,SELL,55,-9.02,True
TSLA,2022-11-09,5,SELL,55,5.25,False
TSLA,2022-11-09,10,SELL,55,3.16,False
TSLA,2022-11-09,20,SELL,55,-2.34,True
TSLA,2022-11-10,5,BUY,55,-3.96,False
TSLA,2022-11-10,10,BUY,55,-4.12,False
TSLA,2022-11-10,20,BUY,55,-6.12,False
TSLA,2022-11-11,5,BUY,55,-8.05,False
TSLA,2022-11-11,10,BUY,55,-6.66,False
TSLA,2022-11-11,20,BUY,55,-14.36,False
TSLA,2022-11-14,5,BUY,55,-12.09,False
TSLA,2022-11-14,10,BUY,55,-5.3,False
TSLA,2022-11-14,20,BUY,55,-15.71,False
TSLA,2022-11-15,5,BUY,55,-12.61,False
TSLA,2022-11-15,10,BUY,55,0.14,True
TSLA,2022-11-15,20,BUY,55,-19.35,False
TSLA,2022-11-16,5,BUY,55,-1.99,False
TSLA,2022-11-16,10,BUY,55,4.16,True
TSLA,2022-11-16,20,BUY,55,-15.65,False
TSLA,2022-11-17,5,SELL,55,-0.17,True
TSLA,2022-11-17,10,SELL,55,6.38,False
TSLA,2022-11-17,20,SELL,55,-17.98,True
TSLA,2022-11-18,5,SELL,55,1.52,False
TSLA,2022-11-18,10,SELL,55,1.25,False
TSLA,2022-11-18,20,SELL,55,-16.83,True
TSLA,2022-11-21,5,SELL,55,7.72,False
TSLA,2022-11-21,10,SELL,55,7.12,False
TSLA,2022-11-21,20,SELL,55,-17.91,True
TSLA,2022-11-22,5,SELL,55,14.59,False
TSLA,2022-11-22,10,SELL,55,2.43,False
TSLA,2022-11-22,20,SELL,55,-19.03,True
TSLA,2022-11-23,5,SELL,55,6.28,False
TSLA,2022-11-23,10,SELL,55,-5.33,True
TSLA,2022-11-23,20,SELL,55,-31.58,True
TSLA,2022-11-25,5,SELL,55,6.56,False
TSLA,2022-11-25,10,SELL,55,-2.08,True
TSLA,2022-11-25,20,SELL,55,-32.65,True
TSLA,2022-11-28,5,SELL,55,-0.26,True
TSLA,2022-11-28,10,SELL,55,-8.25,True
TSLA,2022-11-28,20,SELL,55,-40.36,True
TSLA,2022-11-29,5,SELL,55,-0.56,True
TSLA,2022-11-29,10,SELL,55,-10.99,True
TSLA,2022-11-29,20,SELL,55,-37.67,True
TSLA,2022-11-30,5,BUY,55,-10.61,False
TSLA,2022-11-30,10,BUY,55,-19.47,False
TSLA,2022-11-30,20,BUY,55,-37.43,False
TSLA,2022-12-01,5,BUY,55,-10.92,False
TSLA,2022-12-01,10,BUY,55,-19.02,False
TSLA,2022-12-01,20,BUY,55,-36.73,False
TSLA,2022-12-02,5,BUY,55,-8.11,False
TSLA,2022-12-02,10,BUY,55,-22.9,False
TSLA,2022-12-02,20,BUY,55,-44.52,False
TSLA,2022-12-05,5,BUY,55,-8.02,False
TSLA,2022-12-05,10,BUY,55,-17.86,False
TSLA,2022-12-05,20,BUY,55,-37.71,False
TSLA,2022-12-06,5,BUY,55,-10.49,False
TSLA,2022-12-06,10,BUY,55,-23.37,False
TSLA,2022-12-06,20,BUY,55,-38.64,False
TSLA,2022-12-07,5,BUY,55,-9.91,False
TSLA,2022-12-07,10,BUY,55,-20.95,False
TSLA,2022-12-07,20,BUY,55,-35.04,False
TSLA,2022-12-08,5,BUY,55,-9.09,False
TSLA,2022-12-08,10,BUY,55,-27.73,False
TSLA,2022-12-08,20,BUY,55,-30.94,False
TSLA,2022-12-09,5,BUY,55,-16.1,False
TSLA,2022-12-09,10,BUY,55,-31.22,False
TSLA,2022-12-09,20,BUY,55,-33.62,False
TSLA,2022-12-12,5,BUY,55,-10.7,False
TSLA,2022-12-12,10,BUY,55,-34.99,False
TSLA,2022-12-12,20,BUY,55,-26.58,False
TSLA,2022-12-13,5,BUY,55,-14.38,False
TSLA,2022-12-13,10,BUY,55,-29.97,False
TSLA,2022-12-13,20,BUY,55,-23.23,False
TSLA,2022-12-14,5,SELL,55,-12.26,True
TSLA,2022-12-14,10,SELL,55,-22.31,True
TSLA,2022-12-14,20,SELL,55,-21.94,True
TSLA,2022-12-15,5,SELL,55,-20.5,True
TSLA,2022-12-15,10,SELL,55,-21.87,True
TSLA,2022-12-15,20,SELL,55,-16.6,True
TSLA,2022-12-16,5,BUY,55,-18.03,False
TSLA,2022-12-16,10,BUY,55,-28.04,False
TSLA,2022-12-16,20,BUY,55,-14.28,False
TSLA,2022-12-19,5,BUY,55,-27.2,False
TSLA,2022-12-19,10,BUY,55,-24.17,False
TSLA,2022-12-19,20,BUY,55,-15.15,False
TSLA,2022-12-20,5,BUY,55,-18.21,False
TSLA,2022-12-20,10,BUY,55,-19.93,False
TSLA,2022-12-20,20,BUY,55,-3.18,False
TSLA,2022-12-21,5,BUY,55,-11.45,False
TSLA,2022-12-21,10,BUY,55,-17.82,False
TSLA,2022-12-21,20,BUY,55,4.49,True
TSLA,2022-12-22,5,BUY,55,-1.73,False
TSLA,2022-12-22,10,BUY,55,-4.45,False
TSLA,2022-12-22,20,BUY,55,14.79,True
TSLA,2022-12-23,5,BUY,55,-12.22,False
TSLA,2022-12-23,10,BUY,55,-3.49,False
TSLA,2022-12-23,20,BUY,55,17.28,True
TSLA,2022-12-27,5,BUY,55,4.16,True
TSLA,2022-12-27,10,BUY,55,12.94,True
TSLA,2022-12-27,20,BUY,55,46.9,True
TSLA,2022-12-28,5,BUY,55,-2.1,False
TSLA,2022-12-28,10,BUY,55,9.63,True
TSLA,2022-12-28,20,BUY,55,57.84,True
TSLA,2022-12-29,5,BUY,55,-7.19,False
TSLA,2022-12-29,10,BUY,55,0.48,True
TSLA,2022-12-29,20,BUY,55,36.81,True
TSLA,2022-12-30,5,BUY,55,-2.77,False
TSLA,2022-12-30,10,BUY,55,6.75,True
TSLA,2022-12-30,20,BUY,55,40.62,True
TSLA,2023-01-03,5,BUY,55,9.94,True
TSLA,2023-01-03,10,BUY,55,19.13,True
TSLA,2023-01-03,20,BUY,55,67.82,True
TSLA,2023-01-04,5,BUY,55,8.43,True
TSLA,2023-01-04,10,BUY,55,11.91,True
TSLA,2023-01-04,20,BUY,55,65.67,True
TSLA,2023-01-05,5,BUY,55,11.98,True
TSLA,2023-01-05,10,BUY,55,20.92,True
TSLA,2023-01-05,20,BUY,55,72.18,True
TSLA,2023-01-06,5,BUY,55,8.26,True
TSLA,2023-01-06,10,BUY,55,27.14,True
TSLA,2023-01-06,20,BUY,55,72.26,True
TSLA,2023-01-09,5,BUY,55,9.79,True
TSLA,2023-01-09,10,BUY,55,20.14,True
TSLA,2023-01-09,20,BUY,55,64.32,True
TSLA,2023-01-10,5,BUY,55,8.36,True
TSLA,2023-01-10,10,BUY,55,21.52,True
TSLA,2023-01-10,20,BUY,55,69.36,True
TSLA,2023-01-11,5,BUY,55,3.21,True
TSLA,2023-01-11,10,BUY,55,30.07,True
TSLA,2023-01-11,20,BUY,55,68.25,True
TSLA,2023-01-12,5,BUY,55,7.98,True
TSLA,2023-01-12,10,BUY,55,43.98,True
TSLA,2023-01-12,20,BUY,55,59.35,True
TSLA,2023-01-13,5,BUY,55,17.44,True
TSLA,2023-01-13,10,BUY,55,36.16,True
TSLA,2023-01-13,20,BUY,55,59.02,True
TSLA,2023-01-17,5,BUY,55,9.43,True
TSLA,2023-01-17,10,BUY,55,31.74,True
TSLA,2023-01-17,20,BUY,55,59.14,True
TSLA,2023-01-18,5,BUY,55,12.15,True
TSLA,2023-01-18,10,BUY,55,40.87,True
TSLA,2023-01-18,20,BUY,55,66.36,True
TSLA,2023-01-19,5,BUY,55,26.03,True
TSLA,2023-01-19,10,BUY,55,48.05,True
TSLA,2023-01-19,20,BUY,55,58.87,True
TSLA,2023-01-20,5,BUY,55,33.34,True
TSLA,2023-01-20,10,BUY,55,42.39,True
TSLA,2023-01-20,20,BUY,55,56.13,True
TSLA,2023-01-23,5,BUY,55,15.94,True
TSLA,2023-01-23,10,BUY,55,35.49,True
TSLA,2023-01-23,20,BUY,55,37.3,True
TSLA,2023-01-24,5,BUY,55,20.38,True
TSLA,2023-01-24,10,BUY,55,36.78,True
TSLA,2023-01-24,20,BUY,55,39.59,True
TSLA,2023-01-25,5,BUY,55,25.6,True
TSLA,2023-01-25,10,BUY,55,39.37,True
TSLA,2023-01-25,20,BUY,55,39.91,True
TSLA,2023-01-26,5,BUY,55,17.47,True
TSLA,2023-01-26,10,BUY,55,29.36,True
TSLA,2023-01-26,20,BUY,55,22.84,True
TSLA,2023-01-27,5,BUY,55,6.79,True
TSLA,2023-01-27,10,BUY,55,10.67,True
TSLA,2023-01-27,20,BUY,55,16.71,True
TSLA,2023-01-30,5,BUY,55,16.86,True
TSLA,2023-01-30,10,BUY,55,16.79,True
TSLA,2023-01-30,20,BUY,55,23.43,True
TSLA,2023-01-31,5,BUY,55,13.62,True
TSLA,2023-01-31,10,BUY,55,20.8,True
TSLA,2023-01-31,20,BUY,55,17.06,True
TSLA,2023-02-01,5,BUY,55,10.96,True
TSLA,2023-02-01,10,BUY,55,18.1,True
TSLA,2023-02-01,20,BUY,55,5.23,True
TSLA,2023-02-02,5,BUY,55,10.12,True
TSLA,2023-02-02,10,BUY,55,7.31,True
TSLA,2023-02-02,20,BUY,55,5.06,True
TSLA,2023-02-03,5,BUY,55,3.64,True
TSLA,2023-02-03,10,BUY,55,9.65,True
TSLA,2023-02-03,20,BUY,55,2.02,True
TSLA,2023-02-06,5,BUY,55,-0.06,False
TSLA,2023-02-06,10,BUY,55,1.34,True
TSLA,2023-02-06,20,BUY,55,-3.62,False
TSLA,2023-02-08,5,BUY,55,6.43,True
TSLA,2023-02-08,10,BUY,55,0.39,True
TSLA,2023-02-08,20,BUY,55,-14.09,False
TSLA,2023-02-09,5,BUY,55,-2.55,False
TSLA,2023-02-09,10,BUY,55,-5.04,False
TSLA,2023-02-09,20,BUY,55,-16.34,False
TSLA,2023-02-10,5,BUY,55,5.8,True
TSLA,2023-02-10,10,BUY,55,5.45,True
TSLA,2023-02-10,20,BUY,55,-11.38,False
TSLA,2023-02-13,5,BUY,55,1.4,True
TSLA,2023-02-13,10,BUY,55,5.69,True
TSLA,2023-02-13,20,BUY,55,-5.85,False
TSLA,2023-02-14,5,BUY,55,-4.01,False
TSLA,2023-02-14,10,BUY,55,-3.1,False
TSLA,2023-02-14,20,BUY,55,-13.76,False
TSLA,2023-02-15,5,BUY,55,-5.68,False
TSLA,2023-02-15,10,BUY,55,-10.89,False
TSLA,2023-02-15,20,BUY,55,-14.05,False
TSLA,2023-02-16,5,BUY,55,-2.55,False
TSLA,2023-02-16,10,BUY,55,-2.1,False
TSLA,2023-02-16,20,BUY,55,-10.84,False
TSLA,2023-02-17,5,BUY,55,-0.33,False
TSLA,2023-02-17,10,BUY,55,-6.96,False
TSLA,2023-02-17,20,BUY,55,-12.03,False
TSLA,2023-02-21,5,BUY,55,4.23,True
TSLA,2023-02-21,10,BUY,55,-4.89,False
TSLA,2023-02-21,20,BUY,55,0.11,True
TSLA,2023-02-22,5,BUY,55,0.95,True
TSLA,2023-02-22,10,BUY,55,-9.39,False
TSLA,2023-02-22,20,BUY,55,-4.83,False
TSLA,2023-02-23,5,BUY,55,-5.53,False
TSLA,2023-02-23,10,BUY,55,-14.43,False
TSLA,2023-02-23,20,BUY,55,-4.87,False
TSLA,2023-02-24,5,BUY,55,0.46,True
TSLA,2023-02-24,10,BUY,55,-11.91,False
TSLA,2023-02-24,20,BUY,55,-3.29,False
TSLA,2023-02-27,5,BUY,55,-6.66,False
TSLA,2023-02-27,10,BUY,55,-15.97,False
TSLA,2023-02-27,20,BUY,55,-7.62,False
TSLA,2023-02-28,5,SELL,55,-8.75,True
TSLA,2023-02-28,10,SELL,55,-10.91,True
TSLA,2023-02-28,20,SELL,55,-8.03,True
TSLA,2023-03-01,5,SELL,55,-10.24,True
TSLA,2023-03-01,10,SELL,55,-11.01,True
TSLA,2023-03-01,20,SELL,55,-4.38,True
TSLA,2023-03-02,5,SELL,55,-9.42,True
TSLA,2023-03-02,10,SELL,55,-3.55,True
TSLA,2023-03-02,20,SELL,55,2.29,False
TSLA,2023-03-03,5,SELL,55,-12.31,True
TSLA,2023-03-03,10,SELL,55,-8.93,True
TSLA,2023-03-03,20,SELL,55,4.89,False
TSLA,2023-03-06,5,SELL,55,-9.97,True
TSLA,2023-03-06,10,SELL,55,-5.45,True
TSLA,2023-03-06,20,SELL,55,0.5,False
TSLA,2023-03-07,5,SELL,55,-2.37,True
TSLA,2023-03-07,10,SELL,55,5.26,False
TSLA,2023-03-07,20,SELL,55,2.59,False
TSLA,2023-03-08,5,SELL,55,-0.85,True
TSLA,2023-03-08,10,SELL,55,5.03,False
TSLA,2023-03-08,20,SELL,55,1.93,False
TSLA,2023-03-09,5,SELL,55,6.48,False
TSLA,2023-03-09,10,SELL,55,11.16,False
TSLA,2023-03-09,20,SELL,55,7.02,False
TSLA,2023-03-10,5,SELL,55,3.86,False
TSLA,2023-03-10,10,SELL,55,9.78,False
TSLA,2023-03-10,20,SELL,55,6.38,False
TSLA,2023-03-13,5,SELL,55,5.03,False
TSLA,2023-03-13,10,SELL,55,9.93,False
TSLA,2023-03-13,20,SELL,55,7.06,False
TSLA,2023-03-14,5,SELL,55,7.81,False
TSLA,2023-03-14,10,SELL,55,3.24,False
TSLA,2023-03-14,20,SELL,55,-1.48,True
TSLA,2023-03-15,5,SELL,55,5.93,False
TSLA,2023-03-15,10,SELL,55,7.44,False
TSLA,2023-03-15,20,SELL,55,3.02,False
TSLA,2023-03-16,5,SELL,55,4.39,False
TSLA,2023-03-16,10,SELL,55,6.06,False
TSLA,2023-03-16,20,SELL,55,0.47,False
TSLA,2023-03-17,5,SELL,55,5.71,False
TSLA,2023-03-17,10,SELL,55,15.17,False
TSLA,2023-03-17,20,SELL,55,3.84,False
TSLA,2023-03-20,5,SELL,55,4.67,False
TSLA,2023-03-20,10,SELL,55,6.29,False
TSLA,2023-03-20,20,SELL,55,0.58,False
TSLA,2023-03-21,5,SELL,55,-4.25,True
TSLA,2023-03-21,10,SELL,55,-2.53,True
TSLA,2023-03-21,20,SELL,55,-8.6,True
TSLA,2023-03-22,5,SELL,55,1.43,False
TSLA,2023-03-22,10,SELL,55,-2.95,True
TSLA,2023-03-22,20,SELL,55,-14.73,True
TSLA,2023-03-23,5,SELL,55,1.59,False
TSLA,2023-03-23,10,SELL,55,-3.72,True
TSLA,2023-03-23,20,SELL,55,-14.12,True
TSLA,2023-03-24,5,SELL,55,8.95,False
TSLA,2023-03-24,10,SELL,55,-3.1,True
TSLA,2023-03-24,20,SELL,55,-14.63,True
TSLA,2023-03-27,5,SELL,55,1.54,False
TSLA,2023-03-27,10,SELL,55,-2.62,True
TSLA,2023-03-27,20,SELL,55,-16.23,True
TSLA,2023-03-28,5,SELL,55,1.79,False
TSLA,2023-03-28,10,SELL,55,-4.57,True
TSLA,2023-03-28,20,SELL,55,-18.73,True
TSLA,2023-03-29,5,SELL,55,-4.31,True
TSLA,2023-03-29,10,SELL,55,-4.12,True
TSLA,2023-03-29,20,SELL,55,-17.38,True
TSLA,2023-03-30,5,SELL,55,-5.23,True
TSLA,2023-03-30,10,SELL,55,-5.26,True
TSLA,2023-03-30,20,SELL,55,-15.86,True
TSLA,2023-04-03,5,SELL,55,-4.1,True
TSLA,2023-04-03,10,SELL,55,-5.37,True
TSLA,2023-04-03,20,SELL,55,-17.69,True
TSLA,2023-04-04,5,SELL,55,-6.25,True
TSLA,2023-04-04,10,SELL,55,-6.23,True
TSLA,2023-04-04,20,SELL,55,-16.6,True
TSLA,2023-04-05,5,SELL,55,0.2,False
TSLA,2023-04-05,10,SELL,55,-12.14,True
TSLA,2023-04-05,20,SELL,55,-13.11,True
TSLA,2023-04-06,5,SELL,55,-0.03,True
TSLA,2023-04-06,10,SELL,55,-10.8,True
TSLA,2023-04-06,20,SELL,55,-8.11,True
TSLA,2023-04-10,5,SELL,55,1.37,False
TSLA,2023-04-10,10,SELL,55,-11.9,True
TSLA,2023-04-10,20,SELL,55,-6.89,True
TSLA,2023-04-11,5,SELL,55,-1.33,True
TSLA,2023-04-11,10,SELL,55,-13.98,True
TSLA,2023-04-11,20,SELL,55,-9.44,True
TSLA,2023-04-12,5,SELL,55,0.03,False
TSLA,2023-04-12,10,SELL,55,-14.84,True
TSLA,2023-04-12,20,SELL,55,-6.65,True
TSLA,2023-04-13,5,SELL,55,-12.32,True
TSLA,2023-04-13,10,SELL,55,-13.83,True
TSLA,2023-04-13,20,SELL,55,-7.43,True
TSLA,2023-04-14,5,SELL,55,-10.77,True
TSLA,2023-04-14,10,SELL,55,-11.18,True
TSLA,2023-04-14,20,SELL,55,-9.2,True
TSLA,2023-04-17,5,SELL,55,-13.09,True
TSLA,2023-04-17,10,SELL,55,-13.48,True
TSLA,2023-04-17,20,SELL,55,-11.06,True
TSLA,2023-04-18,5,SELL,55,-12.83,True
TSLA,2023-04-18,10,SELL,55,-13.02,True
TSLA,2023-04-18,20,SELL,55,-9.65,True
TSLA,2023-04-19,5,SELL,55,-14.86,True
TSLA,2023-04-19,10,SELL,55,-11.06,True
TSLA,2023-04-19,20,SELL,55,-3.73,True
TSLA,2023-04-20,5,SELL,55,-1.72,True
TSLA,2023-04-20,10,SELL,55,-1.1,True
TSLA,2023-04-20,20,SELL,55,8.53,False
TSLA,2023-04-21,5,SELL,55,-0.47,True
TSLA,2023-04-21,10,SELL,55,3.02,False
TSLA,2023-04-21,20,SELL,55,9.12,False
TSLA,2023-04-24,5,SELL,55,-0.44,True
TSLA,2023-04-24,10,SELL,55,5.68,False
TSLA,2023-04-24,20,SELL,55,16.19,False
TSLA,2023-04-25,5,SELL,55,-0.22,True
TSLA,2023-04-25,10,SELL,55,5.28,False
TSLA,2023-04-25,20,SELL,55,15.62,False
TSLA,2023-04-26,5,SELL,55,4.46,False
TSLA,2023-04-26,10,SELL,55,9.62,False
TSLA,2023-04-26,20,SELL,55,18.96,False
TSLA,2023-04-27,5,SELL,55,0.63,False
TSLA,2023-04-27,10,SELL,55,7.42,False
TSLA,2023-04-27,20,SELL,55,15.16,False
TSLA,2023-04-28,5,SELL,55,3.5,False
TSLA,2023-04-28,10,SELL,55,2.23,False
TSLA,2023-04-28,20,SELL,55,17.56,False
TSLA,2023-05-01,5,SELL,55,6.15,False
TSLA,2023-05-01,10,SELL,55,2.79,False
TSLA,2023-05-01,20,SELL,55,24.3,False
TSLA,2023-05-02,5,SELL,55,5.51,False
TSLA,2023-05-02,10,SELL,55,3.87,False
TSLA,2023-05-02,20,SELL,55,27.21,False
TSLA,2023-05-03,5,SELL,55,4.94,False
TSLA,2023-05-03,10,SELL,55,8.25,False
TSLA,2023-05-03,20,SELL,55,29.21,False
TSLA,2023-05-04,5,SELL,55,6.75,False
TSLA,2023-05-04,10,SELL,55,9.73,False
TSLA,2023-05-04,20,SELL,55,32.74,False
TSLA,2023-05-05,5,SELL,55,-1.22,True
TSLA,2023-05-05,10,SELL,55,5.93,False
TSLA,2023-05-05,20,SELL,55,27.96,False
TSLA,2023-05-08,5,SELL,55,-3.17,True
TSLA,2023-05-08,10,SELL,55,9.94,False
TSLA,2023-05-08,20,SELL,55,28.83,False
TSLA,2023-05-09,5,SELL,55,-1.55,True
TSLA,2023-05-09,10,SELL,55,9.83,False
TSLA,2023-05-09,20,SELL,55,32.76,False
TSLA,2023-05-10,5,SELL,55,3.16,False
TSLA,2023-05-10,10,SELL,55,8.52,False
TSLA,2023-05-10,20,SELL,55,39.35,False
TSLA,2023-05-11,5,SELL,55,2.8,False
TSLA,2023-05-11,10,SELL,55,7.2,False
TSLA,2023-05-11,20,SELL,55,42.03,False
TSLA,2023-05-12,5,BUY,55,7.24,True
TSLA,2023-05-12,10,BUY,55,15.0,True
TSLA,2023-05-12,20,BUY,55,48.73,True
TSLA,2023-05-15,5,BUY,55,13.54,True
TSLA,2023-05-15,10,BUY,55,20.93,True
TSLA,2023-05-15,20,BUY,55,55.52,True
TSLA,2023-05-16,5,BUY,55,11.56,True
TSLA,2023-05-16,10,BUY,55,22.47,True
TSLA,2023-05-16,20,BUY,55,54.21,True
TSLA,2023-05-17,5,BUY,55,5.2,True
TSLA,2023-05-17,10,BUY,55,19.36,True
TSLA,2023-05-17,20,BUY,55,47.19,True
TSLA,2023-05-18,5,BUY,55,4.29,True
TSLA,2023-05-18,10,BUY,55,20.96,True
TSLA,2023-05-18,20,BUY,55,47.29,True
TSLA,2023-05-19,5,BUY,55,7.23,True
TSLA,2023-05-19,10,BUY,55,20.8,True
TSLA,2023-05-19,20,BUY,55,52.35,True
TSLA,2023-05-22,5,BUY,55,6.51,True
TSLA,2023-05-22,10,BUY,55,17.18,True
TSLA,2023-05-22,20,BUY,55,37.37,True
TSLA,2023-05-23,5,BUY,55,9.78,True
TSLA,2023-05-23,10,BUY,55,20.89,True
TSLA,2023-05-23,20,BUY,55,42.44,True
TSLA,2023-05-24,5,BUY,55,13.46,True
TSLA,2023-05-24,10,BUY,55,28.41,True
TSLA,2023-05-24,20,BUY,55,40.3,True
TSLA,2023-05-25,5,BUY,55,15.99,True
TSLA,2023-05-25,10,BUY,55,32.49,True
TSLA,2023-05-25,20,BUY,55,30.67,True
TSLA,2023-05-26,5,BUY,55,12.65,True
TSLA,2023-05-26,10,BUY,55,29.33,True
TSLA,2023-05-26,20,BUY,55,29.53,True
TSLA,2023-05-30,5,BUY,55,10.02,True
TSLA,2023-05-30,10,BUY,55,28.61,True
TSLA,2023-05-30,20,BUY,55,27.38,True
TSLA,2023-05-31,5,BUY,55,10.12,True
TSLA,2023-05-31,10,BUY,55,25.92,True
TSLA,2023-05-31,20,BUY,55,26.27,True
TSLA,2023-06-01,5,BUY,55,13.17,True
TSLA,2023-06-01,10,BUY,55,23.31,True
TSLA,2023-06-01,20,BUY,55,26.14,True
TSLA,2023-06-05,5,BUY,55,14.81,True
TSLA,2023-06-05,10,BUY,55,26.12,True
TSLA,2023-06-05,20,BUY,55,29.81,True
TSLA,2023-06-06,5,BUY,55,16.9,True
TSLA,2023-06-06,10,BUY,55,17.24,True
TSLA,2023-06-06,20,BUY,55,24.96,True
TSLA,2023-06-07,5,BUY,55,14.35,True
TSLA,2023-06-07,10,BUY,55,17.83,True
TSLA,2023-06-07,20,BUY,55,22.2,True
TSLA,2023-06-08,5,BUY,55,8.96,True
TSLA,2023-06-08,10,BUY,55,9.26,True
TSLA,2023-06-08,20,BUY,55,14.8,True
TSLA,2023-06-09,5,BUY,55,6.6,True
TSLA,2023-06-09,10,BUY,55,-1.37,False
TSLA,2023-06-09,20,BUY,55,10.39,True
TSLA,2023-06-12,5,BUY,55,9.85,True
TSLA,2023-06-12,10,BUY,55,0.15,True
TSLA,2023-06-12,20,BUY,55,8.87,True
TSLA,2023-06-13,5,BUY,55,0.29,True
TSLA,2023-06-13,10,BUY,55,-0.95,False
TSLA,2023-06-13,20,BUY,55,7.42,True
TSLA,2023-06-14,5,BUY,55,3.05,True
TSLA,2023-06-14,10,BUY,55,0.28,True
TSLA,2023-06-14,20,BUY,55,9.58,True
TSLA,2023-06-15,5,BUY,55,0.27,True
TSLA,2023-06-15,10,BUY,55,2.29,True
TSLA,2023-06-15,20,BUY,55,13.47,True
TSLA,2023-06-16,5,BUY,55,-7.48,False
TSLA,2023-06-16,10,BUY,55,7.4,True
TSLA,2023-06-16,20,BUY,55,12.59,True
TSLA,2023-06-20,5,BUY,55,-8.83,False
TSLA,2023-06-20,10,BUY,55,2.93,True
TSLA,2023-06-20,20,BUY,55,6.12,True
TSLA,2023-06-21,5,BUY,55,-1.24,False
TSLA,2023-06-21,10,BUY,55,6.58,True
TSLA,2023-06-21,20,BUY,55,1.33,True
TSLA,2023-06-22,5,BUY,55,-2.69,False
TSLA,2023-06-22,10,BUY,55,3.71,True
TSLA,2023-06-22,20,BUY,55,-1.73,False
TSLA,2023-06-23,5,BUY,55,2.01,True
TSLA,2023-06-23,10,BUY,55,5.07,True
TSLA,2023-06-23,20,BUY,55,4.86,True
TSLA,2023-06-26,5,BUY,55,16.08,True
TSLA,2023-06-26,10,BUY,55,11.92,True
TSLA,2023-06-26,20,BUY,55,10.05,True
TSLA,2023-06-27,5,BUY,55,12.9,True
TSLA,2023-06-27,10,BUY,55,8.7,True
TSLA,2023-06-27,20,BUY,55,5.65,True
TSLA,2023-06-28,5,BUY,55,7.92,True
TSLA,2023-06-28,10,BUY,55,8.45,True
TSLA,2023-06-28,20,BUY,55,-0.21,False
TSLA,2023-06-29,5,BUY,55,6.57,True
TSLA,2023-06-29,10,BUY,55,9.27,True
TSLA,2023-06-29,20,BUY,55,3.47,True
TSLA,2023-06-30,5,BUY,55,2.99,True
TSLA,2023-06-30,10,BUY,55,10.93,True
TSLA,2023-06-30,20,BUY,55,2.16,True
TSLA,2023-07-03,5,BUY,55,-3.58,False
TSLA,2023-07-03,10,BUY,55,4.83,True
TSLA,2023-07-03,20,BUY,55,-6.7,False
TSLA,2023-07-05,5,BUY,55,-3.71,False
TSLA,2023-07-05,10,BUY,55,3.11,True
TSLA,2023-07-05,20,BUY,55,-10.04,False
TSLA,2023-07-06,5,BUY,55,0.49,True
TSLA,2023-07-06,10,BUY,55,-4.93,False
TSLA,2023-07-06,20,BUY,55,-6.23,False
TSLA,2023-07-07,5,SELL,55,2.53,False
TSLA,2023-07-07,10,SELL,55,-5.25,True
TSLA,2023-07-07,20,SELL,55,-7.5,True
TSLA,2023-07-10,5,SELL,55,7.7,False
TSLA,2023-07-10,10,SELL,55,-0.2,True
TSLA,2023-07-10,20,SELL,55,-6.74,True
TSLA,2023-07-11,5,SELL,55,8.73,False
TSLA,2023-07-11,10,SELL,55,-1.67,True
TSLA,2023-07-11,20,SELL,55,-7.45,True
TSLA,2023-07-12,5,SELL,55,7.08,False
TSLA,2023-07-12,10,SELL,55,-2.81,True
TSLA,2023-07-12,20,SELL,55,-10.96,True
TSLA,2023-07-13,5,SELL,55,-5.4,True
TSLA,2023-07-13,10,SELL,55,-7.98,True
TSLA,2023-07-13,20,SELL,55,-11.72,True
TSLA,2023-07-14,5,SELL,55,-7.59,True
TSLA,2023-07-14,10,SELL,55,-5.31,True
TSLA,2023-07-14,20,SELL,55,-13.76,True
TSLA,2023-07-17,5,SELL,55,-7.34,True
TSLA,2023-07-17,10,SELL,55,-7.9,True
TSLA,2023-07-17,20,SELL,55,-17.43,True
TSLA,2023-07-18,5,SELL,55,-9.57,True
TSLA,2023-07-18,10,SELL,55,-11.0,True
TSLA,2023-07-18,20,SELL,55,-20.58,True
TSLA,2023-07-19,5,SELL,55,-9.24,True
TSLA,2023-07-19,10,SELL,55,-12.75,True
TSLA,2023-07-19,20,SELL,55,-22.54,True
TSLA,2023-07-20,5,SELL,55,-2.73,True
TSLA,2023-07-20,10,SELL,55,-1.36,True
TSLA,2023-07-20,20,SELL,55,-16.61,True
TSLA,2023-07-21,5,SELL,55,2.47,False
TSLA,2023-07-21,10,SELL,55,-2.37,True
TSLA,2023-07-21,20,SELL,55,-17.13,True
TSLA,2023-07-24,5,SELL,55,-0.61,True
TSLA,2023-07-24,10,SELL,55,-6.55,True
TSLA,2023-07-24,20,SELL,55,-14.04,True
TSLA,2023-07-25,5,SELL,55,-1.59,True
TSLA,2023-07-25,10,SELL,55,-5.87,True
TSLA,2023-07-25,20,SELL,55,-12.1,True
TSLA,2023-07-26,5,SELL,55,-3.87,True
TSLA,2023-07-26,10,SELL,55,-8.38,True
TSLA,2023-07-26,20,SELL,55,-10.4,True
TSLA,2023-07-27,5,SELL,55,1.41,False
TSLA,2023-07-27,10,SELL,55,-4.06,True
TSLA,2023-07-27,20,SELL,55,-10.04,True
TSLA,2023-07-28,5,SELL,55,-4.72,True
TSLA,2023-07-28,10,SELL,55,-8.93,True
TSLA,2023-07-28,20,SELL,55,-10.45,True
TSLA,2023-07-31,5,SELL,55,-5.98,True
TSLA,2023-07-31,10,SELL,55,-10.35,True
TSLA,2023-07-31,20,SELL,55,-10.7,True
TSLA,2023-08-01,5,SELL,55,-4.36,True
TSLA,2023-08-01,10,SELL,55,-10.77,True
TSLA,2023-08-01,20,SELL,55,-1.49,True
TSLA,2023-08-02,5,SELL,55,-4.69,True
TSLA,2023-08-02,10,SELL,55,-11.22,True
TSLA,2023-08-02,20,SELL,55,1.1,False
TSLA,2023-08-03,5,SELL,55,-5.39,True
TSLA,2023-08-03,10,SELL,55,-15.46,True
TSLA,2023-08-03,20,SELL,55,-0.48,True
TSLA,2023-08-04,5,SELL,55,-4.42,True
TSLA,2023-08-04,10,SELL,55,-15.11,True
TSLA,2023-08-04,20,SELL,55,-3.49,True
TSLA,2023-08-07,5,SELL,55,-4.65,True
TSLA,2023-08-07,10,SELL,55,-8.02,True
TSLA,2023-08-07,20,SELL,55,2.0,False
TSLA,2023-08-08,5,SELL,55,-6.7,True
TSLA,2023-08-08,10,SELL,55,-6.61,True
TSLA,2023-08-08,20,SELL,55,0.89,False
TSLA,2023-08-09,5,SELL,55,-6.85,True
TSLA,2023-08-09,10,SELL,55,-2.2,True
TSLA,2023-08-09,20,SELL,55,3.84,False
TSLA,2023-08-10,5,SELL,55,-10.65,True
TSLA,2023-08-10,10,SELL,55,-6.24,True
TSLA,2023-08-10,20,SELL,55,1.29,False
TSLA,2023-08-11,5,SELL,55,-11.19,True
TSLA,2023-08-11,10,SELL,55,-1.67,True
TSLA,2023-08-11,20,SELL,55,12.75,False
TSLA,2023-08-14,5,SELL,55,-3.54,True
TSLA,2023-08-14,10,SELL,55,-0.39,True
TSLA,2023-08-14,20,SELL,55,11.56,False
TSLA,2023-08-16,5,SELL,55,4.99,False
TSLA,2023-08-16,10,SELL,55,13.87,False
TSLA,2023-08-16,20,SELL,55,22.36,False
TSLA,2023-08-17,5,SELL,55,4.94,False
TSLA,2023-08-17,10,SELL,55,17.73,False
TSLA,2023-08-17,20,SELL,55,25.17,False
TSLA,2023-08-18,5,SELL,55,10.72,False
TSLA,2023-08-18,10,SELL,55,13.7,False
TSLA,2023-08-18,20,SELL,55,23.11,False
TSLA,2023-08-21,5,SELL,55,3.26,False
TSLA,2023-08-21,10,SELL,55,10.9,False
TSLA,2023-08-21,20,SELL,55,15.23,False
TSLA,2023-08-22,5,SELL,55,10.29,False
TSLA,2023-08-22,10,SELL,55,8.03,False
TSLA,2023-08-22,20,SELL,55,12.61,False
TSLA,2023-08-23,5,SELL,55,8.46,False
TSLA,2023-08-23,10,SELL,55,6.18,False
TSLA,2023-08-23,20,SELL,55,7.95,False
TSLA,2023-08-24,5,SELL,55,12.19,False
TSLA,2023-08-24,10,SELL,55,8.02,False
TSLA,2023-08-24,20,SELL,55,6.45,False
TSLA,2023-08-25,5,SELL,55,2.69,False
TSLA,2023-08-25,10,SELL,55,14.67,False
TSLA,2023-08-25,20,SELL,55,3.52,False
TSLA,2023-08-28,5,SELL,55,7.4,False
TSLA,2023-08-28,10,SELL,55,12.0,False
TSLA,2023-08-28,20,SELL,55,2.22,False
TSLA,2023-08-29,5,BUY,55,-2.05,False
TSLA,2023-08-29,10,BUY,55,5.49,True
TSLA,2023-08-29,20,BUY,55,-6.49,False
TSLA,2023-08-30,5,BUY,55,-2.11,False
TSLA,2023-08-30,10,BUY,55,7.45,True
TSLA,2023-08-30,20,BUY,55,-4.09,False
TSLA,2023-08-31,5,BUY,55,-3.71,False
TSLA,2023-08-31,10,BUY,55,6.32,True
TSLA,2023-08-31,20,BUY,55,-3.05,False
TSLA,2023-09-01,5,BUY,55,11.66,True
TSLA,2023-09-01,10,BUY,55,8.27,True
TSLA,2023-09-01,20,BUY,55,2.69,True
TSLA,2023-09-05,5,BUY,55,4.28,True
TSLA,2023-09-05,10,BUY,55,3.9,True
TSLA,2023-09-05,20,BUY,55,-3.88,False
TSLA,2023-09-06,5,BUY,55,7.69,True
TSLA,2023-09-06,10,BUY,55,4.24,True
TSLA,2023-09-06,20,BUY,55,3.67,True
TSLA,2023-09-07,5,BUY,55,9.76,True
TSLA,2023-09-07,10,BUY,55,1.67,True
TSLA,2023-09-07,20,BUY,55,3.4,True
TSLA,2023-09-08,5,BUY,55,10.42,True
TSLA,2023-09-08,10,BUY,55,-1.46,False
TSLA,2023-09-08,20,BUY,55,4.84,True
TSLA,2023-09-11,5,BUY,55,-3.03,False
TSLA,2023-09-11,10,BUY,55,-9.72,False
TSLA,2023-09-11,20,BUY,55,-5.08,False
TSLA,2023-09-12,5,BUY,55,-0.37,False
TSLA,2023-09-12,10,BUY,55,-8.73,False
TSLA,2023-09-12,20,BUY,55,-1.44,False
TSLA,2023-09-13,5,BUY,55,-3.21,False
TSLA,2023-09-13,10,BUY,55,-11.35,False
TSLA,2023-09-13,20,BUY,55,-3.06,False
TSLA,2023-09-14,5,BUY,55,-7.37,False
TSLA,2023-09-14,10,BUY,55,-10.74,False
TSLA,2023-09-14,20,BUY,55,-6.22,False
TSLA,2023-09-15,5,BUY,55,-10.75,False
TSLA,2023-09-15,10,BUY,55,-8.81,False
TSLA,2023-09-15,20,BUY,55,-8.48,False
TSLA,2023-09-18,5,BUY,55,-6.89,False
TSLA,2023-09-18,10,BUY,55,-5.16,False
TSLA,2023-09-18,20,BUY,55,-4.28,False
TSLA,2023-09-19,5,BUY,55,-8.4,False
TSLA,2023-09-19,10,BUY,55,-7.49,False
TSLA,2023-09-19,20,BUY,55,-4.37,False
TSLA,2023-09-21,5,BUY,55,-3.64,False
TSLA,2023-09-21,10,BUY,55,1.7,True
TSLA,2023-09-21,20,BUY,55,-13.92,False
TSLA,2023-09-22,5,BUY,55,2.18,True
TSLA,2023-09-22,10,BUY,55,6.39,True
TSLA,2023-09-22,20,BUY,55,-13.43,False
TSLA,2023-09-25,5,SELL,55,1.87,False
TSLA,2023-09-25,10,SELL,55,5.13,False
TSLA,2023-09-25,20,SELL,55,-14.13,True
TSLA,2023-09-26,5,SELL,55,0.99,False
TSLA,2023-09-26,10,SELL,55,7.99,False
TSLA,2023-09-26,20,SELL,55,-11.31,True
TSLA,2023-09-27,5,SELL,55,8.59,False
TSLA,2023-09-27,10,SELL,55,9.35,False
TSLA,2023-09-27,20,SELL,55,-11.68,True
TSLA,2023-09-28,5,BUY,55,5.55,True
TSLA,2023-09-28,10,BUY,55,5.07,True
TSLA,2023-09-28,20,BUY,55,-16.49,False
TSLA,2023-09-29,5,SELL,55,4.12,False
TSLA,2023-09-29,10,SELL,55,0.36,False
TSLA,2023-09-29,20,SELL,55,-17.15,True
TSLA,2023-10-02,5,SELL,55,3.21,False
TSLA,2023-10-02,10,SELL,55,0.92,False
TSLA,2023-10-02,20,SELL,55,-21.56,True
TSLA,2023-10-03,5,SELL,55,6.93,False
TSLA,2023-10-03,10,SELL,55,3.37,False
TSLA,2023-10-03,20,SELL,55,-18.53,True
TSLA,2023-10-04,5,SELL,55,0.7,False
TSLA,2023-10-04,10,SELL,55,-7.08,True
TSLA,2023-10-04,20,SELL,55,-21.25,True
TSLA,2023-10-05,5,SELL,55,-0.45,True
TSLA,2023-10-05,10,SELL,55,-15.36,True
TSLA,2023-10-05,20,SELL,55,-15.97,True
TSLA,2023-10-06,5,SELL,55,-3.61,True
TSLA,2023-10-06,10,SELL,55,-18.63,True
TSLA,2023-10-06,20,SELL,55,-15.57,True
TSLA,2023-10-09,5,SELL,55,-2.21,True
TSLA,2023-10-09,10,SELL,55,-18.33,True
TSLA,2023-10-09,20,SELL,55,-15.56,True
TSLA,2023-10-10,5,SELL,55,-3.33,True
TSLA,2023-10-10,10,SELL,55,-17.87,True
TSLA,2023-10-10,20,SELL,55,-15.72,True
TSLA,2023-10-11,5,BUY,55,-7.72,False
TSLA,2023-10-11,10,BUY,55,-19.23,False
TSLA,2023-10-11,20,BUY,55,-15.54,False
TSLA,2023-10-12,5,BUY,55,-14.97,False
TSLA,2023-10-12,10,BUY,55,-20.52,False
TSLA,2023-10-12,20,BUY,55,-18.89,False
TSLA,2023-10-13,5,SELL,55,-15.58,True
TSLA,2023-10-13,10,SELL,55,-17.45,True
TSLA,2023-10-13,20,SELL,55,-14.52,True
TSLA,2023-10-16,5,BUY,55,-16.48,False
TSLA,2023-10-16,10,BUY,55,-22.27,False
TSLA,2023-10-16,20,BUY,55,-11.9,False
TSLA,2023-10-17,5,BUY,55,-15.04,False
TSLA,2023-10-17,10,BUY,55,-21.19,False
TSLA,2023-10-17,20,BUY,55,-6.84,False
TSLA,2023-10-18,5,SELL,55,-12.47,True
TSLA,2023-10-18,10,SELL,55,-15.25,True
TSLA,2023-10-18,20,SELL,55,0.07,False
TSLA,2023-10-19,5,SELL,55,-6.52,True
TSLA,2023-10-19,10,SELL,55,-0.73,True
TSLA,2023-10-19,20,SELL,55,6.12,False
TSLA,2023-10-20,5,SELL,55,-2.21,True
TSLA,2023-10-20,10,SELL,55,3.76,False
TSLA,2023-10-20,20,SELL,55,10.52,False
TSLA,2023-10-24,5,SELL,55,-7.24,True
TSLA,2023-10-24,10,SELL,55,2.61,False
TSLA,2023-10-24,20,SELL,55,11.4,False
TSLA,2023-10-25,5,SELL,55,-3.18,True
TSLA,2023-10-25,10,SELL,55,4.56,False
TSLA,2023-10-25,20,SELL,55,10.26,False
TSLA,2023-10-26,5,SELL,55,6.2,False
TSLA,2023-10-26,10,SELL,55,2.05,False
TSLA,2023-10-26,20,SELL,55,14.43,False
TSLA,2023-10-27,5,SELL,55,6.11,False
TSLA,2023-10-27,10,SELL,55,3.55,False
TSLA,2023-10-27,20,SELL,55,13.88,False
TSLA,2023-10-30,5,SELL,55,11.1,False
TSLA,2023-10-30,10,SELL,55,13.35,False
TSLA,2023-10-30,20,SELL,55,25.01,False
TSLA,2023-10-31,5,SELL,55,10.63,False
TSLA,2023-10-31,10,SELL,55,18.21,False
TSLA,2023-10-31,20,SELL,55,21.56,False
TSLA,2023-11-01,5,SELL,55,8.0,False
TSLA,2023-11-01,10,SELL,55,18.08,False
TSLA,2023-11-01,20,SELL,55,16.74,False
TSLA,2023-11-02,5,SELL,55,-3.9,True
TSLA,2023-11-02,10,SELL,55,6.9,False
TSLA,2023-11-02,20,SELL,55,9.3,False
TSLA,2023-11-03,5,SELL,55,-2.41,True
TSLA,2023-11-03,10,SELL,55,6.52,False
TSLA,2023-11-03,20,SELL,55,7.1,False
TSLA,2023-11-06,5,SELL,55,2.02,False
TSLA,2023-11-06,10,SELL,55,7.45,False
TSLA,2023-11-06,20,SELL,55,8.87,False
TSLA,2023-11-07,5,SELL,55,6.85,False
TSLA,2023-11-07,10,SELL,55,8.56,False
TSLA,2023-11-07,20,SELL,55,7.74,False
TSLA,2023-11-08,5,BUY,55,9.33,True
TSLA,2023-11-08,10,BUY,55,5.45,True
TSLA,2023-11-08,20,BUY,55,9.24,True
TSLA,2023-11-09,5,BUY,55,11.24,True
TSLA,2023-11-09,10,BUY,55,12.13,True
TSLA,2023-11-09,20,BUY,55,16.13,True
TSLA,2023-11-10,5,BUY,55,9.15,True
TSLA,2023-11-10,10,BUY,55,9.98,True
TSLA,2023-11-10,20,BUY,55,11.69,True
TSLA,2023-11-13,5,BUY,55,5.31,True
TSLA,2023-11-13,10,BUY,55,10.29,True
TSLA,2023-11-13,20,BUY,55,5.95,True
TSLA,2023-11-14,5,BUY,55,1.6,True
TSLA,2023-11-14,10,BUY,55,2.83,True
TSLA,2023-11-14,20,BUY,55,0.79,True
TSLA,2023-11-15,5,BUY,55,-3.55,False
TSLA,2023-11-15,10,BUY,55,-1.14,False
TSLA,2023-11-15,20,BUY,55,3.38,True
TSLA,2023-11-16,5,BUY,55,0.8,True
TSLA,2023-11-16,10,BUY,55,2.24,True
TSLA,2023-11-16,20,BUY,55,8.52,True
TSLA,2023-11-17,5,BUY,55,0.76,True
TSLA,2023-11-17,10,BUY,55,0.55,True
TSLA,2023-11-17,20,BUY,55,7.59,True
TSLA,2023-11-20,5,BUY,55,4.72,True
TSLA,2023-11-20,10,BUY,55,1.32,True
TSLA,2023-11-20,20,BUY,55,9.18,True
TSLA,2023-11-21,5,BUY,55,1.22,True
TSLA,2023-11-21,10,BUY,55,-0.76,False
TSLA,2023-11-21,20,BUY,55,2.46,True
TSLA,2023-11-22,5,BUY,55,2.51,True
TSLA,2023-11-22,10,BUY,55,3.6,True
TSLA,2023-11-22,20,BUY,55,8.66,True
TSLA,2023-11-24,5,BUY,55,1.44,True
TSLA,2023-11-24,10,BUY,55,3.56,True
TSLA,2023-11-24,20,BUY,55,7.26,True
TSLA,2023-11-27,5,BUY,55,-0.21,False
TSLA,2023-11-27,10,BUY,55,1.55,True
TSLA,2023-11-27,20,BUY,55,8.7,True
TSLA,2023-11-28,5,BUY,55,-3.24,False
TSLA,2023-11-28,10,BUY,55,-3.94,False
TSLA,2023-11-28,20,BUY,55,5.97,True
TSLA,2023-11-29,5,BUY,55,-1.95,False
TSLA,2023-11-29,10,BUY,55,-1.99,False
TSLA,2023-11-29,20,BUY,55,3.7,True
TSLA,2023-11-30,5,BUY,55,1.07,True
TSLA,2023-11-30,10,BUY,55,4.57,True
TSLA,2023-11-30,20,BUY,55,3.5,True
TSLA,2023-12-01,5,BUY,55,2.1,True
TSLA,2023-12-01,10,BUY,55,6.14,True
TSLA,2023-12-01,20,BUY,55,4.02,True
TSLA,2023-12-04,5,BUY,55,1.77,True
TSLA,2023-12-04,10,BUY,55,7.0,True
TSLA,2023-12-04,20,BUY,55,1.22,True
TSLA,2023-12-05,5,BUY,55,-0.72,False
TSLA,2023-12-05,10,BUY,55,7.75,True
TSLA,2023-12-05,20,BUY,55,-0.33,False
TSLA,2023-12-06,5,BUY,55,-0.03,False
TSLA,2023-12-06,10,BUY,55,3.25,True
TSLA,2023-12-06,20,BUY,55,-0.79,False
TSLA,2023-12-08,5,BUY,55,3.96,True
TSLA,2023-12-08,10,BUY,55,3.57,True
TSLA,2023-12-08,20,BUY,55,-3.64,False
TSLA,2023-12-11,5,BUY,55,5.15,True
TSLA,2023-12-11,10,BUY,55,7.04,True
TSLA,2023-12-11,20,BUY,55,-2.42,False
TSLA,2023-12-12,5,SELL,55,8.53,False
TSLA,2023-12-12,10,SELL,55,10.31,False
TSLA,2023-12-12,20,SELL,55,-4.13,True
TSLA,2023-12-13,5,BUY,55,3.28,True
TSLA,2023-12-13,10,BUY,55,5.8,True
TSLA,2023-12-13,20,BUY,55,-8.53,False
TSLA,2023-12-14,5,BUY,55,1.37,True
TSLA,2023-12-14,10,BUY,55,-1.02,False
TSLA,2023-12-14,20,BUY,55,-12.4,False
TSLA,2023-12-15,5,BUY,55,-0.38,False
TSLA,2023-12-15,10,BUY,55,-2.0,False
TSLA,2023-12-15,20,BUY,55,-14.97,False
TSLA,2023-12-18,5,SELL,55,1.8,False
TSLA,2023-12-18,10,SELL,55,-5.41,True
TSLA,2023-12-18,20,SELL,55,-15.95,True
TSLA,2023-12-19,5,BUY,55,1.64,True
TSLA,2023-12-19,10,BUY,55,-7.5,False
TSLA,2023-12-19,20,BUY,55,-17.51,False
TSLA,2023-12-20,5,BUY,55,2.44,True
TSLA,2023-12-20,10,BUY,55,-3.9,False
TSLA,2023-12-20,20,BUY,55,-15.51,False
TSLA,2023-12-21,5,BUY,55,-2.37,False
TSLA,2023-12-21,10,BUY,55,-5.52,False
TSLA,2023-12-21,20,BUY,55,-17.82,False
TSLA,2023-12-22,5,BUY,55,-1.63,False
TSLA,2023-12-22,10,BUY,55,-6.96,False
TSLA,2023-12-22,20,BUY,55,-17.7,False
TSLA,2023-12-26,5,BUY,55,-7.08,False
TSLA,2023-12-26,10,BUY,55,-8.83,False
TSLA,2023-12-26,20,BUY,55,-28.83,False
TSLA,2023-12-27,5,BUY,55,-8.99,False
TSLA,2023-12-27,10,BUY,55,-13.09,False
TSLA,2023-12-27,20,BUY,55,-29.91,False
TSLA,2023-12-28,5,BUY,55,-6.2,False
TSLA,2023-12-28,10,BUY,55,-13.54,False
TSLA,2023-12-28,20,BUY,55,-24.59,False
TSLA,2023-12-29,5,SELL,55,-3.23,True
TSLA,2023-12-29,10,SELL,55,-11.5,True
TSLA,2023-12-29,20,SELL,55,-22.9,True
TSLA,2024-01-02,5,BUY,55,-5.42,False
TSLA,2024-01-02,10,BUY,55,-13.23,False
TSLA,2024-01-02,20,BUY,55,-24.61,False
TSLA,2024-01-03,5,SELL,55,-1.89,True
TSLA,2024-01-03,10,SELL,55,-11.14,True
TSLA,2024-01-03,20,SELL,55,-20.8,True
TSLA,2024-01-04,5,SELL,55,-4.5,True
TSLA,2024-01-04,10,SELL,55,-10.82,True
TSLA,2024-01-04,20,SELL,55,-21.02,True
TSLA,2024-01-05,5,SELL,55,-7.83,True
TSLA,2024-01-05,10,SELL,55,-12.08,True
TSLA,2024-01-05,20,SELL,55,-23.76,True
TSLA,2024-01-08,5,SELL,55,-8.54,True
TSLA,2024-01-08,10,SELL,55,-13.02,True
TSLA,2024-01-08,20,SELL,55,-23.02,True
TSLA,2024-01-09,5,SELL,55,-8.26,True
TSLA,2024-01-09,10,SELL,55,-11.55,True
TSLA,2024-01-09,20,SELL,55,-20.17,True
TSLA,2024-01-10,5,SELL,55,-9.43,True
TSLA,2024-01-10,10,SELL,55,-21.93,True
TSLA,2024-01-10,20,SELL,55,-18.97,True
TSLA,2024-01-11,5,SELL,55,-6.61,True
TSLA,2024-01-11,10,SELL,55,-19.35,True
TSLA,2024-01-11,20,SELL,55,-14.81,True
TSLA,2024-01-12,5,SELL,55,-4.61,True
TSLA,2024-01-12,10,SELL,55,-12.77,True
TSLA,2024-01-12,20,SELL,55,-14.05,True
TSLA,2024-01-16,5,SELL,55,-4.9,True
TSLA,2024-01-16,10,SELL,55,-12.88,True
TSLA,2024-01-16,20,SELL,55,-16.32,True
TSLA,2024-01-17,5,SELL,55,-3.58,True
TSLA,2024-01-17,10,SELL,55,-13.11,True
TSLA,2024-01-17,20,SELL,55,-12.45,True
TSLA,2024-01-18,5,SELL,55,-13.8,True
TSLA,2024-01-18,10,SELL,55,-10.86,True
TSLA,2024-01-18,20,SELL,55,-5.39,True
TSLA,2024-01-19,5,SELL,55,-13.64,True
TSLA,2024-01-19,10,SELL,55,-11.44,True
TSLA,2024-01-19,20,SELL,55,-5.77,True
TSLA,2024-01-23,5,SELL,55,-8.39,True
TSLA,2024-01-23,10,SELL,55,-11.49,True
TSLA,2024-01-23,20,SELL,55,-6.87,True
TSLA,2024-01-24,5,SELL,55,-9.88,True
TSLA,2024-01-24,10,SELL,55,-9.74,True
TSLA,2024-01-24,20,SELL,55,-5.01,True
TSLA,2024-01-25,5,SELL,55,3.41,False
TSLA,2024-01-25,10,SELL,55,3.79,False
TSLA,2024-01-25,20,SELL,55,5.11,False
TSLA,2024-01-26,5,SELL,55,2.54,False
TSLA,2024-01-26,10,SELL,55,5.63,False
TSLA,2024-01-26,20,SELL,55,8.81,False
TSLA,2024-01-29,5,SELL,55,-5.17,True
TSLA,2024-01-29,10,SELL,55,-1.47,True
TSLA,2024-01-29,20,SELL,55,4.61,False
TSLA,2024-01-30,5,SELL,55,-3.39,True
TSLA,2024-01-30,10,SELL,55,-3.95,True
TSLA,2024-01-30,20,SELL,55,5.45,False
TSLA,2024-01-31,5,SELL,55,0.15,False
TSLA,2024-01-31,10,SELL,55,0.76,False
TSLA,2024-01-31,20,SELL,55,7.79,False
TSLA,2024-02-01,5,SELL,55,0.37,False
TSLA,2024-02-01,10,SELL,55,6.14,False
TSLA,2024-02-01,20,SELL,55,7.3,False
TSLA,2024-02-02,5,SELL,55,3.01,False
TSLA,2024-02-02,10,SELL,55,6.41,False
TSLA,2024-02-02,20,SELL,55,0.12,False
TSLA,2024-02-05,5,SELL,55,3.9,False
TSLA,2024-02-05,10,SELL,55,7.01,False
TSLA,2024-02-05,20,SELL,55,-0.18,True
TSLA,2024-02-06,5,SELL,55,-0.58,True
TSLA,2024-02-06,10,SELL,55,5.22,False
TSLA,2024-02-06,20,SELL,55,-4.62,True
TSLA,2024-02-07,5,SELL,55,0.6,False
TSLA,2024-02-07,10,SELL,55,5.24,False
TSLA,2024-02-07,20,SELL,55,-4.76,True
TSLA,2024-02-08,5,SELL,55,5.74,False
TSLA,2024-02-08,10,SELL,55,1.27,False
TSLA,2024-02-08,20,SELL,55,-7.5,True
TSLA,2024-02-09,5,SELL,55,3.3,False
TSLA,2024-02-09,10,SELL,55,3.01,False
TSLA,2024-02-09,20,SELL,55,-8.16,True
TSLA,2024-02-12,5,SELL,55,2.99,False
TSLA,2024-02-12,10,SELL,55,6.17,False
TSLA,2024-02-12,20,SELL,55,-5.63,True
TSLA,2024-02-13,5,SELL,55,5.84,False
TSLA,2024-02-13,10,SELL,55,9.79,False
TSLA,2024-02-13,20,SELL,55,-7.9,True
TSLA,2024-02-14,5,BUY,55,4.61,True
TSLA,2024-02-14,10,BUY,55,6.98,True
TSLA,2024-02-14,20,BUY,55,-13.89,False
TSLA,2024-02-15,5,BUY,55,-4.23,False
TSLA,2024-02-15,10,BUY,55,1.09,True
TSLA,2024-02-15,20,BUY,55,-18.4,False
TSLA,2024-02-16,5,BUY,55,-0.28,False
TSLA,2024-02-16,10,BUY,55,-5.91,False
TSLA,2024-02-16,20,BUY,55,-13.08,False
TSLA,2024-02-20,5,SELL,55,3.08,False
TSLA,2024-02-20,10,SELL,55,-6.72,True
TSLA,2024-02-20,20,SELL,55,-11.58,True
TSLA,2024-02-21,5,SELL,55,3.73,False
TSLA,2024-02-21,10,SELL,55,-9.36,True
TSLA,2024-02-21,20,SELL,55,-9.81,True
TSLA,2024-02-22,5,BUY,55,2.26,True
TSLA,2024-02-22,10,BUY,55,-9.5,False
TSLA,2024-02-22,20,BUY,55,-12.46,False
TSLA,2024-02-23,5,SELL,55,5.56,False
TSLA,2024-02-23,10,SELL,55,-8.66,True
TSLA,2024-02-23,20,SELL,55,-11.01,True
TSLA,2024-02-26,5,BUY,55,-5.65,False
TSLA,2024-02-26,10,BUY,55,-10.85,False
TSLA,2024-02-26,20,BUY,55,-13.43,False
TSLA,2024-02-27,5,BUY,55,-9.51,False
TSLA,2024-02-27,10,BUY,55,-11.11,False
TSLA,2024-02-27,20,BUY,55,-11.04,False
TSLA,2024-02-28,5,SELL,55,-12.62,True
TSLA,2024-02-28,10,SELL,55,-16.12,True
TSLA,2024-02-28,20,SELL,55,-10.99,True
TSLA,2024-02-29,5,SELL,55,-11.51,True
TSLA,2024-02-29,10,SELL,55,-19.51,True
TSLA,2024-02-29,20,SELL,55,-12.92,True
TSLA,2024-03-01,5,SELL,55,-13.47,True
TSLA,2024-03-01,10,SELL,55,-19.28,True
TSLA,2024-03-01,20,SELL,55,-13.53,True
TSLA,2024-03-04,5,SELL,55,-5.51,True
TSLA,2024-03-04,10,SELL,55,-7.62,True
TSLA,2024-03-04,20,SELL,55,-11.43,True
TSLA,2024-03-05,5,SELL,55,-1.77,True
TSLA,2024-03-05,10,SELL,55,-5.21,True
TSLA,2024-03-05,20,SELL,55,-6.84,True
TSLA,2024-03-06,5,SELL,55,-4.0,True
TSLA,2024-03-06,10,SELL,55,-0.5,True
TSLA,2024-03-06,20,SELL,55,-3.08,True
TSLA,2024-03-07,5,SELL,55,-9.04,True
TSLA,2024-03-07,10,SELL,55,-3.26,True
TSLA,2024-03-07,20,SELL,55,-7.7,True
TSLA,2024-03-08,5,SELL,55,-6.71,True
TSLA,2024-03-08,10,SELL,55,-2.57,True
TSLA,2024-03-08,20,SELL,55,-1.35,True
TSLA,2024-03-11,5,SELL,55,-2.23,True
TSLA,2024-03-11,10,SELL,55,-2.89,True
TSLA,2024-03-11,20,SELL,55,-0.5,True
TSLA,2024-03-12,5,SELL,55,-3.5,True
TSLA,2024-03-12,10,SELL,55,0.07,False
TSLA,2024-03-12,20,SELL,55,-3.26,True
TSLA,2024-03-13,5,SELL,55,3.65,False
TSLA,2024-03-13,10,SELL,55,6.11,False
TSLA,2024-03-13,20,SELL,55,3.02,False
TSLA,2024-03-14,5,SELL,55,6.35,False
TSLA,2024-03-14,10,SELL,55,8.18,False
TSLA,2024-03-14,20,SELL,55,5.26,False
TSLA,2024-03-15,5,SELL,55,4.44,False
TSLA,2024-03-15,10,SELL,55,7.12,False
TSLA,2024-03-15,20,SELL,55,-1.28,True
TSLA,2024-03-18,5,SELL,55,-0.67,True
TSLA,2024-03-18,10,SELL,55,-4.13,True
TSLA,2024-03-18,20,SELL,55,-9.6,True
TSLA,2024-03-19,5,SELL,55,3.71,False
TSLA,2024-03-19,10,SELL,55,-1.72,True
TSLA,2024-03-19,20,SELL,55,-9.26,True
TSLA,2024-03-20,5,SELL,55,2.37,False
TSLA,2024-03-20,10,SELL,55,-2.59,True
TSLA,2024-03-20,20,SELL,55,-14.65,True
TSLA,2024-03-21,5,SELL,55,1.72,False
TSLA,2024-03-21,10,SELL,55,-4.58,True
TSLA,2024-03-21,20,SELL,55,-14.91,True
TSLA,2024-03-22,5,SELL,55,2.57,False
TSLA,2024-03-22,10,SELL,55,1.26,False
TSLA,2024-03-22,20,SELL,55,-16.85,True
TSLA,2024-03-25,5,SELL,55,-3.48,True
TSLA,2024-03-25,10,SELL,55,2.46,False
TSLA,2024-03-25,20,SELL,55,-16.19,True
TSLA,2024-03-26,5,SELL,55,-5.23,True
TSLA,2024-03-26,10,SELL,55,-3.33,True
TSLA,2024-03-26,20,SELL,55,-8.75,True
TSLA,2024-03-27,5,SELL,55,-4.85,True
TSLA,2024-03-27,10,SELL,55,-2.91,True
TSLA,2024-03-27,20,SELL,55,-5.37,True
TSLA,2024-03-28,5,SELL,55,-6.19,True
TSLA,2024-03-28,10,SELL,55,-2.7,True
TSLA,2024-03-28,20,SELL,55,-4.27,True
TSLA,2024-04-01,5,SELL,55,-1.28,True
TSLA,2024-04-01,10,SELL,55,-7.84,True
TSLA,2024-04-01,20,SELL,55,10.75,False
TSLA,2024-04-02,5,SELL,55,6.15,False
TSLA,2024-04-02,10,SELL,55,-5.71,True
TSLA,2024-04-02,20,SELL,55,9.99,False
TSLA,2024-04-03,5,SELL,55,2.01,False
TSLA,2024-04-03,10,SELL,55,-7.68,True
TSLA,2024-04-03,20,SELL,55,6.9,False
TSLA,2024-04-04,5,BUY,55,2.04,True
TSLA,2024-04-04,10,BUY,55,-12.38,False
TSLA,2024-04-04,20,BUY,55,5.2,True
TSLA,2024-04-05,5,BUY,55,3.73,True
TSLA,2024-04-05,10,BUY,55,-10.82,False
TSLA,2024-04-05,20,BUY,55,9.88,True
TSLA,2024-04-08,5,BUY,55,-6.65,False
TSLA,2024-04-08,10,BUY,55,-17.88,False
TSLA,2024-04-08,20,BUY,55,6.81,True
TSLA,2024-04-09,5,BUY,55,-11.18,False
TSLA,2024-04-09,10,BUY,55,-18.2,False
TSLA,2024-04-09,20,BUY,55,0.53,True
TSLA,2024-04-10,5,BUY,55,-9.5,False
TSLA,2024-04-10,10,BUY,55,-5.61,False
TSLA,2024-04-10,20,BUY,55,1.72,True
TSLA,2024-04-11,5,BUY,55,-14.13,False
TSLA,2024-04-11,10,BUY,55,-2.53,False
TSLA,2024-04-11,20,BUY,55,-1.51,False
TSLA,2024-04-12,5,BUY,55,-14.03,False
TSLA,2024-04-12,10,BUY,55,-1.61,False
TSLA,2024-04-12,20,BUY,55,-1.51,False
TSLA,2024-04-15,5,SELL,55,-12.03,True
TSLA,2024-04-15,10,SELL,55,20.17,False
TSLA,2024-04-15,20,SELL,55,6.45,False
TSLA,2024-04-16,5,SELL,55,-7.91,True
TSLA,2024-04-16,10,SELL,55,16.66,False
TSLA,2024-04-16,20,SELL,55,13.01,False
TSLA,2024-04-17,5,SELL,55,4.3,False
TSLA,2024-04-17,10,SELL,55,15.79,False
TSLA,2024-04-17,20,SELL,55,11.93,False
TSLA,2024-04-18,5,SELL,55,13.51,False
TSLA,2024-04-18,10,SELL,55,20.06,False
TSLA,2024-04-18,20,SELL,55,16.61,False
TSLA,2024-04-19,5,SELL,55,14.44,False
TSLA,2024-04-19,10,SELL,55,23.22,False
TSLA,2024-04-19,20,SELL,55,20.68,False
TSLA,2024-04-22,5,SELL,55,36.61,False
TSLA,2024-04-22,10,SELL,55,30.07,False
TSLA,2024-04-22,20,SELL,55,23.16,False
TSLA,2024-04-23,5,SELL,55,26.68,False
TSLA,2024-04-23,10,SELL,55,22.9,False
TSLA,2024-04-23,20,SELL,55,28.97,False
TSLA,2024-04-24,5,BUY,55,11.02,True
TSLA,2024-04-24,10,BUY,55,7.77,True
TSLA,2024-04-24,20,BUY,55,11.09,True
TSLA,2024-04-25,5,BUY,55,5.78,True
TSLA,2024-04-25,10,BUY,55,1.05,True
TSLA,2024-04-25,20,BUY,55,2.09,True
TSLA,2024-04-26,5,BUY,55,7.67,True
TSLA,2024-04-26,10,BUY,55,0.11,True
TSLA,2024-04-26,20,BUY,55,6.51,True
TSLA,2024-04-29,5,BUY,55,-4.79,False
TSLA,2024-04-29,10,BUY,55,-11.42,False
TSLA,2024-04-29,20,BUY,55,-8.92,False
TSLA,2024-04-30,5,BUY,55,-2.98,False
TSLA,2024-04-30,10,BUY,55,-3.13,False
TSLA,2024-04-30,20,BUY,55,-3.87,False
TSLA,2024-05-01,5,BUY,55,-2.93,False
TSLA,2024-05-01,10,BUY,55,-3.33,False
TSLA,2024-05-01,20,BUY,55,-0.67,False
TSLA,2024-05-02,5,BUY,55,-4.47,False
TSLA,2024-05-02,10,BUY,55,-2.87,False
TSLA,2024-05-02,20,BUY,55,-1.07,False
TSLA,2024-05-03,5,BUY,55,-7.02,False
TSLA,2024-05-03,10,BUY,55,-2.06,False
TSLA,2024-05-03,20,BUY,55,-2.7,False
TSLA,2024-05-06,5,BUY,55,-6.97,False
TSLA,2024-05-06,10,BUY,55,-5.31,False
TSLA,2024-05-06,20,BUY,55,-5.41,False
TSLA,2024-05-07,5,BUY,55,-0.15,False
TSLA,2024-05-07,10,BUY,55,4.94,True
TSLA,2024-05-07,20,BUY,55,-1.58,False
TSLA,2024-05-08,5,BUY,55,-0.42,False
TSLA,2024-05-08,10,BUY,55,3.08,True
TSLA,2024-05-08,20,BUY,55,1.84,True
TSLA,2024-05-09,5,BUY,55,1.67,True
TSLA,2024-05-09,10,BUY,55,1.03,True
TSLA,2024-05-09,20,BUY,55,3.2,True
TSLA,2024-05-10,5,BUY,55,5.34,True
TSLA,2024-05-10,10,BUY,55,6.39,True
TSLA,2024-05-10,20,BUY,55,3.16,True
TSLA,2024-05-13,5,BUY,55,1.78,True
TSLA,2024-05-13,10,BUY,55,2.83,True
TSLA,2024-05-13,20,BUY,55,-0.72,False
TSLA,2024-05-14,5,SELL,55,5.1,False
TSLA,2024-05-14,10,SELL,55,-0.77,True
TSLA,2024-05-14,20,SELL,55,-0.15,True
TSLA,2024-05-15,5,SELL,55,3.52,False
TSLA,2024-05-15,10,SELL,55,2.76,False
TSLA,2024-05-15,20,SELL,55,4.87,False
TSLA,2024-05-17,5,SELL,55,1.0,False
TSLA,2024-05-17,10,SELL,55,-0.66,True
TSLA,2024-05-17,20,SELL,55,5.62,False
TSLA,2024-05-20,5,SELL,55,1.03,False
TSLA,2024-05-20,10,SELL,55,-0.1,True
TSLA,2024-05-20,20,SELL,55,5.66,False
TSLA,2024-05-21,5,SELL,55,-5.58,True
TSLA,2024-05-21,10,SELL,55,-6.22,True
TSLA,2024-05-21,20,SELL,55,-2.7,True
TSLA,2024-05-22,5,SELL,55,-0.73,True
TSLA,2024-05-22,10,SELL,55,-1.2,True
TSLA,2024-05-22,20,SELL,55,1.61,False
TSLA,2024-05-23,5,SELL,55,2.5,False
TSLA,2024-05-23,10,SELL,55,2.15,False
TSLA,2024-05-23,20,SELL,55,5.09,False
TSLA,2024-05-24,5,SELL,55,-1.65,True
TSLA,2024-05-24,10,SELL,55,-3.04,True
TSLA,2024-05-24,20,SELL,55,4.52,False
TSLA,2024-05-28,5,SELL,55,-1.12,True
TSLA,2024-05-28,10,SELL,55,-3.45,True
TSLA,2024-05-28,20,SELL,55,11.1,False
TSLA,2024-05-29,5,SELL,55,-0.68,True
TSLA,2024-05-29,10,SELL,55,0.62,False
TSLA,2024-05-29,20,SELL,55,12.05,False
TSLA,2024-05-30,5,SELL,55,-0.48,True
TSLA,2024-05-30,10,SELL,55,2.06,False
TSLA,2024-05-30,20,SELL,55,10.68,False
TSLA,2024-05-31,5,SELL,55,-0.34,True
TSLA,2024-05-31,10,SELL,55,-0.04,True
TSLA,2024-05-31,20,SELL,55,17.85,False
TSLA,2024-06-03,5,SELL,55,-1.42,True
TSLA,2024-06-03,10,SELL,55,6.32,False
TSLA,2024-06-03,20,SELL,55,31.18,False
TSLA,2024-06-04,5,SELL,55,-2.35,True
TSLA,2024-06-04,10,SELL,55,5.77,False
TSLA,2024-06-04,20,SELL,55,40.98,False
TSLA,2024-06-05,5,SELL,55,1.31,False
TSLA,2024-06-05,10,SELL,55,3.75,False
TSLA,2024-06-05,20,SELL,55,43.73,False
TSLA,2024-06-06,5,SELL,55,2.55,False
TSLA,2024-06-06,10,SELL,55,2.85,False
TSLA,2024-06-06,20,SELL,55,42.15,False
TSLA,2024-06-07,5,SELL,55,0.3,False
TSLA,2024-06-07,10,SELL,55,2.87,False
TSLA,2024-06-07,20,SELL,55,47.81,False
TSLA,2024-06-10,5,SELL,55,7.85,False
TSLA,2024-06-10,10,SELL,55,7.8,False
TSLA,2024-06-10,20,SELL,55,51.48,False
TSLA,2024-06-11,5,SELL,55,8.32,False
TSLA,2024-06-11,10,SELL,55,15.07,False
TSLA,2024-06-11,20,SELL,55,41.23,False
TSLA,2024-06-12,5,SELL,55,2.41,False
TSLA,2024-06-12,10,SELL,55,11.35,False
TSLA,2024-06-12,20,SELL,55,40.01,False
TSLA,2024-06-13,5,BUY,55,0.3,True
TSLA,2024-06-13,10,BUY,55,8.45,True
TSLA,2024-06-13,20,BUY,55,38.46,True
TSLA,2024-06-14,5,BUY,55,2.57,True
TSLA,2024-06-14,10,BUY,55,17.89,True
TSLA,2024-06-14,20,BUY,55,44.13,True
TSLA,2024-06-17,5,BUY,55,-0.05,False
TSLA,2024-06-17,10,BUY,55,23.38,True
TSLA,2024-06-17,20,BUY,55,32.58,True
TSLA,2024-06-18,5,BUY,55,6.23,True
TSLA,2024-06-18,10,BUY,55,33.28,True
TSLA,2024-06-18,20,BUY,55,34.82,True
TSLA,2024-06-20,5,BUY,55,8.73,True
TSLA,2024-06-20,10,BUY,55,38.53,True
TSLA,2024-06-20,20,BUY,55,31.74,True
TSLA,2024-06-21,5,BUY,55,8.13,True
TSLA,2024-06-21,10,BUY,55,38.21,True
TSLA,2024-06-21,20,BUY,55,37.43,True
TSLA,2024-06-24,5,BUY,55,14.94,True
TSLA,2024-06-24,10,BUY,55,43.68,True
TSLA,2024-06-24,20,BUY,55,34.94,True
TSLA,2024-06-25,5,BUY,55,23.44,True
TSLA,2024-06-25,10,BUY,55,40.52,True
TSLA,2024-06-25,20,BUY,55,15.29,True
TSLA,2024-06-26,5,BUY,55,25.47,True
TSLA,2024-06-26,10,BUY,55,22.74,True
TSLA,2024-06-26,20,BUY,55,12.16,True
TSLA,2024-06-27,5,BUY,55,27.4,True
TSLA,2024-06-27,10,BUY,55,25.74,True
TSLA,2024-06-27,20,BUY,55,11.34,True
TSLA,2024-06-28,5,BUY,55,27.82,True
TSLA,2024-06-28,10,BUY,55,27.67,True
TSLA,2024-06-28,20,BUY,55,17.29,True
TSLA,2024-07-01,5,BUY,55,25.0,True
TSLA,2024-07-01,10,BUY,55,22.25,True
TSLA,2024-07-01,20,BUY,55,6.08,True
TSLA,2024-07-02,5,BUY,55,13.84,True
TSLA,2024-07-02,10,BUY,55,7.45,True
TSLA,2024-07-02,20,BUY,55,0.35,True
TSLA,2024-07-03,5,BUY,55,-2.18,False
TSLA,2024-07-03,10,BUY,55,1.15,True
TSLA,2024-07-03,20,BUY,55,-11.99,False
TSLA,2024-07-05,5,BUY,55,-1.31,False
TSLA,2024-07-05,10,BUY,55,-4.9,False
TSLA,2024-07-05,20,BUY,55,-17.43,False
TSLA,2024-07-08,5,BUY,55,-0.12,False
TSLA,2024-07-08,10,BUY,55,-0.57,False
TSLA,2024-07-08,20,BUY,55,-21.37,False
TSLA,2024-07-09,5,BUY,55,-2.2,False
TSLA,2024-07-09,10,BUY,55,-6.08,False
TSLA,2024-07-09,20,BUY,55,-23.52,False
TSLA,2024-07-10,5,BUY,55,-5.61,False
TSLA,2024-07-10,10,BUY,55,-17.96,False
TSLA,2024-07-10,20,BUY,55,-27.16,False
TSLA,2024-07-11,5,BUY,55,3.4,True
TSLA,2024-07-11,10,BUY,55,-8.62,False
TSLA,2024-07-11,20,BUY,55,-17.5,False
TSLA,2024-07-12,5,BUY,55,-3.64,False
TSLA,2024-07-12,10,BUY,55,-11.45,False
TSLA,2024-07-12,20,BUY,55,-19.43,False
TSLA,2024-07-15,5,BUY,55,-0.45,False
TSLA,2024-07-15,10,BUY,55,-8.13,False
TSLA,2024-07-15,20,BUY,55,-21.83,False
TSLA,2024-07-16,5,BUY,55,-3.97,False
TSLA,2024-07-16,10,BUY,55,-13.23,False
TSLA,2024-07-16,20,BUY,55,-18.99,False
TSLA,2024-07-17,5,BUY,55,-13.08,False
TSLA,2024-07-17,10,BUY,55,-6.61,False
TSLA,2024-07-17,20,BUY,55,-18.96,False
TSLA,2024-07-18,5,BUY,55,-11.63,False
TSLA,2024-07-18,10,BUY,55,-12.99,False
TSLA,2024-07-18,20,BUY,55,-14.08,False
TSLA,2024-07-19,5,BUY,55,-8.11,False
TSLA,2024-07-19,10,BUY,55,-13.18,False
TSLA,2024-07-19,20,BUY,55,-9.65,False
TSLA,2024-07-22,5,BUY,55,-7.72,False
TSLA,2024-07-22,10,BUY,55,-20.93,False
TSLA,2024-07-22,20,BUY,55,-11.45,False
TSLA,2024-07-23,5,BUY,55,-9.64,False
TSLA,2024-07-23,10,BUY,55,-18.56,False
TSLA,2024-07-23,20,BUY,55,-10.26,False
TSLA,2024-07-24,5,BUY,55,7.44,True
TSLA,2024-07-24,10,BUY,55,-11.22,False
TSLA,2024-07-24,20,BUY,55,3.37,True
TSLA,2024-07-25,5,BUY,55,-1.54,False
TSLA,2024-07-25,10,BUY,55,-9.72,False
TSLA,2024-07-25,20,BUY,55,-4.35,False
TSLA,2024-07-26,5,BUY,55,-5.52,False
TSLA,2024-07-26,10,BUY,55,-9.01,False
TSLA,2024-07-26,20,BUY,55,0.24,True
TSLA,2024-07-29,5,BUY,55,-14.31,False
TSLA,2024-07-29,10,BUY,55,-14.91,False
TSLA,2024-07-29,20,BUY,55,-8.14,False
TSLA,2024-07-30,5,BUY,55,-9.87,False
TSLA,2024-07-30,10,BUY,55,-6.64,False
TSLA,2024-07-30,20,BUY,55,-6.02,False
TSLA,2024-07-31,5,BUY,55,-17.37,False
TSLA,2024-07-31,10,BUY,55,-13.22,False
TSLA,2024-07-31,20,BUY,55,-11.34,False
TSLA,2024-08-01,5,SELL,55,-8.31,True
TSLA,2024-08-01,10,SELL,55,-1.25,True
TSLA,2024-08-01,20,SELL,55,-4.88,True
TSLA,2024-08-02,5,SELL,55,-3.69,True
TSLA,2024-08-02,10,SELL,55,4.07,False
TSLA,2024-08-02,20,SELL,55,3.1,False
TSLA,2024-08-05,5,SELL,55,-0.7,True
TSLA,2024-08-05,10,SELL,55,11.99,False
TSLA,2024-08-05,20,SELL,55,5.89,False
TSLA,2024-08-06,5,SELL,55,3.58,False
TSLA,2024-08-06,10,SELL,55,10.2,False
TSLA,2024-08-06,20,SELL,55,9.36,False
TSLA,2024-08-07,5,SELL,55,5.02,False
TSLA,2024-08-07,10,SELL,55,16.43,False
TSLA,2024-08-07,20,SELL,55,20.03,False
TSLA,2024-08-08,5,SELL,55,7.69,False
TSLA,2024-08-08,10,SELL,55,5.94,False
TSLA,2024-08-08,20,SELL,55,5.98,False
TSLA,2024-08-09,5,SELL,55,8.06,False
TSLA,2024-08-09,10,SELL,55,10.16,False
TSLA,2024-08-09,20,SELL,55,8.14,False
TSLA,2024-08-12,5,SELL,55,12.78,False
TSLA,2024-08-12,10,SELL,55,7.96,False
TSLA,2024-08-12,20,SELL,55,14.52,False
TSLA,2024-08-13,5,SELL,55,6.39,False
TSLA,2024-08-13,10,SELL,55,0.66,False
TSLA,2024-08-13,20,SELL,55,9.77,False
TSLA,2024-08-14,5,SELL,55,10.87,False
TSLA,2024-08-14,10,SELL,55,2.17,False
TSLA,2024-08-14,20,SELL,55,14.12,False
TSLA,2024-08-15,5,SELL,55,-1.63,True
TSLA,2024-08-15,10,SELL,55,-3.67,True
TSLA,2024-08-15,20,SELL,55,7.54,False
TSLA,2024-08-16,5,SELL,55,1.94,False
TSLA,2024-08-16,10,SELL,55,-0.93,True
TSLA,2024-08-16,20,SELL,55,4.93,False
TSLA,2024-08-20,5,SELL,55,-5.38,True
TSLA,2024-08-20,10,SELL,55,-0.76,True
TSLA,2024-08-20,20,SELL,55,2.76,False
TSLA,2024-08-21,5,SELL,55,-7.85,True
TSLA,2024-08-21,10,SELL,55,3.09,False
TSLA,2024-08-21,20,SELL,55,9.25,False
TSLA,2024-08-22,5,SELL,55,-2.08,True
TSLA,2024-08-22,10,SELL,55,0.03,False
TSLA,2024-08-22,20,SELL,55,13.1,False
TSLA,2024-08-23,5,SELL,55,-2.82,True
TSLA,2024-08-23,10,SELL,55,-1.84,True
TSLA,2024-08-23,20,SELL,55,13.47,False
TSLA,2024-08-26,5,SELL,55,-1.22,True
TSLA,2024-08-26,10,SELL,55,6.08,False
TSLA,2024-08-26,20,SELL,55,19.26,False
TSLA,2024-08-27,5,SELL,55,4.88,False
TSLA,2024-08-27,10,SELL,55,9.04,False
TSLA,2024-08-27,20,SELL,55,22.85,False
TSLA,2024-08-28,5,SELL,55,11.87,False
TSLA,2024-08-28,10,SELL,55,11.69,False
TSLA,2024-08-28,20,SELL,55,23.56,False
TSLA,2024-08-29,5,SELL,55,2.16,False
TSLA,2024-08-29,10,SELL,55,11.64,False
TSLA,2024-08-29,20,SELL,55,26.27,False
TSLA,2024-08-30,5,SELL,55,1.01,False
TSLA,2024-08-30,10,SELL,55,5.92,False
TSLA,2024-08-30,20,SELL,55,22.19,False
TSLA,2024-09-03,5,SELL,55,7.39,False
TSLA,2024-09-03,10,SELL,55,8.2,False
TSLA,2024-09-03,20,SELL,55,22.52,False
TSLA,2024-09-04,5,SELL,55,3.97,False
TSLA,2024-09-04,10,SELL,55,3.55,False
TSLA,2024-09-04,20,SELL,55,13.5,False
TSLA,2024-09-05,5,BUY,55,-0.16,False
TSLA,2024-09-05,10,BUY,55,5.97,True
TSLA,2024-09-05,20,BUY,55,4.56,True
TSLA,2024-09-06,5,BUY,55,9.28,True
TSLA,2024-09-06,10,BUY,55,13.06,True
TSLA,2024-09-06,20,BUY,55,18.67,True
TSLA,2024-09-09,5,SELL,55,4.86,False
TSLA,2024-09-09,10,SELL,55,15.6,False
TSLA,2024-09-09,20,SELL,55,11.36,False
TSLA,2024-09-10,5,BUY,55,0.75,True
TSLA,2024-09-10,10,BUY,55,12.42,True
TSLA,2024-09-10,20,BUY,55,8.1,True
TSLA,2024-09-11,5,BUY,55,-0.41,False
TSLA,2024-09-11,10,BUY,55,12.66,True
TSLA,2024-09-11,20,BUY,55,5.66,True
TSLA,2024-09-12,5,BUY,55,6.14,True
TSLA,2024-09-12,10,BUY,55,10.62,True
TSLA,2024-09-12,20,BUY,55,3.9,True
TSLA,2024-09-13,5,BUY,55,3.46,True
TSLA,2024-09-13,10,BUY,55,13.1,True
TSLA,2024-09-13,20,BUY,55,-5.42,False
TSLA,2024-09-16,5,BUY,55,10.24,True
TSLA,2024-09-16,10,BUY,55,15.37,True
TSLA,2024-09-16,20,BUY,55,-3.36,False
TSLA,2024-09-17,5,BUY,55,11.59,True
TSLA,2024-09-17,10,BUY,55,13.23,True
TSLA,2024-09-17,20,BUY,55,-3.64,False
TSLA,2024-09-18,5,BUY,55,13.12,True
TSLA,2024-09-18,10,BUY,55,9.6,True
TSLA,2024-09-18,20,BUY,55,-2.58,False
TSLA,2024-09-19,5,BUY,55,4.22,True
TSLA,2024-09-19,10,BUY,55,-1.34,False
TSLA,2024-09-19,20,BUY,55,-9.44,False
TSLA,2024-09-20,5,BUY,55,9.32,True
TSLA,2024-09-20,10,BUY,55,4.97,True
TSLA,2024-09-20,20,BUY,55,-7.37,False
TSLA,2024-09-24,5,BUY,55,1.47,True
TSLA,2024-09-24,10,BUY,55,-3.84,False
TSLA,2024-09-24,20,BUY,55,-14.28,False
TSLA,2024-09-25,5,BUY,55,-3.11,False
TSLA,2024-09-25,10,BUY,55,-6.21,False
TSLA,2024-09-25,20,BUY,55,-16.87,False
TSLA,2024-09-26,5,BUY,55,-5.33,False
TSLA,2024-09-26,10,BUY,55,-6.08,False
TSLA,2024-09-26,20,BUY,55,2.46,True
TSLA,2024-09-27,5,BUY,55,-3.99,False
TSLA,2024-09-27,10,BUY,55,-16.38,False
TSLA,2024-09-27,20,BUY,55,3.35,True
TSLA,2024-09-30,5,BUY,55,-7.95,False
TSLA,2024-09-30,10,BUY,55,-16.23,False
TSLA,2024-09-30,20,BUY,55,0.34,True
TSLA,2024-10-01,5,BUY,55,-5.24,False
TSLA,2024-10-01,10,BUY,55,-14.9,False
TSLA,2024-10-01,20,BUY,55,0.58,True
TSLA,2024-10-02,5,BUY,55,-3.2,False
TSLA,2024-10-02,10,BUY,55,-11.12,False
TSLA,2024-10-02,20,BUY,55,3.43,True
TSLA,2024-10-03,5,BUY,55,-0.79,False
TSLA,2024-10-03,10,BUY,55,-8.21,False
TSLA,2024-10-03,20,BUY,55,3.82,True
TSLA,2024-10-04,5,BUY,55,-12.91,False
TSLA,2024-10-04,10,BUY,55,-11.75,False
TSLA,2024-10-04,20,BUY,55,-0.44,False
TSLA,2024-10-07,5,BUY,55,-9.0,False
TSLA,2024-10-07,10,BUY,55,-9.13,False
TSLA,2024-10-07,20,BUY,55,0.83,True
TSLA,2024-10-08,5,BUY,55,-10.2,False
TSLA,2024-10-08,10,BUY,55,-10.85,False
TSLA,2024-10-08,20,BUY,55,2.84,True
TSLA,2024-10-09,5,SELL,55,-8.18,True
TSLA,2024-10-09,10,SELL,55,-11.37,True
TSLA,2024-10-09,20,SELL,55,19.7,False
TSLA,2024-10-10,5,SELL,55,-7.49,True
TSLA,2024-10-10,10,SELL,55,9.09,False
TSLA,2024-10-10,20,SELL,55,24.35,False
TSLA,2024-10-11,5,SELL,55,1.33,False
TSLA,2024-10-11,10,SELL,55,23.6,False
TSLA,2024-10-11,20,SELL,55,47.48,False
TSLA,2024-10-14,5,SELL,55,-0.14,True
TSLA,2024-10-14,10,SELL,55,19.78,False
TSLA,2024-10-14,20,SELL,55,59.7,False
TSLA,2024-10-15,5,SELL,55,-0.73,True
TSLA,2024-10-15,10,SELL,55,18.19,False
TSLA,2024-10-15,20,SELL,55,49.61,False
TSLA,2024-10-16,5,SELL,55,-3.47,True
TSLA,2024-10-16,10,SELL,55,16.36,False
TSLA,2024-10-16,20,SELL,55,49.21,False
TSLA,2024-10-17,5,SELL,55,17.92,False
TSLA,2024-10-17,10,SELL,55,13.11,False
TSLA,2024-10-17,20,SELL,55,40.88,False
TSLA,2024-10-18,5,SELL,55,21.97,False
TSLA,2024-10-18,10,SELL,55,12.81,False
TSLA,2024-10-18,20,SELL,55,45.32,False
TSLA,2024-10-21,5,SELL,55,19.95,False
TSLA,2024-10-21,10,SELL,55,10.96,False
TSLA,2024-10-21,20,SELL,55,54.78,False
TSLA,2024-10-22,5,SELL,55,19.06,False
TSLA,2024-10-22,10,SELL,55,15.36,False
TSLA,2024-10-22,20,SELL,55,58.74,False
TSLA,2024-10-23,5,SELL,55,20.55,False
TSLA,2024-10-23,10,SELL,55,35.05,False
TSLA,2024-10-23,20,SELL,55,60.09,False
TSLA,2024-10-24,5,SELL,55,-4.08,True
TSLA,2024-10-24,10,SELL,55,13.99,False
TSLA,2024-10-24,20,SELL,55,30.39,False
TSLA,2024-10-25,5,BUY,55,-7.51,False
TSLA,2024-10-25,10,BUY,55,19.33,True
TSLA,2024-10-25,20,BUY,55,30.97,True
TSLA,2024-10-28,5,BUY,55,-7.49,False
TSLA,2024-10-28,10,BUY,55,33.33,True
TSLA,2024-10-28,20,BUY,55,28.98,True
TSLA,2024-10-29,5,BUY,55,-3.11,False
TSLA,2024-10-29,10,BUY,55,26.58,True
TSLA,2024-10-29,20,BUY,55,30.33,True
TSLA,2024-10-30,5,BUY,55,12.03,True
TSLA,2024-10-30,10,BUY,55,28.22,True
TSLA,2024-10-30,20,BUY,55,29.25,True
TSLA,2024-10-31,5,BUY,55,18.84,True
TSLA,2024-10-31,10,BUY,55,24.55,True
TSLA,2024-10-31,20,BUY,55,38.15,True
TSLA,2024-11-01,5,BUY,55,29.01,True
TSLA,2024-11-01,10,BUY,55,28.81,True
TSLA,2024-11-01,20,BUY,55,43.42,True
TSLA,2024-11-04,5,BUY,55,44.13,True
TSLA,2024-11-04,10,BUY,55,39.49,True
TSLA,2024-11-04,20,BUY,55,44.71,True
TSLA,2024-11-05,5,BUY,55,30.64,True
TSLA,2024-11-05,10,BUY,55,37.61,True
TSLA,2024-11-05,20,BUY,55,42.35,True
TSLA,2024-11-06,5,BUY,55,14.46,True
TSLA,2024-11-06,10,BUY,55,18.54,True
TSLA,2024-11-06,20,BUY,55,28.06,True
TSLA,2024-11-07,5,BUY,55,4.81,True
TSLA,2024-11-07,10,BUY,55,14.39,True
TSLA,2024-11-07,20,BUY,55,31.09,True
TSLA,2024-11-08,5,BUY,55,-0.16,False
TSLA,2024-11-08,10,BUY,55,9.76,True
TSLA,2024-11-08,20,BUY,55,21.35,True
TSLA,2024-11-11,5,BUY,55,-3.22,False
TSLA,2024-11-11,10,BUY,55,-3.26,False
TSLA,2024-11-11,20,BUY,55,14.57,True
TSLA,2024-11-12,5,BUY,55,5.33,True
TSLA,2024-11-12,10,BUY,55,2.97,True
TSLA,2024-11-12,20,BUY,55,29.31,True
TSLA,2024-11-13,5,BUY,55,3.57,True
TSLA,2024-11-13,10,BUY,55,0.8,True
TSLA,2024-11-13,20,BUY,55,26.6,True
TSLA,2024-11-14,5,BUY,55,9.15,True
TSLA,2024-11-14,10,BUY,55,10.92,True
TSLA,2024-11-14,20,BUY,55,40.19,True
TSLA,2024-11-15,5,BUY,55,9.93,True
TSLA,2024-11-15,10,BUY,55,11.34,True
TSLA,2024-11-15,20,BUY,55,44.37,True
TSLA,2024-11-18,5,BUY,55,-0.04,False
TSLA,2024-11-18,10,BUY,55,3.74,True
TSLA,2024-11-18,20,BUY,55,41.66,True
TSLA,2024-11-19,5,BUY,55,-2.25,False
TSLA,2024-11-19,10,BUY,55,3.45,True
TSLA,2024-11-19,20,BUY,55,27.21,True
TSLA,2024-11-20,5,BUY,55,-2.67,False
TSLA,2024-11-20,10,BUY,55,8.03,True
TSLA,2024-11-20,20,BUY,55,27.52,True
TSLA,2024-11-21,5,BUY,55,1.63,True
TSLA,2024-11-21,10,BUY,55,14.6,True
TSLA,2024-11-21,20,BUY,55,23.97,True
TSLA,2024-11-22,5,BUY,55,1.28,True
TSLA,2024-11-22,10,BUY,55,10.56,True
TSLA,2024-11-22,20,BUY,55,22.14,True
TSLA,2024-11-25,5,BUY,55,3.79,True
TSLA,2024-11-25,10,BUY,55,18.43,True
TSLA,2024-11-25,20,BUY,55,36.53,True
TSLA,2024-11-26,5,BUY,55,5.82,True
TSLA,2024-11-26,10,BUY,55,25.59,True
TSLA,2024-11-26,20,BUY,55,34.27,True
TSLA,2024-11-27,5,SELL,55,10.99,False
TSLA,2024-11-27,10,SELL,55,25.6,False
TSLA,2024-11-27,20,SELL,55,29.67,False
TSLA,2024-11-29,5,SELL,55,12.77,False
TSLA,2024-11-29,10,SELL,55,26.38,False
TSLA,2024-11-29,20,SELL,55,20.93,False
TSLA,2024-12-02,5,SELL,55,9.16,False
TSLA,2024-12-02,10,SELL,55,29.66,False
TSLA,2024-12-02,20,SELL,55,13.09,False
TSLA,2024-12-03,5,SELL,55,14.11,False
TSLA,2024-12-03,10,SELL,55,36.55,False
TSLA,2024-12-03,20,SELL,55,7.93,False
TSLA,2024-12-04,5,SELL,55,18.67,False
TSLA,2024-12-04,10,SELL,55,22.97,False
TSLA,2024-12-04,20,SELL,55,14.67,False
TSLA,2024-12-05,5,BUY,55,13.16,True
TSLA,2024-12-05,10,BUY,55,18.05,True
TSLA,2024-12-05,20,BUY,55,11.25,True
TSLA,2024-12-06,5,BUY,55,12.08,True
TSLA,2024-12-06,10,BUY,55,8.18,True
TSLA,2024-12-06,20,BUY,55,1.32,True
TSLA,2024-12-09,5,BUY,55,18.79,True
TSLA,2024-12-09,10,BUY,55,10.47,True
TSLA,2024-12-09,20,BUY,55,1.32,True
TSLA,2024-12-10,5,BUY,55,19.67,True
TSLA,2024-12-10,10,BUY,55,15.28,True
TSLA,2024-12-10,20,BUY,55,-1.56,False
TSLA,2024-12-11,5,SELL,55,3.62,False
TSLA,2024-12-11,10,SELL,55,6.91,False
TSLA,2024-12-11,20,SELL,55,-5.05,True
TSLA,2024-12-12,5,SELL,55,4.32,False
TSLA,2024-12-12,10,SELL,55,3.24,False
TSLA,2024-12-12,20,SELL,55,-5.2,True
TSLA,2024-12-13,5,SELL,55,-3.48,True
TSLA,2024-12-13,10,SELL,55,-4.31,True
TSLA,2024-12-13,20,SELL,55,-1.84,True
TSLA,2024-12-16,5,BUY,55,-7.0,False
TSLA,2024-12-16,10,BUY,55,-12.78,False
TSLA,2024-12-16,20,BUY,55,-10.63,False
TSLA,2024-12-17,5,BUY,55,-3.66,False
TSLA,2024-12-17,10,BUY,55,-20.96,False
TSLA,2024-12-17,20,BUY,55,-11.12,False
TSLA,2024-12-18,5,BUY,55,3.18,True
TSLA,2024-12-18,10,BUY,55,-6.75,False
TSLA,2024-12-18,20,BUY,55,-3.65,False
TSLA,2024-12-19,5,BUY,55,-1.03,False
TSLA,2024-12-19,10,BUY,55,-5.76,False
TSLA,2024-12-19,20,BUY,55,-4.83,False
TSLA,2024-12-20,5,BUY,55,-0.87,False
TSLA,2024-12-20,10,BUY,55,-6.34,False
TSLA,2024-12-20,20,BUY,55,-2.06,False
TSLA,2024-12-23,5,BUY,55,-6.21,False
TSLA,2024-12-23,10,BUY,55,-8.28,False
TSLA,2024-12-23,20,BUY,55,-5.58,False
TSLA,2024-12-24,5,BUY,55,-17.95,False
TSLA,2024-12-24,10,BUY,55,-14.61,False
TSLA,2024-12-24,20,BUY,55,-14.09,False
TSLA,2024-12-26,5,BUY,55,-9.62,False
TSLA,2024-12-26,10,BUY,55,-11.19,False
TSLA,2024-12-26,20,BUY,55,-12.34,False
TSLA,2024-12-27,5,BUY,55,-4.77,False
TSLA,2024-12-27,10,BUY,55,-8.18,False
TSLA,2024-12-27,20,BUY,55,-9.86,False
TSLA,2024-12-30,5,BUY,55,-5.52,False
TSLA,2024-12-30,10,BUY,55,2.59,True
TSLA,2024-12-30,20,BUY,55,-4.1,False
TSLA,2024-12-31,5,BUY,55,-2.2,False
TSLA,2024-12-31,10,BUY,55,2.47,True
TSLA,2024-12-31,20,BUY,55,0.19,True
TSLA,2025-01-02,5,BUY,55,4.08,True
TSLA,2025-01-02,10,BUY,55,12.45,True
TSLA,2025-01-02,20,BUY,55,1.16,True
TSLA,2025-01-03,5,BUY,55,-1.74,False
TSLA,2025-01-03,10,BUY,55,3.32,True
TSLA,2025-01-03,20,BUY,55,-4.44,False
TSLA,2025-01-06,5,BUY,55,-3.57,False
TSLA,2025-01-06,10,BUY,55,0.99,True
TSLA,2025-01-06,20,BUY,55,-8.0,False
TSLA,2025-01-07,5,BUY,55,8.59,True
TSLA,2025-01-07,10,BUY,55,4.57,True
TSLA,2025-01-07,20,BUY,55,-5.08,False
TSLA,2025-01-08,5,SELL,55,4.78,False
TSLA,2025-01-08,10,SELL,55,2.95,False
TSLA,2025-01-08,20,SELL,55,-8.44,True
TSLA,2025-01-10,5,SELL,55,8.05,False
TSLA,2025-01-10,10,SELL,55,0.61,False
TSLA,2025-01-10,20,SELL,55,-11.15,True
TSLA,2025-01-13,5,SELL,55,5.15,False
TSLA,2025-01-13,10,SELL,55,-1.29,True
TSLA,2025-01-13,20,SELL,55,-18.55,True
TSLA,2025-01-14,5,SELL,55,4.73,False
TSLA,2025-01-14,10,SELL,55,-1.83,True
TSLA,2025-01-14,20,SELL,55,-15.1,True
TSLA,2025-01-15,5,SELL,55,-3.7,True
TSLA,2025-01-15,10,SELL,55,-6.52,True
TSLA,2025-01-15,20,SELL,55,-16.88,True
TSLA,2025-01-16,5,SELL,55,-1.75,True
TSLA,2025-01-16,10,SELL,55,-2.23,True
TSLA,2025-01-16,20,SELL,55,-14.01,True
TSLA,2025-01-17,5,SELL,55,-6.88,True
TSLA,2025-01-17,10,SELL,55,-10.04,True
TSLA,2025-01-17,20,SELL,55,-16.97,True
TSLA,2025-01-21,5,SELL,55,-6.13,True
TSLA,2025-01-21,10,SELL,55,-7.51,True
TSLA,2025-01-21,20,SELL,55,-14.98,True
TSLA,2025-01-22,5,SELL,55,-6.27,True
TSLA,2025-01-22,10,SELL,55,-8.9,True
TSLA,2025-01-22,20,SELL,55,-14.63,True
TSLA,2025-01-23,5,SELL,55,-2.93,True
TSLA,2025-01-23,10,SELL,55,-9.23,True
TSLA,2025-01-23,20,SELL,55,-18.09,True
TSLA,2025-01-24,5,SELL,55,-0.49,True
TSLA,2025-01-24,10,SELL,55,-11.06,True
TSLA,2025-01-24,20,SELL,55,-18.7,True
TSLA,2025-01-27,5,SELL,55,-3.39,True
TSLA,2025-01-27,10,SELL,55,-11.69,True
TSLA,2025-01-27,20,SELL,55,-23.76,True
TSLA,2025-01-28,5,SELL,55,-1.48,True
TSLA,2025-01-28,10,SELL,55,-17.48,True
TSLA,2025-01-28,20,SELL,55,-26.95,True
TSLA,2025-01-29,5,SELL,55,-2.81,True
TSLA,2025-01-29,10,SELL,55,-13.52,True
TSLA,2025-01-29,20,SELL,55,-27.54,True
TSLA,2025-01-30,5,SELL,55,-6.49,True
TSLA,2025-01-30,10,SELL,55,-11.08,True
TSLA,2025-01-30,20,SELL,55,-26.81,True
TSLA,2025-01-31,5,SELL,55,-10.62,True
TSLA,2025-01-31,10,SELL,55,-12.05,True
TSLA,2025-01-31,20,SELL,55,-29.65,True
TSLA,2025-02-03,5,SELL,55,-8.59,True
TSLA,2025-02-03,10,SELL,55,-7.71,True
TSLA,2025-02-03,20,SELL,55,-29.1,True
TSLA,2025-02-04,5,SELL,55,-16.24,True
TSLA,2025-02-04,10,SELL,55,-8.07,True
TSLA,2025-02-04,20,SELL,55,-28.84,True
TSLA,2025-02-05,5,SELL,55,-11.02,True
TSLA,2025-02-05,10,SELL,55,-6.29,True
TSLA,2025-02-05,20,SELL,55,-30.34,True
TSLA,2025-02-06,5,SELL,55,-4.91,True
TSLA,2025-02-06,10,SELL,55,-9.76,True
TSLA,2025-02-06,20,SELL,55,-29.83,True
TSLA,2025-02-10,5,SELL,55,0.96,False
TSLA,2025-02-10,10,SELL,55,-13.67,True
TSLA,2025-02-10,20,SELL,55,-34.26,True
TSLA,2025-02-11,5,SELL,55,9.76,False
TSLA,2025-02-11,10,SELL,55,-11.48,True
TSLA,2025-02-11,20,SELL,55,-24.48,True
TSLA,2025-02-12,5,SELL,55,5.32,False
TSLA,2025-02-12,10,SELL,55,-16.21,True
TSLA,2025-02-12,20,SELL,55,-28.48,True
TSLA,2025-02-13,5,SELL,55,-5.1,True
TSLA,2025-02-13,10,SELL,55,-17.69,True
TSLA,2025-02-13,20,SELL,55,-29.77,True
TSLA,2025-02-14,5,SELL,55,-7.11,True
TSLA,2025-02-14,10,SELL,55,-20.01,True
TSLA,2025-02-14,20,SELL,55,-33.11,True
TSLA,2025-02-18,5,SELL,55,-14.49,True
TSLA,2025-02-18,10,SELL,55,-23.18,True
TSLA,2025-02-18,20,SELL,55,-36.37,True
TSLA,2025-02-19,5,SELL,55,-19.35,True
TSLA,2025-02-19,10,SELL,55,-22.59,True
TSLA,2025-02-19,20,SELL,55,-34.59,True
TSLA,2025-02-20,5,SELL,55,-20.44,True
TSLA,2025-02-20,10,SELL,55,-25.66,True
TSLA,2025-02-20,20,SELL,55,-33.34,True
TSLA,2025-02-21,5,SELL,55,-13.27,True
TSLA,2025-02-21,10,SELL,55,-22.24,True
TSLA,2025-02-21,20,SELL,55,-26.37,True
TSLA,2025-02-24,5,SELL,55,-13.88,True
TSLA,2025-02-24,10,SELL,55,-32.79,True
TSLA,2025-02-24,20,SELL,55,-15.77,True
TSLA,2025-02-25,5,SELL,55,-10.16,True
TSLA,2025-02-25,10,SELL,55,-23.85,True
TSLA,2025-02-25,20,SELL,55,-4.84,True
TSLA,2025-02-26,5,SELL,55,-4.02,True
TSLA,2025-02-26,10,SELL,55,-14.69,True
TSLA,2025-02-26,20,SELL,55,-6.44,True
TSLA,2025-02-27,5,SELL,55,-6.56,True
TSLA,2025-02-27,10,SELL,55,-14.64,True
TSLA,2025-02-27,20,SELL,55,-3.13,True
TSLA,2025-02-28,5,SELL,55,-10.35,True
TSLA,2025-02-28,10,SELL,55,-14.68,True
TSLA,2025-02-28,20,SELL,55,-10.05,True
TSLA,2025-03-03,5,BUY,55,-21.96,False
TSLA,2025-03-03,10,BUY,55,-16.39,False
TSLA,2025-03-03,20,BUY,55,-8.95,False
TSLA,2025-03-04,5,BUY,55,-15.24,False
TSLA,2025-03-04,10,BUY,55,-17.18,False
TSLA,2025-03-04,20,BUY,55,-1.32,False
TSLA,2025-03-05,5,BUY,55,-11.11,False
TSLA,2025-03-05,10,BUY,55,-15.49,False
TSLA,2025-03-05,20,BUY,55,1.31,True
TSLA,2025-03-06,5,SELL,55,-8.64,True
TSLA,2025-03-06,10,SELL,55,-10.32,True
TSLA,2025-03-06,20,SELL,55,1.45,False
TSLA,2025-03-07,5,SELL,55,-4.83,True
TSLA,2025-03-07,10,SELL,55,-5.31,True
TSLA,2025-03-07,20,SELL,55,-8.85,True
TSLA,2025-03-10,5,BUY,55,7.14,True
TSLA,2025-03-10,10,BUY,55,25.32,True
TSLA,2025-03-10,20,BUY,55,5.01,True
TSLA,2025-03-11,5,BUY,55,-2.29,False
TSLA,2025-03-11,10,BUY,55,24.96,True
TSLA,2025-03-11,20,BUY,55,-3.78,False
TSLA,2025-03-12,5,BUY,55,-4.93,False
TSLA,2025-03-12,10,BUY,55,9.66,True
TSLA,2025-03-12,20,BUY,55,9.72,True
TSLA,2025-03-13,5,BUY,55,-1.84,False
TSLA,2025-03-13,10,BUY,55,13.48,True
TSLA,2025-03-13,20,BUY,55,4.87,True
TSLA,2025-03-14,5,BUY,55,-0.51,False
TSLA,2025-03-14,10,BUY,55,5.43,True
TSLA,2025-03-14,20,BUY,55,0.93,True
TSLA,2025-03-17,5,BUY,55,16.97,True
TSLA,2025-03-17,10,BUY,55,8.89,True
TSLA,2025-03-17,20,BUY,55,6.02,True
TSLA,2025-03-18,5,BUY,55,27.89,True
TSLA,2025-03-18,10,BUY,55,19.15,True
TSLA,2025-03-18,20,BUY,55,12.78,True
TSLA,2025-03-19,5,BUY,55,15.35,True
TSLA,2025-03-19,10,BUY,55,19.88,True
TSLA,2025-03-19,20,BUY,55,2.41,True
TSLA,2025-03-20,5,BUY,55,15.61,True
TSLA,2025-03-20,10,BUY,55,13.13,True
TSLA,2025-03-20,20,BUY,55,2.16,True
TSLA,2025-03-21,5,BUY,55,5.97,True
TSLA,2025-03-21,10,BUY,55,-3.73,False
TSLA,2025-03-21,20,BUY,55,-8.53,False
TSLA,2025-03-24,5,BUY,55,-6.91,False
TSLA,2025-03-24,10,BUY,55,-16.2,False
TSLA,2025-03-24,20,BUY,55,-14.52,False
TSLA,2025-03-25,5,BUY,55,-6.83,False
TSLA,2025-03-25,10,BUY,55,-23.0,False
TSLA,2025-03-25,20,BUY,55,-12.98,False
TSLA,2025-03-26,5,BUY,55,3.93,True
TSLA,2025-03-26,10,BUY,55,0.05,True
TSLA,2025-03-26,20,BUY,55,-4.61,False
TSLA,2025-03-27,5,BUY,55,-2.14,False
TSLA,2025-03-27,10,BUY,55,-7.59,False
TSLA,2025-03-27,20,BUY,55,4.33,True
TSLA,2025-03-28,5,BUY,55,-9.15,False
TSLA,2025-03-28,10,BUY,55,-4.26,False
TSLA,2025-03-28,20,BUY,55,8.47,True
TSLA,2025-03-31,5,BUY,55,-9.98,False
TSLA,2025-03-31,10,BUY,55,-2.63,False
TSLA,2025-03-31,20,BUY,55,12.68,True
TSLA,2025-04-01,5,BUY,55,-17.36,False
TSLA,2025-04-01,10,BUY,55,-5.35,False
TSLA,2025-04-01,20,BUY,55,5.1,True
TSLA,2025-04-02,5,BUY,55,-3.73,False
TSLA,2025-04-02,10,BUY,55,-14.57,False
TSLA,2025-04-02,20,BUY,55,-0.79,False
TSLA,2025-04-03,5,BUY,55,-5.57,False
TSLA,2025-04-03,10,BUY,55,-9.69,False
TSLA,2025-04-03,20,BUY,55,7.46,True
TSLA,2025-04-04,5,BUY,55,5.38,True
TSLA,2025-04-04,10,BUY,55,-4.98,False
TSLA,2025-04-04,20,BUY,55,17.05,True
TSLA,2025-04-07,5,BUY,55,8.17,True
TSLA,2025-04-07,10,BUY,55,2.01,True
TSLA,2025-04-07,20,BUY,55,18.03,True
TSLA,2025-04-08,5,BUY,55,14.54,True
TSLA,2025-04-08,10,BUY,55,13.02,True
TSLA,2025-04-08,20,BUY,55,24.5,True
TSLA,2025-04-09,5,BUY,55,-11.26,False
TSLA,2025-04-09,10,BUY,55,-4.66,False
TSLA,2025-04-09,20,BUY,55,4.64,True
TSLA,2025-04-10,5,BUY,55,-4.37,False
TSLA,2025-04-10,10,BUY,55,12.9,True
TSLA,2025-04-10,20,BUY,55,18.17,True
TSLA,2025-04-11,5,BUY,55,-9.83,False
TSLA,2025-04-11,10,BUY,55,13.31,True
TSLA,2025-04-11,20,BUY,55,26.19,True
TSLA,2025-04-14,5,BUY,55,-5.7,False
TSLA,2025-04-14,10,BUY,55,15.72,True
TSLA,2025-04-14,20,BUY,55,32.38,True
TSLA,2025-04-15,5,BUY,55,-1.33,False
TSLA,2025-04-15,10,BUY,55,11.04,True
TSLA,2025-04-15,20,BUY,55,36.82,True
TSLA,2025-04-16,5,BUY,55,7.44,True
TSLA,2025-04-16,10,BUY,55,16.13,True
TSLA,2025-04-16,20,BUY,55,41.93,True
TSLA,2025-04-17,5,BUY,55,18.06,True
TSLA,2025-04-17,10,BUY,55,18.99,True
TSLA,2025-04-17,20,BUY,55,45.0,True
TSLA,2025-04-21,5,BUY,55,25.66,True
TSLA,2025-04-21,10,BUY,55,23.19,True
TSLA,2025-04-21,20,BUY,55,50.37,True
TSLA,2025-04-22,5,SELL,55,22.72,False
TSLA,2025-04-22,10,SELL,55,15.71,False
TSLA,2025-04-22,20,SELL,55,44.48,False
TSLA,2025-04-23,5,SELL,55,12.53,False
TSLA,2025-04-23,10,SELL,55,10.16,False
TSLA,2025-04-23,20,SELL,55,33.45,False
TSLA,2025-04-24,5,SELL,55,8.1,False
TSLA,2025-04-24,10,SELL,55,9.75,False
TSLA,2025-04-24,20,SELL,55,31.42,False
TSLA,2025-04-25,5,SELL,55,0.79,False
TSLA,2025-04-25,10,SELL,55,4.67,False
TSLA,2025-04-25,20,SELL,55,19.09,False
TSLA,2025-04-28,5,SELL,55,-1.97,True
TSLA,2025-04-28,10,SELL,55,11.37,False
TSLA,2025-04-28,20,SELL,55,26.94,False
TSLA,2025-04-29,5,BUY,55,-5.71,False
TSLA,2025-04-29,10,BUY,55,14.4,True
TSLA,2025-04-29,20,BUY,55,22.21,True
TSLA,2025-04-30,5,SELL,55,-2.11,True
TSLA,2025-04-30,10,SELL,55,23.22,False
TSLA,2025-04-30,20,SELL,55,27.03,False
TSLA,2025-05-01,5,SELL,55,1.53,False
TSLA,2025-05-01,10,SELL,55,22.21,False
TSLA,2025-05-01,20,SELL,55,23.51,False
TSLA,2025-05-02,5,BUY,55,3.85,True
TSLA,2025-05-02,10,BUY,55,21.86,True
TSLA,2025-05-02,20,BUY,55,19.32,True
TSLA,2025-05-05,5,SELL,55,13.6,False
TSLA,2025-05-05,10,SELL,55,22.06,False
TSLA,2025-05-05,20,SELL,55,22.84,False
TSLA,2025-05-07,5,SELL,55,25.87,False
TSLA,2025-05-07,10,SELL,55,21.14,False
TSLA,2025-05-07,20,SELL,55,3.07,False
TSLA,2025-05-08,5,SELL,55,20.36,False
TSLA,2025-05-08,10,SELL,55,19.74,False
TSLA,2025-05-08,20,SELL,55,3.62,False
TSLA,2025-05-09,5,SELL,55,17.34,False
TSLA,2025-05-09,10,SELL,55,13.77,False
TSLA,2025-05-09,20,SELL,55,3.46,False
TSLA,2025-05-12,5,SELL,55,7.45,False
TSLA,2025-05-12,10,SELL,55,13.98,False
TSLA,2025-05-12,20,SELL,55,2.42,False
TSLA,2025-05-13,5,SELL,55,2.92,False
TSLA,2025-05-13,10,SELL,55,6.83,False
TSLA,2025-05-13,20,SELL,55,-2.29,True
TSLA,2025-05-14,5,SELL,55,-3.76,True
TSLA,2025-05-14,10,SELL,55,3.09,False
TSLA,2025-05-14,20,SELL,55,-8.22,True
TSLA,2025-05-15,5,SELL,55,-0.52,True
TSLA,2025-05-15,10,SELL,55,1.06,False
TSLA,2025-05-15,20,SELL,55,-5.11,True
TSLA,2025-05-16,5,BUY,55,-3.04,False
TSLA,2025-05-16,10,BUY,55,-2.08,False
TSLA,2025-05-16,20,BUY,55,-5.96,False
TSLA,2025-05-19,5,BUY,55,6.08,True
TSLA,2025-05-19,10,BUY,55,0.64,True
TSLA,2025-05-19,20,BUY,55,-7.52,False
TSLA,2025-05-20,5,BUY,55,3.8,True
TSLA,2025-05-20,10,BUY,55,-3.42,False
TSLA,2025-05-20,20,BUY,55,-6.33,False
TSLA,2025-05-21,5,BUY,55,7.12,True
TSLA,2025-05-21,10,BUY,55,-14.92,False
TSLA,2025-05-21,20,BUY,55,-3.72,False
TSLA,2025-05-22,5,BUY,55,1.59,True
TSLA,2025-05-22,10,BUY,55,-13.46,False
TSLA,2025-05-22,20,BUY,55,2.24,True
TSLA,2025-05-23,5,BUY,55,0.99,True
TSLA,2025-05-23,10,BUY,55,-9.06,False
TSLA,2025-05-23,20,BUY,55,0.33,True
TSLA,2025-05-27,5,BUY,55,-5.13,False
TSLA,2025-05-27,10,BUY,55,-10.14,False
TSLA,2025-05-27,20,BUY,55,-9.74,False
TSLA,2025-05-28,5,BUY,55,-6.96,False
TSLA,2025-05-28,10,BUY,55,-8.54,False
TSLA,2025-05-28,20,BUY,55,-8.72,False
TSLA,2025-05-29,5,BUY,55,-20.57,False
TSLA,2025-05-29,10,BUY,55,-10.97,False
TSLA,2025-05-29,20,BUY,55,-9.71,False
TSLA,2025-05-30,5,BUY,55,-14.81,False
TSLA,2025-05-30,10,BUY,55,-6.1,False
TSLA,2025-05-30,20,BUY,55,-8.31,False
TSLA,2025-06-02,5,SELL,55,-9.95,True
TSLA,2025-06-02,10,SELL,55,-3.96,True
TSLA,2025-06-02,20,SELL,55,-12.25,True
TSLA,2025-06-03,5,SELL,55,-5.28,True
TSLA,2025-06-03,10,SELL,55,-8.11,True
TSLA,2025-06-03,20,SELL,55,-8.31,True
TSLA,2025-06-04,5,SELL,55,-1.69,True
TSLA,2025-06-04,10,SELL,55,-3.01,True
TSLA,2025-06-04,20,SELL,55,-5.03,True
TSLA,2025-06-05,5,BUY,55,12.09,True
TSLA,2025-06-05,10,BUY,55,13.16,True
TSLA,2025-06-05,20,BUY,55,3.25,True
TSLA,2025-06-06,5,BUY,55,10.22,True
TSLA,2025-06-06,10,BUY,55,18.14,True
TSLA,2025-06-06,20,BUY,55,0.9,True
TSLA,2025-06-09,5,BUY,55,6.66,True
TSLA,2025-06-09,10,BUY,55,10.33,True
TSLA,2025-06-09,20,BUY,55,-4.12,False
TSLA,2025-06-10,5,BUY,55,-2.99,False
TSLA,2025-06-10,10,BUY,55,0.45,True
TSLA,2025-06-10,20,BUY,55,-4.97,False
TSLA,2025-06-11,5,BUY,55,-1.34,False
TSLA,2025-06-11,10,BUY,55,-0.2,False
TSLA,2025-06-11,20,BUY,55,-3.96,False
TSLA,2025-06-12,5,BUY,55,0.96,True
TSLA,2025-06-12,10,BUY,55,1.42,True
TSLA,2025-06-12,20,BUY,55,-0.69,False
TSLA,2025-06-13,5,BUY,55,7.18,True
TSLA,2025-06-13,10,BUY,55,-2.35,False
TSLA,2025-06-13,20,BUY,55,-4.47,False
TSLA,2025-06-16,5,BUY,55,3.45,True
TSLA,2025-06-16,10,BUY,55,-8.63,False
TSLA,2025-06-16,20,BUY,55,-2.27,False
TSLA,2025-06-17,5,BUY,55,3.54,True
TSLA,2025-06-17,10,BUY,55,-0.22,False
TSLA,2025-06-17,20,BUY,55,0.97,True
TSLA,2025-06-18,5,SELL,55,1.16,False
TSLA,2025-06-18,10,SELL,55,-2.08,True
TSLA,2025-06-18,20,SELL,55,2.36,False
TSLA,2025-06-20,5,SELL,55,0.46,False
TSLA,2025-06-20,10,SELL,55,-8.76,True
TSLA,2025-06-20,20,SELL,55,1.96,False
TSLA,2025-06-23,5,BUY,55,-8.9,False
TSLA,2025-06-23,10,BUY,55,-14.59,False
TSLA,2025-06-23,20,BUY,55,-4.75,False
TSLA,2025-06-24,5,BUY,55,-11.68,False
TSLA,2025-06-24,10,BUY,55,-13.1,False
TSLA,2025-06-24,20,BUY,55,-2.32,False
TSLA,2025-06-25,5,BUY,55,-3.63,False
TSLA,2025-06-25,10,BUY,55,-5.4,False
TSLA,2025-06-25,20,BUY,55,-6.79,False
TSLA,2025-06-26,5,BUY,55,-3.2,False
TSLA,2025-06-26,10,BUY,55,-3.77,False
TSLA,2025-06-26,20,BUY,55,-2.98,False
TSLA,2025-06-27,5,BUY,55,-9.17,False
TSLA,2025-06-27,10,BUY,55,-2.08,False
TSLA,2025-06-27,20,BUY,55,0.61,True
TSLA,2025-06-30,5,BUY,55,-6.25,False
TSLA,2025-06-30,10,BUY,55,-2.17,False
TSLA,2025-06-30,20,BUY,55,1.11,True
TSLA,2025-07-01,5,BUY,55,-1.61,False
TSLA,2025-07-01,10,BUY,55,6.97,True
TSLA,2025-07-01,20,BUY,55,6.1,True
TSLA,2025-07-02,5,BUY,55,-1.83,False
TSLA,2025-07-02,10,BUY,55,1.19,True
TSLA,2025-07-02,20,BUY,55,-2.34,False
TSLA,2025-07-03,5,BUY,55,-0.58,False
TSLA,2025-07-03,10,BUY,55,4.53,True
TSLA,2025-07-03,20,BUY,55,-4.03,False
TSLA,2025-07-07,5,SELL,55,7.81,False
TSLA,2025-07-07,10,SELL,55,11.75,False
TSLA,2025-07-07,20,SELL,55,5.21,False
TSLA,2025-07-08,5,SELL,55,4.36,False
TSLA,2025-07-08,10,SELL,55,11.52,False
TSLA,2025-07-08,20,SELL,55,3.66,False
TSLA,2025-07-09,5,SELL,55,8.72,False
TSLA,2025-07-09,10,SELL,55,12.4,False
TSLA,2025-07-09,20,SELL,55,8.12,False
TSLA,2025-07-11,5,SELL,55,5.15,False
TSLA,2025-07-11,10,SELL,55,0.81,False
TSLA,2025-07-11,20,SELL,55,5.15,False
TSLA,2025-07-14,5,SELL,55,3.66,False
TSLA,2025-07-14,10,SELL,55,2.74,False
TSLA,2025-07-14,20,SELL,55,6.98,False
TSLA,2025-07-15,5,SELL,55,6.86,False
TSLA,2025-07-15,10,SELL,55,3.35,False
TSLA,2025-07-15,20,SELL,55,9.67,False
TSLA,2025-07-16,5,SELL,55,3.39,False
TSLA,2025-07-16,10,SELL,55,-0.82,True
TSLA,2025-07-16,20,SELL,55,5.51,False
TSLA,2025-07-17,5,SELL,55,-4.42,True
TSLA,2025-07-17,10,SELL,55,-3.49,True
TSLA,2025-07-17,20,SELL,55,5.06,False
TSLA,2025-07-18,5,SELL,55,-4.12,True
TSLA,2025-07-18,10,SELL,55,-8.2,True
TSLA,2025-07-18,20,SELL,55,0.28,False
TSLA,2025-07-21,5,SELL,55,-0.88,True
TSLA,2025-07-21,10,SELL,55,-5.85,True
TSLA,2025-07-21,20,SELL,55,2.03,False
TSLA,2025-07-22,5,SELL,55,-3.29,True
TSLA,2025-07-22,10,SELL,55,-7.04,True
TSLA,2025-07-22,20,SELL,55,-0.84,True
TSLA,2025-07-23,5,SELL,55,-4.07,True
TSLA,2025-07-23,10,SELL,55,-3.8,True
TSLA,2025-07-23,20,SELL,55,-2.6,True
TSLA,2025-07-24,5,SELL,55,0.97,False
TSLA,2025-07-24,10,SELL,55,5.56,False
TSLA,2025-07-24,20,SELL,55,4.85,False
TSLA,2025-07-25,5,BUY,55,-4.25,False
TSLA,2025-07-25,10,BUY,55,4.3,True
TSLA,2025-07-25,20,BUY,55,7.58,True
TSLA,2025-07-28,5,BUY,55,-5.02,False
TSLA,2025-07-28,10,BUY,55,4.13,True
TSLA,2025-07-28,20,BUY,55,6.45,True
TSLA,2025-07-29,5,BUY,55,-3.89,False
TSLA,2025-07-29,10,BUY,55,6.11,True
TSLA,2025-07-29,20,BUY,55,9.49,True
TSLA,2025-07-30,5,BUY,55,0.27,True
TSLA,2025-07-30,10,BUY,55,6.38,True
TSLA,2025-07-30,20,BUY,55,9.58,True
TSLA,2025-07-31,5,SELL,55,4.54,False
TSLA,2025-07-31,10,SELL,55,8.86,False
TSLA,2025-07-31,20,SELL,55,12.23,False
TSLA,2025-08-01,5,SELL,55,8.93,False
TSLA,2025-08-01,10,SELL,55,9.23,False
TSLA,2025-08-01,20,SELL,55,10.32,False
TSLA,2025-08-04,5,BUY,55,9.63,True
TSLA,2025-08-04,10,BUY,55,8.37,True
TSLA,2025-08-04,20,BUY,55,6.5,True
TSLA,2025-08-05,5,SELL,55,10.4,False
TSLA,2025-08-05,10,SELL,55,6.67,False
TSLA,2025-08-05,20,SELL,55,8.22,False
TSLA,2025-08-06,5,SELL,55,6.09,False
TSLA,2025-08-06,10,SELL,55,1.25,False
TSLA,2025-08-06,20,SELL,55,5.82,False
TSLA,2025-08-07,5,SELL,55,4.13,False
TSLA,2025-08-07,10,SELL,55,-0.67,True
TSLA,2025-08-07,20,SELL,55,8.87,False
TSLA,2025-08-08,5,SELL,55,0.28,False
TSLA,2025-08-08,10,SELL,55,3.14,False
TSLA,2025-08-08,20,SELL,55,5.08,False
TSLA,2025-08-12,5,SELL,55,-3.38,True
TSLA,2025-08-12,10,SELL,55,3.18,False
TSLA,2025-08-12,20,SELL,55,2.04,False
TSLA,2025-08-13,5,BUY,55,-4.56,False
TSLA,2025-08-13,10,BUY,55,3.01,True
TSLA,2025-08-13,20,BUY,55,8.67,True
TSLA,2025-08-14,5,BUY,55,-4.61,False
TSLA,2025-08-14,10,BUY,55,3.1,True
TSLA,2025-08-14,20,BUY,55,17.99,True
TSLA,2025-08-15,5,BUY,55,2.86,True
TSLA,2025-08-15,10,BUY,55,1.0,True
TSLA,2025-08-15,20,BUY,55,24.04,True
TSLA,2025-08-18,5,BUY,55,3.41,True
TSLA,2025-08-18,10,BUY,55,-1.73,False
TSLA,2025-08-18,20,BUY,55,25.8,True
TSLA,2025-08-19,5,BUY,55,6.79,True
TSLA,2025-08-19,10,BUY,55,1.45,True
TSLA,2025-08-19,20,BUY,55,29.32,True
TSLA,2025-08-20,5,BUY,55,7.93,True
TSLA,2025-08-20,10,BUY,55,4.52,True
TSLA,2025-08-20,20,BUY,55,28.7,True
TSLA,2025-08-21,5,BUY,55,8.08,True
TSLA,2025-08-21,10,BUY,55,9.6,True
TSLA,2025-08-21,20,BUY,55,33.1,True
TSLA,2025-08-22,5,BUY,55,-1.81,False
TSLA,2025-08-22,10,BUY,55,1.88,True
TSLA,2025-08-22,20,BUY,55,27.71,True
TSLA,2025-08-25,5,BUY,55,-4.97,False
TSLA,2025-08-25,10,BUY,55,0.11,True
TSLA,2025-08-25,20,BUY,55,22.86,True
TSLA,2025-08-26,5,BUY,55,-5.0,False
TSLA,2025-08-26,10,BUY,55,-1.1,False
TSLA,2025-08-26,20,BUY,55,25.91,True
TSLA,2025-08-27,5,SELL,55,-3.17,True
TSLA,2025-08-27,10,SELL,55,5.49,False
TSLA,2025-08-27,20,SELL,55,21.11,False
TSLA,2025-08-28,5,SELL,55,1.4,False
TSLA,2025-08-28,10,SELL,55,14.44,False
TSLA,2025-08-28,20,SELL,55,27.29,False
TSLA,2025-08-29,5,SELL,55,3.75,False
TSLA,2025-08-29,10,SELL,55,22.81,False
TSLA,2025-08-29,20,SELL,55,32.75,False
TSLA,2025-09-02,5,SELL,55,5.35,False
TSLA,2025-09-02,10,SELL,55,28.01,False
TSLA,2025-09-02,20,SELL,55,35.03,False
TSLA,2025-09-03,5,SELL,55,4.1,False
TSLA,2025-09-03,10,SELL,55,27.47,False
TSLA,2025-09-03,20,SELL,55,37.53,False
TSLA,2025-09-04,5,SELL,55,8.94,False
TSLA,2025-09-04,10,SELL,55,23.14,False
TSLA,2025-09-04,20,SELL,55,28.79,False
TSLA,2025-09-05,5,BUY,55,12.85,True
TSLA,2025-09-05,10,BUY,55,21.44,True
TSLA,2025-09-05,20,BUY,55,22.51,True
TSLA,2025-09-08,5,BUY,55,18.37,True
TSLA,2025-09-08,10,BUY,55,25.35,True
TSLA,2025-09-08,20,BUY,55,30.85,True
TSLA,2025-09-09,5,BUY,55,21.51,True
TSLA,2025-09-09,10,BUY,55,22.73,True
TSLA,2025-09-09,20,BUY,55,24.82,True
TSLA,2025-09-10,5,BUY,55,22.45,True
TSLA,2025-09-10,10,BUY,55,27.32,True
TSLA,2025-09-10,20,BUY,55,26.14,True
TSLA,2025-09-11,5,BUY,55,13.03,True
TSLA,2025-09-11,10,BUY,55,14.8,True
TSLA,2025-09-11,20,BUY,55,18.09,True
TSLA,2025-09-12,5,BUY,55,7.61,True
TSLA,2025-09-12,10,BUY,55,11.23,True
TSLA,2025-09-12,20,BUY,55,4.43,True
TSLA,2025-09-15,5,BUY,55,5.89,True
TSLA,2025-09-15,10,BUY,55,8.09,True
TSLA,2025-09-15,20,BUY,55,6.31,True
TSLA,2025-09-16,5,BUY,55,1.0,True
TSLA,2025-09-16,10,BUY,55,5.48,True
TSLA,2025-09-16,20,BUY,55,1.81,True
TSLA,2025-09-17,5,BUY,55,3.98,True
TSLA,2025-09-17,10,BUY,55,7.89,True
TSLA,2025-09-17,20,BUY,55,2.18,True
TSLA,2025-09-18,5,BUY,55,1.57,True
TSLA,2025-09-18,10,BUY,55,4.59,True
TSLA,2025-09-18,20,BUY,55,2.85,True
TSLA,2025-09-19,5,BUY,55,3.36,True
TSLA,2025-09-19,10,BUY,55,0.88,True
TSLA,2025-09-19,20,BUY,55,3.11,True
TSLA,2025-09-22,5,BUY,55,2.07,True
TSLA,2025-09-22,10,BUY,55,4.38,True
TSLA,2025-09-22,20,BUY,55,3.04,True
TSLA,2025-09-23,5,BUY,55,4.43,True
TSLA,2025-09-23,10,BUY,55,1.7,True
TSLA,2025-09-23,20,BUY,55,3.93,True
TSLA,2025-09-24,5,BUY,55,3.76,True
TSLA,2025-09-24,10,BUY,55,-0.93,False
TSLA,2025-09-24,20,BUY,55,-0.86,False
TSLA,2025-09-25,5,BUY,55,2.98,True
TSLA,2025-09-25,10,BUY,55,2.87,True
TSLA,2025-09-25,20,BUY,55,6.04,True
TSLA,2025-09-26,5,BUY,55,-2.4,False
TSLA,2025-09-26,10,BUY,55,-6.11,False
TSLA,2025-09-26,20,BUY,55,-1.52,False
TSLA,2025-09-29,5,BUY,55,2.27,True
TSLA,2025-09-29,10,BUY,55,-1.65,False
TSLA,2025-09-29,20,BUY,55,2.08,True
TSLA,2025-09-30,5,BUY,55,-2.62,False
TSLA,2025-09-30,10,BUY,55,-3.48,False
TSLA,2025-09-30,20,BUY,55,3.56,True
TSLA,2025-10-01,5,BUY,55,-4.52,False
TSLA,2025-10-01,10,BUY,55,-5.29,False
TSLA,2025-10-01,20,BUY,55,0.45,True
TSLA,2025-10-02,5,BUY,55,-0.11,False
TSLA,2025-10-02,10,BUY,55,-1.66,False
TSLA,2025-10-02,20,BUY,55,0.94,True
TSLA,2025-10-03,5,BUY,55,-3.8,False
TSLA,2025-10-03,10,BUY,55,2.21,True
TSLA,2025-10-03,20,BUY,55,6.22,True
TSLA,2025-10-06,5,BUY,55,-3.83,False
TSLA,2025-10-06,10,BUY,55,-1.28,False
TSLA,2025-10-06,20,BUY,55,3.34,True
TSLA,2025-10-07,5,BUY,55,-0.89,False
TSLA,2025-10-07,10,BUY,55,2.2,True
TSLA,2025-10-07,20,BUY,55,2.58,True
TSLA,2025-10-08,5,BUY,55,-0.81,False
TSLA,2025-10-08,10,BUY,55,0.06,True
TSLA,2025-10-08,20,BUY,55,5.33,True
TSLA,2025-10-09,5,BUY,55,-1.56,False
TSLA,2025-10-09,10,BUY,55,3.09,True
TSLA,2025-10-09,20,BUY,55,2.38,True
TSLA,2025-10-10,5,BUY,55,6.24,True
TSLA,2025-10-10,10,BUY,55,4.89,True
TSLA,2025-10-10,20,BUY,55,3.88,True
TSLA,2025-10-13,5,BUY,55,2.65,True
TSLA,2025-10-13,10,BUY,55,3.79,True
TSLA,2025-10-13,20,BUY,55,2.14,True
TSLA,2025-10-14,5,SELL,55,3.11,False
TSLA,2025-10-14,10,SELL,55,7.29,False
TSLA,2025-10-14,20,SELL,55,2.42,False
TSLA,2025-10-15,5,SELL,55,0.88,False
TSLA,2025-10-15,10,SELL,55,6.06,False
TSLA,2025-10-15,20,SELL,55,-1.05,True
TSLA,2025-10-16,5,SELL,55,4.72,False
TSLA,2025-10-16,10,SELL,55,2.65,False
TSLA,2025-10-16,20,SELL,55,-6.24,True
TSLA,2025-10-17,5,SELL,55,-1.27,True
TSLA,2025-10-17,10,SELL,55,3.93,False
TSLA,2025-10-17,20,SELL,55,-7.96,True
TSLA,2025-10-20,5,SELL,55,1.12,False
TSLA,2025-10-20,10,SELL,55,4.68,False
TSLA,2025-10-20,20,SELL,55,-8.61,True
TSLA,2025-10-21,5,SELL,55,4.06,False
TSLA,2025-10-21,10,SELL,55,0.38,False
TSLA,2025-10-21,20,SELL,55,-9.34,True
TSLA,2025-10-22,5,SELL,55,5.13,False
TSLA,2025-10-22,10,SELL,55,5.26,False
TSLA,2025-10-22,20,SELL,55,-7.97,True
TSLA,2025-10-23,5,SELL,55,-1.98,True
TSLA,2025-10-23,10,SELL,55,-0.68,True
TSLA,2025-10-23,20,SELL,55,-11.97,True
TSLA,2025-10-24,5,SELL,55,5.27,False
TSLA,2025-10-24,10,SELL,55,-0.97,True
TSLA,2025-10-24,20,SELL,55,-9.83,True
TSLA,2025-10-27,5,BUY,55,3.53,True
TSLA,2025-10-27,10,BUY,55,-1.59,False
TSLA,2025-10-27,20,BUY,55,-7.66,False
TSLA,2025-10-28,5,BUY,55,-3.54,False
TSLA,2025-10-28,10,BUY,55,-4.54,False
TSLA,2025-10-28,20,BUY,55,-8.93,False
TSLA,2025-10-29,5,BUY,55,0.12,True
TSLA,2025-10-29,10,BUY,55,-6.7,False
TSLA,2025-10-29,20,BUY,55,-7.57,False
TSLA,2025-10-30,5,BUY,55,1.32,True
TSLA,2025-10-30,10,BUY,55,-8.66,False
TSLA,2025-10-30,20,BUY,55,-2.26,False
TSLA,2025-10-31,5,BUY,55,-5.92,False
TSLA,2025-10-31,10,BUY,55,-11.44,False
TSLA,2025-10-31,20,BUY,55,-5.79,False
TSLA,2025-11-03,5,BUY,55,-4.94,False
TSLA,2025-11-03,10,BUY,55,-12.69,False
TSLA,2025-11-03,20,BUY,55,-8.35,False
TSLA,2025-11-04,5,SELL,55,-1.04,True
TSLA,2025-11-04,10,SELL,55,-9.68,True
TSLA,2025-11-04,20,SELL,55,0.56,False
TSLA,2025-11-05,5,BUY,55,-6.81,False
TSLA,2025-11-05,10,BUY,55,-12.57,False
TSLA,2025-11-05,20,BUY,55,-1.63,False
TSLA,2025-11-06,5,SELL,55,-9.85,True
TSLA,2025-11-06,10,SELL,55,-11.37,True
TSLA,2025-11-06,20,SELL,55,2.04,False
TSLA,2025-11-07,5,SELL,55,-5.86,True
TSLA,2025-11-07,10,SELL,55,-8.95,True
TSLA,2025-11-07,20,SELL,55,2.34,False
TSLA,2025-11-10,5,SELL,55,-8.16,True
TSLA,2025-11-10,10,SELL,55,-6.17,True
TSLA,2025-11-10,20,SELL,55,-0.01,True
TSLA,2025-11-11,5,SELL,55,-8.73,True
TSLA,2025-11-11,10,SELL,55,-4.6,True
TSLA,2025-11-11,20,SELL,55,2.69,False
TSLA,2025-11-12,5,SELL,55,-6.18,True
TSLA,2025-11-12,10,SELL,55,-0.93,True
TSLA,2025-11-12,20,SELL,55,3.78,False
TSLA,2025-11-13,5,BUY,55,-1.68,False
TSLA,2025-11-13,10,BUY,55,7.01,True
TSLA,2025-11-13,20,BUY,55,14.17,True
TSLA,2025-11-14,5,SELL,55,-3.28,True
TSLA,2025-11-14,10,SELL,55,6.38,False
TSLA,2025-11-14,20,SELL,55,17.55,False
TSLA,2025-11-17,5,SELL,55,2.17,False
TSLA,2025-11-17,10,SELL,55,4.97,False
TSLA,2025-11-17,20,SELL,55,19.8,False
TSLA,2025-11-18,5,SELL,55,4.52,False
TSLA,2025-11-18,10,SELL,55,11.34,False
TSLA,2025-11-18,20,SELL,55,16.45,False
TSLA,2025-11-19,5,SELL,55,5.59,False
TSLA,2025-11-19,10,SELL,55,12.51,False
TSLA,2025-11-19,20,SELL,55,19.65,False
TSLA,2025-11-20,5,SELL,55,8.84,False
TSLA,2025-11-20,10,SELL,55,15.12,False
TSLA,2025-11-20,20,SELL,55,21.75,False
TSLA,2025-11-24,5,BUY,55,2.74,True
TSLA,2025-11-24,10,BUY,55,6.56,True
TSLA,2025-11-24,20,BUY,55,16.22,True
TSLA,2025-11-25,5,SELL,55,6.52,False
TSLA,2025-11-25,10,SELL,55,7.64,False
TSLA,2025-11-25,20,SELL,55,15.74,False
TSLA,2025-11-26,5,SELL,55,6.55,False
TSLA,2025-11-26,10,SELL,55,4.76,False
TSLA,2025-11-26,20,SELL,55,11.4,False
TSLA,2025-11-28,5,SELL,55,5.77,False
TSLA,2025-11-28,10,SELL,55,6.69,False
TSLA,2025-11-28,20,SELL,55,6.85,False
TSLA,2025-12-01,5,SELL,55,2.19,False
TSLA,2025-12-01,10,SELL,55,10.5,False
TSLA,2025-12-01,20,SELL,55,5.65,False
TSLA,2025-12-02,5,SELL,55,3.71,False
TSLA,2025-12-02,10,SELL,55,14.13,False
TSLA,2025-12-02,20,SELL,55,4.77,False
TSLA,2025-12-03,5,SELL,55,1.05,False
TSLA,2025-12-03,10,SELL,55,4.59,False
TSLA,2025-12-03,20,SELL,55,-1.94,True
TSLA,2025-12-04,5,BUY,55,-1.68,False
TSLA,2025-12-04,10,BUY,55,6.35,True
TSLA,2025-12-04,20,BUY,55,-0.63,False
TSLA,2025-12-05,5,BUY,55,0.87,True
TSLA,2025-12-05,10,BUY,55,5.76,True
TSLA,2025-12-05,20,BUY,55,-4.84,False
TSLA,2025-12-08,5,BUY,55,8.13,True
TSLA,2025-12-08,10,BUY,55,11.18,True
TSLA,2025-12-08,20,BUY,55,-1.86,False
TSLA,2025-12-09,5,BUY,55,10.04,True
TSLA,2025-12-09,10,BUY,55,9.07,True
TSLA,2025-12-09,20,BUY,55,-2.1,False
TSLA,2025-12-10,5,BUY,55,3.5,True
TSLA,2025-12-10,10,BUY,55,7.52,True
TSLA,2025-12-10,20,BUY,55,-1.43,False
TSLA,2025-12-11,5,BUY,55,8.16,True
TSLA,2025-12-11,10,BUY,55,6.33,True
TSLA,2025-12-11,20,BUY,55,0.46,True
TSLA,2025-12-12,5,BUY,55,4.85,True
TSLA,2025-12-12,10,BUY,55,0.15,True
TSLA,2025-12-12,20,BUY,55,-2.56,False
TSLA,2025-12-15,5,BUY,55,2.82,True
TSLA,2025-12-15,10,BUY,55,-4.39,False
TSLA,2025-12-15,20,BUY,55,-7.6,False
TSLA,2025-12-16,5,BUY,55,-0.88,False
TSLA,2025-12-16,10,BUY,55,-8.2,False
TSLA,2025-12-16,20,BUY,55,-10.47,False
TSLA,2025-12-18,5,BUY,55,-1.69,False
TSLA,2025-12-18,10,BUY,55,-6.56,False
TSLA,2025-12-18,20,BUY,55,-13.27,False
TSLA,2025-12-19,5,BUY,55,-4.48,False
TSLA,2025-12-19,10,BUY,55,-10.02,False
TSLA,2025-12-19,20,BUY,55,-10.34,False
TSLA,2025-12-22,5,BUY,55,-7.02,False
TSLA,2025-12-22,10,BUY,55,-11.73,False
TSLA,2025-12-22,20,BUY,55,-8.06,False
TSLA,2025-12-23,5,BUY,55,-7.38,False
TSLA,2025-12-23,10,BUY,55,-10.25,False
TSLA,2025-12-23,20,BUY,55,-7.52,False
TSLA,2025-12-24,5,BUY,55,-9.75,False
TSLA,2025-12-24,10,BUY,55,-8.32,False
TSLA,2025-12-24,20,BUY,55,-10.34,False
TSLA,2025-12-26,5,BUY,55,-4.95,False
TSLA,2025-12-26,10,BUY,55,-5.52,False
TSLA,2025-12-26,20,BUY,55,-9.32,False
TSLA,2025-12-29,5,BUY,55,-5.8,False
TSLA,2025-12-29,10,BUY,55,-2.71,False
TSLA,2025-12-29,20,BUY,55,-6.13,False
TSLA,2025-12-30,5,BUY,55,-5.07,False
TSLA,2025-12-30,10,BUY,55,-3.35,False
TSLA,2025-12-30,20,BUY,55,-8.33,False
TSLA,2025-12-31,5,SELL,55,-3.1,True
TSLA,2025-12-31,10,SELL,55,-2.48,True
TSLA,2025-12-31,20,SELL,55,-4.29,True
TSLA,2026-01-02,5,SELL,55,1.58,False
TSLA,2026-01-02,10,SELL,55,-0.13,True
TSLA,2026-01-02,20,SELL,55,-3.71,True
TSLA,2026-01-05,5,SELL,55,-0.6,True
TSLA,2026-01-05,10,SELL,55,-7.18,True
TSLA,2026-01-05,20,SELL,55,-6.58,True
TSLA,2026-01-06,5,SELL,55,3.29,False
TSLA,2026-01-06,10,SELL,55,-0.35,True
TSLA,2026-01-06,20,SELL,55,-6.22,True
TSLA,2026-01-07,5,SELL,55,1.81,False
TSLA,2026-01-07,10,SELL,55,4.16,False
TSLA,2026-01-07,20,SELL,55,-7.93,True
TSLA,2026-01-08,5,SELL,55,0.64,False
TSLA,2026-01-08,10,SELL,55,3.04,False
TSLA,2026-01-08,20,SELL,55,-5.67,True
TSLA,2026-01-09,5,SELL,55,-1.69,True
TSLA,2026-01-09,10,SELL,55,-2.2,True
TSLA,2026-01-09,20,SELL,55,-6.22,True
TSLA,2026-01-12,5,SELL,55,-6.62,True
TSLA,2026-01-12,10,SELL,55,-4.02,True
TSLA,2026-01-12,20,SELL,55,-5.29,True
TSLA,2026-01-13,5,SELL,55,-3.52,True
TSLA,2026-01-13,10,SELL,55,-3.52,True
TSLA,2026-01-13,20,SELL,55,-4.23,True
TSLA,2026-01-14,5,SELL,55,2.31,False
TSLA,2026-01-14,10,SELL,55,-5.15,True
TSLA,2026-01-14,20,SELL,55,-5.04,True
TSLA,2026-01-15,5,SELL,55,2.39,False
TSLA,2026-01-15,10,SELL,55,-1.86,True
TSLA,2026-01-15,20,SELL,55,-4.82,True
TSLA,2026-01-16,5,SELL,55,-0.53,True
TSLA,2026-01-16,10,SELL,55,-3.59,True
TSLA,2026-01-16,20,SELL,55,-6.14,True
TSLA,2026-01-20,5,SELL,55,2.78,False
TSLA,2026-01-20,10,SELL,55,0.65,False
TSLA,2026-01-20,20,SELL,55,-1.89,True
TSLA,2026-01-21,5,SELL,55,0.0,False
TSLA,2026-01-21,10,SELL,55,-5.89,True
TSLA,2026-01-21,20,SELL,55,-4.57,True
TSLA,2026-01-22,5,SELL,55,-7.3,True
TSLA,2026-01-22,10,SELL,55,-11.61,True
TSLA,2026-01-22,20,SELL,55,-8.35,True
TSLA,2026-01-23,5,SELL,55,-4.15,True
TSLA,2026-01-23,10,SELL,55,-8.45,True
TSLA,2026-01-23,20,SELL,55,-10.96,True
TSLA,2026-01-26,5,SELL,55,-3.08,True
TSLA,2026-01-26,10,SELL,55,-4.11,True
TSLA,2026-01-26,20,SELL,55,-5.93,True
TSLA,2026-01-28,5,SELL,55,-5.9,True
TSLA,2026-01-28,10,SELL,55,-0.74,True
TSLA,2026-01-28,20,SELL,55,-5.3,True
TSLA,2026-01-29,5,SELL,55,-4.65,True
TSLA,2026-01-29,10,SELL,55,0.12,False
TSLA,2026-01-29,20,SELL,55,-3.37,True
TSLA,2026-01-30,5,SELL,55,-4.48,True
TSLA,2026-01-30,10,SELL,55,-3.01,True
TSLA,2026-01-30,20,SELL,55,-6.29,True
TSLA,2026-02-02,5,SELL,55,-1.06,True
TSLA,2026-02-02,10,SELL,55,-2.65,True
TSLA,2026-02-02,20,SELL,55,-6.97,True
TSLA,2026-02-03,5,SELL,55,0.77,False
TSLA,2026-02-03,10,SELL,55,-2.52,True
TSLA,2026-02-03,20,SELL,55,-3.8,True
TSLA,2026-02-04,5,SELL,55,5.48,False
TSLA,2026-02-04,10,SELL,55,1.4,False
TSLA,2026-02-04,20,SELL,55,-0.11,True
TSLA,2026-02-05,5,SELL,55,5.0,False
TSLA,2026-02-05,10,SELL,55,3.68,False
TSLA,2026-02-05,20,SELL,55,-0.12,True
TSLA,2026-02-06,5,SELL,55,1.54,False
TSLA,2026-02-06,10,SELL,55,-2.74,True
TSLA,2026-02-06,20,SELL,55,-3.02,True
TSLA,2026-02-09,5,BUY,55,-1.6,False
TSLA,2026-02-09,10,BUY,55,-1.9,False
TSLA,2026-02-09,20,BUY,55,-4.33,False
TSLA,2026-02-10,5,SELL,55,-3.27,True
TSLA,2026-02-10,10,SELL,55,-1.84,True
TSLA,2026-02-10,20,SELL,55,-4.09,True
TSLA,2026-02-11,5,SELL,55,-3.87,True
TSLA,2026-02-11,10,SELL,55,-4.6,True
TSLA,2026-02-11,20,SELL,55,-7.77,True
TSLA,2026-02-12,5,SELL,55,-1.26,True
TSLA,2026-02-12,10,SELL,55,-3.49,True
TSLA,2026-02-12,20,SELL,55,-6.2,True
TSLA,2026-02-13,5,SELL,55,-4.22,True
TSLA,2026-02-13,10,SELL,55,-3.38,True
TSLA,2026-02-13,20,SELL,55,-5.24,True
TSLA,2026-02-17,5,SELL,55,-0.3,True
TSLA,2026-02-17,10,SELL,55,-4.43,True
TSLA,2026-02-17,20,SELL,55,-2.77,True
TSLA,2026-02-18,5,SELL,55,1.48,False
TSLA,2026-02-18,10,SELL,55,-1.31,True
TSLA,2026-02-18,20,SELL,55,-4.51,True
TSLA,2026-02-19,5,SELL,55,-0.76,True
TSLA,2026-02-19,10,SELL,55,-1.5,True
TSLA,2026-02-19,20,SELL,55,-7.63,True
TSLA,2026-02-20,5,SELL,55,-2.26,True
TSLA,2026-02-20,10,SELL,55,-3.66,True
TSLA,2026-02-20,20,SELL,55,-10.65,True
TSLA,2026-02-23,5,SELL,55,0.87,False
TSLA,2026-02-23,10,SELL,55,-0.29,True
TSLA,2026-02-23,20,SELL,55,-4.75,True
TSLA,2026-02-24,5,SELL,55,-4.14,True
TSLA,2026-02-24,10,SELL,55,-2.48,True
TSLA,2026-02-24,20,SELL,55,-6.44,True
TSLA,2026-02-25,5,BUY,55,-2.75,False
TSLA,2026-02-25,10,BUY,55,-2.3,False
TSLA,2026-02-25,20,BUY,55,-7.53,False
TSLA,2026-02-26,5,BUY,55,-0.74,False
TSLA,2026-02-26,10,BUY,55,-3.32,False
TSLA,2026-02-26,20,BUY,55,-8.93,False
TSLA,2026-02-27,5,SELL,55,-1.44,True
TSLA,2026-02-27,10,SELL,55,-2.81,True
TSLA,2026-02-27,20,SELL,55,-10.11,True
TSLA,2026-03-02,5,SELL,55,-1.15,True
TSLA,2026-03-02,10,SELL,55,-1.92,True
TSLA,2026-03-02,20,SELL,55,-11.91,True
TSLA,2026-03-03,5,SELL,55,1.74,False
TSLA,2026-03-03,10,SELL,55,1.74,False
TSLA,2026-03-03,20,SELL,55,-5.27,True
TSLA,2026-03-04,5,SELL,55,0.46,False
TSLA,2026-03-04,10,SELL,55,-3.24,True
TSLA,2026-03-04,20,SELL,55,-6.08,True
TSLA,2026-03-05,5,SELL,55,-2.6,True
TSLA,2026-03-05,10,SELL,55,-6.23,True
TSLA,2026-03-05,20,SELL,55,-11.09,True
TSLA,2026-03-06,5,SELL,55,-1.39,True
TSLA,2026-03-06,10,SELL,55,-7.25,True
TSLA,2026-03-06,20,SELL,55,-11.07,True
TSLA,2026-03-09,5,SELL,55,-0.78,True
TSLA,2026-03-09,10,SELL,55,-4.47,True
TSLA,2026-03-09,20,SELL,55,-13.05,True
TSLA,2026-03-10,5,SELL,55,0.01,False
TSLA,2026-03-10,10,SELL,55,-4.06,True
TSLA,2026-03-10,20,SELL,55,-14.02,True
TSLA,2026-03-11,5,SELL,55,-3.69,True
TSLA,2026-03-11,10,SELL,55,-5.36,True
TSLA,2026-03-11,20,SELL,55,-15.25,True
TSLA,2026-03-12,5,SELL,55,-3.72,True
TSLA,2026-03-12,10,SELL,55,-5.8,True
TSLA,2026-03-12,20,SELL,55,-11.66,True
TSLA,2026-03-13,5,SELL,55,-5.94,True
TSLA,2026-03-13,10,SELL,55,-7.51,True
TSLA,2026-03-13,20,SELL,55,-9.91,True
META,2022-01-27,5,BUY,55,-19.3,False
META,2022-01-27,10,BUY,55,-22.59,False
META,2022-01-27,20,BUY,55,-28.56,False
META,2022-01-28,5,BUY,55,-21.42,False
META,2022-01-28,10,BUY,55,-27.23,False
META,2022-01-28,20,BUY,55,-30.06,False
META,2022-01-31,5,BUY,55,-28.2,False
META,2022-01-31,10,BUY,55,-30.51,False
META,2022-01-31,20,BUY,55,-35.04,False
META,2022-02-01,5,BUY,55,-30.98,False
META,2022-02-01,10,BUY,55,-30.72,False
META,2022-02-01,20,BUY,55,-34.76,False
META,2022-02-02,5,BUY,55,-28.17,False
META,2022-02-02,10,BUY,55,-32.96,False
META,2022-02-02,20,BUY,55,-37.16,False
META,2022-02-03,5,BUY,55,-4.08,False
META,2022-02-03,10,BUY,55,-12.64,False
META,2022-02-03,20,BUY,55,-15.86,False
META,2022-02-04,5,BUY,55,-7.4,False
META,2022-02-04,10,BUY,55,-13.05,False
META,2022-02-04,20,BUY,55,-20.93,False
META,2022-02-07,5,BUY,55,-3.21,False
META,2022-02-07,10,BUY,55,-10.15,False
META,2022-02-07,20,BUY,55,-15.39,False
META,2022-02-08,5,BUY,55,0.37,True
META,2022-02-08,10,BUY,55,-9.87,False
META,2022-02-08,20,BUY,55,-9.85,False
META,2022-02-09,5,BUY,55,-6.66,False
META,2022-02-09,10,BUY,55,-10.52,False
META,2022-02-09,20,BUY,55,-15.86,False
META,2022-02-10,5,BUY,55,-8.93,False
META,2022-02-10,10,BUY,55,-7.71,False
META,2022-02-10,20,BUY,55,-17.74,False
META,2022-02-11,5,BUY,55,-6.1,False
META,2022-02-11,10,BUY,55,-3.88,False
META,2022-02-11,20,BUY,55,-14.99,False
META,2022-02-14,5,BUY,55,-7.18,False
META,2022-02-14,10,BUY,55,-6.53,False
META,2022-02-14,20,BUY,55,-11.79,False
META,2022-02-15,5,BUY,55,-10.2,False
META,2022-02-15,10,BUY,55,-5.83,False
META,2022-02-15,20,BUY,55,-7.86,False
META,2022-02-16,5,BUY,55,-4.13,False
META,2022-02-16,10,BUY,55,-6.27,False
META,2022-02-16,20,BUY,55,-4.02,False
META,2022-02-17,5,BUY,55,1.33,True
META,2022-02-17,10,BUY,55,-3.68,False
META,2022-02-17,20,BUY,55,4.23,True
META,2022-02-18,5,BUY,55,2.36,True
META,2022-02-18,10,BUY,55,-9.07,False
META,2022-02-18,20,BUY,55,2.59,True
META,2022-02-22,5,BUY,55,0.7,True
META,2022-02-22,10,BUY,55,-5.83,False
META,2022-02-22,20,BUY,55,7.21,True
META,2022-02-23,5,BUY,55,4.87,True
META,2022-02-23,10,BUY,55,0.03,True
META,2022-02-23,20,BUY,55,7.56,True
META,2022-02-24,5,BUY,55,-2.23,False
META,2022-02-24,10,BUY,55,-5.97,False
META,2022-02-24,20,BUY,55,5.77,True
META,2022-02-25,5,BUY,55,-4.95,False
META,2022-02-25,10,BUY,55,-10.87,False
META,2022-02-25,20,BUY,55,5.39,True
META,2022-02-28,5,BUY,55,-11.16,False
META,2022-02-28,10,BUY,55,-11.56,False
META,2022-02-28,20,BUY,55,5.95,True
META,2022-03-01,5,BUY,55,-6.49,False
META,2022-03-01,10,BUY,55,-5.63,False
META,2022-03-01,20,BUY,55,12.96,True
META,2022-03-02,5,BUY,55,-4.62,False
META,2022-03-02,10,BUY,55,-2.15,False
META,2022-03-02,20,BUY,55,9.49,True
META,2022-03-03,5,BUY,55,-3.82,False
META,2022-03-03,10,BUY,55,2.4,True
META,2022-03-03,20,BUY,55,9.55,True
META,2022-03-04,5,BUY,55,-6.22,False
META,2022-03-04,10,BUY,55,8.21,True
META,2022-03-04,20,BUY,55,12.39,True
META,2022-03-07,5,BUY,55,-0.45,False
META,2022-03-07,10,BUY,55,12.81,True
META,2022-03-07,20,BUY,55,24.76,True
META,2022-03-08,5,BUY,55,0.91,True
META,2022-03-08,10,BUY,55,13.85,True
META,2022-03-08,20,BUY,55,21.84,True
META,2022-03-22,5,BUY,55,6.1,True
META,2022-03-22,10,BUY,55,7.01,True
META,2022-03-22,20,BUY,55,-7.49,False
META,2022-03-23,5,BUY,55,6.74,True
META,2022-03-23,10,BUY,55,4.61,True
META,2022-03-23,20,BUY,55,-11.89,False
META,2022-03-24,5,BUY,55,1.27,True
META,2022-03-24,10,BUY,55,1.54,True
META,2022-03-24,20,BUY,55,-16.15,False
META,2022-03-25,5,BUY,55,1.37,True
META,2022-03-25,10,BUY,55,0.23,True
META,2022-03-25,20,BUY,55,-15.7,False
META,2022-04-05,5,BUY,55,-7.63,False
META,2022-04-05,10,BUY,55,-13.55,False
META,2022-04-05,20,BUY,55,-3.64,False
META,2022-04-06,5,BUY,55,-3.72,False
META,2022-04-06,10,BUY,55,-15.78,False
META,2022-04-06,20,BUY,55,-6.73,False
META,2022-04-07,5,BUY,55,-5.73,False
META,2022-04-07,10,BUY,55,-17.42,False
META,2022-04-07,20,BUY,55,-8.6,False
META,2022-04-08,5,BUY,55,-5.2,False
META,2022-04-08,10,BUY,55,-15.9,False
META,2022-04-08,20,BUY,55,-11.75,False
META,2022-04-11,5,BUY,55,0.39,True
META,2022-04-11,10,BUY,55,-16.4,False
META,2022-04-11,20,BUY,55,-8.69,False
META,2022-04-13,5,BUY,55,-12.52,False
META,2022-04-13,10,BUY,55,-4.31,False
META,2022-04-13,20,BUY,55,-11.05,False
META,2022-04-14,5,BUY,55,-12.4,False
META,2022-04-14,10,BUY,55,-4.62,False
META,2022-04-14,20,BUY,55,-5.5,False
META,2022-04-18,5,BUY,55,-11.28,False
META,2022-04-18,10,BUY,55,0.17,True
META,2022-04-18,20,BUY,55,-5.09,False
META,2022-04-19,5,BUY,55,-16.73,False
META,2022-04-19,10,BUY,55,-2.43,False
META,2022-04-19,20,BUY,55,-6.76,False
META,2022-04-20,5,BUY,55,-12.71,False
META,2022-04-20,10,BUY,55,11.47,True
META,2022-04-20,20,BUY,55,-4.08,False
META,2022-04-21,5,BUY,55,9.39,True
META,2022-04-21,10,BUY,55,10.75,True
META,2022-04-21,20,BUY,55,1.71,True
META,2022-04-22,5,BUY,55,8.89,True
META,2022-04-22,10,BUY,55,10.68,True
META,2022-04-22,20,BUY,55,5.12,True
META,2022-04-25,5,BUY,55,12.91,True
META,2022-04-25,10,BUY,55,4.93,True
META,2022-04-25,20,BUY,55,4.94,True
META,2022-04-26,5,BUY,55,17.18,True
META,2022-04-26,10,BUY,55,9.23,True
META,2022-04-26,20,BUY,55,0.18,True
META,2022-04-27,5,BUY,55,27.7,True
META,2022-04-27,10,BUY,55,7.88,True
META,2022-04-27,20,BUY,55,5.08,True
META,2022-04-28,5,BUY,55,1.24,True
META,2022-04-28,10,BUY,55,-7.04,False
META,2022-04-28,20,BUY,55,-6.85,False
META,2022-04-29,5,BUY,55,1.65,True
META,2022-04-29,10,BUY,55,-0.92,False
META,2022-04-29,20,BUY,55,-2.66,False
META,2022-05-03,5,BUY,55,-6.78,False
META,2022-05-03,10,BUY,55,-4.44,False
META,2022-05-03,20,BUY,55,-11.03,False
META,2022-05-04,5,BUY,55,-15.52,False
META,2022-05-04,10,BUY,55,-13.95,False
META,2022-05-04,20,BUY,55,-10.99,False
META,2022-05-05,5,BUY,55,-8.18,False
META,2022-05-05,10,BUY,55,-8.16,False
META,2022-05-05,20,BUY,55,-8.4,False
META,2022-05-06,5,BUY,55,-2.53,False
META,2022-05-06,10,BUY,55,-5.02,False
META,2022-05-06,20,BUY,55,-4.67,False
META,2022-05-09,5,BUY,55,1.95,True
META,2022-05-09,10,BUY,55,0.01,True
META,2022-05-09,20,BUY,55,-0.29,False
META,2022-05-10,5,BUY,55,2.51,True
META,2022-05-10,10,BUY,55,-8.28,False
META,2022-05-10,20,BUY,55,-0.51,False
META,2022-05-11,5,BUY,55,1.85,True
META,2022-05-11,10,BUY,55,-2.6,False
META,2022-05-11,20,BUY,55,-2.51,False
META,2022-05-12,5,BUY,55,0.03,True
META,2022-05-12,10,BUY,55,0.2,True
META,2022-05-12,20,BUY,55,-8.19,False
META,2022-05-13,5,BUY,55,-2.56,False
META,2022-05-13,10,BUY,55,-1.76,False
META,2022-05-13,20,BUY,55,-17.3,False
META,2022-05-16,5,BUY,55,-1.9,False
META,2022-05-16,10,BUY,55,-3.2,False
META,2022-05-16,20,BUY,55,-18.15,False
META,2022-05-17,5,BUY,55,-10.53,False
META,2022-05-17,10,BUY,55,-6.9,False
META,2022-05-17,20,BUY,55,-16.42,False
META,2022-05-18,5,BUY,55,-4.37,False
META,2022-05-18,10,BUY,55,3.44,True
META,2022-05-18,20,BUY,55,-16.32,False
META,2022-05-19,5,BUY,55,0.18,True
META,2022-05-19,10,BUY,55,-0.27,False
META,2022-05-19,20,BUY,55,-14.4,False
META,2022-05-20,5,BUY,55,0.82,True
META,2022-05-20,10,BUY,55,0.37,True
META,2022-05-20,20,BUY,55,-18.85,False
META,2022-05-23,5,BUY,55,-1.32,False
META,2022-05-23,10,BUY,55,-0.3,False
META,2022-05-23,20,BUY,55,-20.58,False
META,2022-05-24,5,BUY,55,4.06,True
META,2022-05-24,10,BUY,55,8.47,True
META,2022-05-24,20,BUY,55,-12.43,False
META,2022-05-25,5,BUY,55,8.18,True
META,2022-05-25,10,BUY,55,0.09,True
META,2022-05-25,20,BUY,55,-7.44,False
META,2022-05-26,5,BUY,55,-0.44,False
META,2022-05-26,10,BUY,55,-8.38,False
META,2022-05-26,20,BUY,55,-11.55,False
META,2022-06-09,5,BUY,55,-12.57,False
META,2022-06-09,10,BUY,55,-7.52,False
META,2022-06-09,20,BUY,55,-11.48,False
META,2022-06-10,5,BUY,55,-6.74,False
META,2022-06-10,10,BUY,55,-3.46,False
META,2022-06-10,20,BUY,55,-7.01,False
META,2022-06-13,5,BUY,55,-4.39,False
META,2022-06-13,10,BUY,55,-2.18,False
META,2022-06-13,20,BUY,55,-0.47,False
META,2022-06-14,5,BUY,55,-4.81,False
META,2022-06-14,10,BUY,55,0.13,True
META,2022-06-14,20,BUY,55,-3.47,False
META,2022-06-15,5,BUY,55,-6.26,False
META,2022-06-15,10,BUY,55,-4.78,False
META,2022-06-15,20,BUY,55,-2.75,False
META,2022-06-16,5,BUY,55,5.77,True
META,2022-06-16,10,BUY,55,-0.52,False
META,2022-06-16,20,BUY,55,3.95,True
META,2022-06-17,5,BUY,55,3.51,True
META,2022-06-17,10,BUY,55,2.72,True
META,2022-06-17,20,BUY,55,7.35,True
META,2022-06-21,5,BUY,55,2.31,True
META,2022-06-21,10,BUY,55,8.1,True
META,2022-06-21,20,BUY,55,16.58,True
META,2022-06-22,5,BUY,55,5.19,True
META,2022-06-22,10,BUY,55,10.48,True
META,2022-06-22,20,BUY,55,17.53,True
META,2022-06-23,5,BUY,55,1.57,True
META,2022-06-23,10,BUY,55,7.64,True
META,2022-06-23,20,BUY,55,6.63,True
META,2022-06-24,5,BUY,55,-5.95,False
META,2022-06-24,10,BUY,55,-4.28,False
META,2022-06-24,20,BUY,55,-2.06,False
META,2022-06-27,5,BUY,55,-0.77,False
META,2022-06-27,10,BUY,55,-3.67,False
META,2022-06-27,20,BUY,55,-6.1,False
META,2022-06-28,5,BUY,55,5.66,True
META,2022-06-28,10,BUY,55,1.75,True
META,2022-06-28,20,BUY,55,5.54,True
META,2022-06-29,5,BUY,55,5.03,True
META,2022-06-29,10,BUY,55,-3.59,False
META,2022-06-29,20,BUY,55,-1.96,False
META,2022-06-30,5,BUY,55,5.97,True
META,2022-06-30,10,BUY,55,2.14,True
META,2022-06-30,20,BUY,55,-1.33,False
META,2022-07-01,5,BUY,55,1.78,True
META,2022-07-01,10,BUY,55,4.5,True
META,2022-07-01,20,BUY,55,-0.06,False
META,2022-07-05,5,BUY,55,-2.93,False
META,2022-07-05,10,BUY,55,4.51,True
META,2022-07-05,20,BUY,55,-4.76,False
META,2022-07-06,5,BUY,55,-3.7,False
META,2022-07-06,10,BUY,55,7.85,True
META,2022-07-06,20,BUY,55,-0.57,False
META,2022-07-07,5,BUY,55,-8.21,False
META,2022-07-07,10,BUY,55,6.38,True
META,2022-07-07,20,BUY,55,-0.94,False
META,2022-07-08,5,BUY,55,-3.62,False
META,2022-07-08,10,BUY,55,-0.94,False
META,2022-07-08,20,BUY,55,-2.21,False
META,2022-07-11,5,BUY,55,2.67,True
META,2022-07-11,10,BUY,55,2.31,True
META,2022-07-11,20,BUY,55,4.52,True
META,2022-07-12,5,BUY,55,7.66,True
META,2022-07-12,10,BUY,55,-2.52,False
META,2022-07-12,20,BUY,55,3.22,True
META,2022-07-13,5,BUY,55,11.99,True
META,2022-07-13,10,BUY,55,3.73,True
META,2022-07-13,20,BUY,55,9.08,True
META,2022-07-14,5,BUY,55,15.89,True
META,2022-07-14,10,BUY,55,1.69,True
META,2022-07-14,20,BUY,55,12.3,True
META,2022-07-15,5,BUY,55,2.77,True
META,2022-07-15,10,BUY,55,-3.4,False
META,2022-07-15,20,BUY,55,9.59,True
META,2022-07-18,5,BUY,55,-0.35,False
META,2022-07-18,10,BUY,55,-4.37,False
META,2022-07-18,20,BUY,55,8.17,True
META,2022-07-19,5,BUY,55,-9.46,False
META,2022-07-19,10,BUY,55,-8.87,False
META,2022-07-19,20,BUY,55,2.1,True
META,2022-07-22,5,BUY,55,-6.01,False
META,2022-07-22,10,BUY,55,-1.28,False
META,2022-07-22,20,BUY,55,-0.77,False
META,2022-07-25,5,BUY,55,-4.03,False
META,2022-07-25,10,BUY,55,2.16,True
META,2022-07-25,20,BUY,55,-2.16,False
META,2022-07-26,5,BUY,55,0.65,True
META,2022-07-26,10,BUY,55,5.89,True
META,2022-07-26,20,BUY,55,1.23,True
META,2022-07-27,5,BUY,55,-0.46,False
META,2022-07-27,10,BUY,55,5.17,True
META,2022-07-27,20,BUY,55,-3.73,False
META,2022-07-28,5,BUY,55,6.13,True
META,2022-07-28,10,BUY,55,10.43,True
META,2022-07-28,20,BUY,55,5.01,True
META,2022-07-29,5,BUY,55,5.03,True
META,2022-07-29,10,BUY,55,13.45,True
META,2022-07-29,20,BUY,55,1.68,True
META,2022-08-01,5,BUY,55,6.45,True
META,2022-08-01,10,BUY,55,13.11,True
META,2022-08-01,20,BUY,55,-0.48,False
META,2022-08-02,5,BUY,55,5.21,True
META,2022-08-02,10,BUY,55,12.04,True
META,2022-08-02,20,BUY,55,-1.89,False
META,2022-08-03,5,BUY,55,5.65,True
META,2022-08-03,10,BUY,55,3.58,True
META,2022-08-03,20,BUY,55,-3.48,False
META,2022-08-04,5,BUY,55,4.06,True
META,2022-08-04,10,BUY,55,2.4,True
META,2022-08-04,20,BUY,55,-3.05,False
META,2022-08-05,5,BUY,55,8.01,True
META,2022-08-05,10,BUY,55,0.51,True
META,2022-08-05,20,BUY,55,-4.06,False
META,2022-08-08,5,BUY,55,6.25,True
META,2022-08-08,10,BUY,55,-4.23,False
META,2022-08-08,20,BUY,55,-6.88,False
META,2022-08-09,5,BUY,55,6.49,True
META,2022-08-09,10,BUY,55,-4.4,False
META,2022-08-09,20,BUY,55,-4.83,False
META,2022-08-10,5,BUY,55,-1.96,False
META,2022-08-10,10,BUY,55,-8.46,False
META,2022-08-10,20,BUY,55,-9.13,False
META,2022-08-11,5,BUY,55,-1.59,False
META,2022-08-11,10,BUY,55,-4.91,False
META,2022-08-11,20,BUY,55,-4.7,False
META,2022-08-12,5,BUY,55,-6.95,False
META,2022-08-12,10,BUY,55,-10.37,False
META,2022-08-12,20,BUY,55,-6.39,False
META,2022-08-16,5,BUY,55,-10.23,False
META,2022-08-16,10,BUY,55,-12.43,False
META,2022-08-16,20,BUY,55,-15.6,False
META,2022-08-17,5,BUY,55,-6.63,False
META,2022-08-17,10,BUY,55,-6.82,False
META,2022-08-17,20,BUY,55,-14.47,False
META,2022-08-18,5,BUY,55,-3.37,False
META,2022-08-18,10,BUY,55,-5.32,False
META,2022-08-18,20,BUY,55,-16.24,False
META,2022-08-19,5,BUY,55,-3.68,False
META,2022-08-19,10,BUY,55,-4.55,False
META,2022-08-19,20,BUY,55,-11.87,False
META,2022-08-22,5,BUY,55,-2.38,False
META,2022-08-22,10,BUY,55,-2.77,False
META,2022-08-22,20,BUY,55,-10.4,False
META,2022-08-23,5,BUY,55,-2.45,False
META,2022-08-23,10,BUY,55,-0.45,False
META,2022-08-23,20,BUY,55,-11.79,False
META,2022-08-24,5,BUY,55,-0.2,False
META,2022-08-24,10,BUY,55,-0.73,False
META,2022-08-24,20,BUY,55,-12.52,False
META,2022-08-25,5,BUY,55,-2.03,False
META,2022-08-25,10,BUY,55,0.22,True
META,2022-08-25,20,BUY,55,-16.81,False
META,2022-08-26,5,BUY,55,-0.9,False
META,2022-08-26,10,BUY,55,4.44,True
META,2022-08-26,20,BUY,55,-15.71,False
META,2022-08-29,5,BUY,55,-0.4,False
META,2022-08-29,10,BUY,55,-3.79,False
META,2022-08-29,20,BUY,55,-15.56,False
META,2022-08-30,5,BUY,55,2.06,True
META,2022-08-30,10,BUY,55,-3.62,False
META,2022-08-30,20,BUY,55,-9.89,False
META,2022-08-31,5,BUY,55,-0.53,False
META,2022-08-31,10,BUY,55,-8.21,False
META,2022-08-31,20,BUY,55,-16.28,False
META,2022-09-01,5,BUY,55,2.29,True
META,2022-09-01,10,BUY,55,-11.53,False
META,2022-09-01,20,BUY,55,-17.95,False
META,2022-09-02,5,BUY,55,5.39,True
META,2022-09-02,10,BUY,55,-7.67,False
META,2022-09-02,20,BUY,55,-13.54,False
META,2022-09-06,5,BUY,55,-3.41,False
META,2022-09-06,10,BUY,55,-7.85,False
META,2022-09-06,20,BUY,55,-11.52,False
META,2022-09-07,5,BUY,55,-5.56,False
META,2022-09-07,10,BUY,55,-11.39,False
META,2022-09-07,20,BUY,55,-13.35,False
META,2022-09-09,5,BUY,55,-13.51,False
META,2022-09-09,10,BUY,55,-16.99,False
META,2022-09-09,20,BUY,55,-21.11,False
META,2022-09-12,5,BUY,55,-12.39,False
META,2022-09-12,10,BUY,55,-19.29,False
META,2022-09-12,20,BUY,55,-20.82,False
META,2022-09-13,5,BUY,55,-4.6,False
META,2022-09-13,10,BUY,55,-12.23,False
META,2022-09-13,20,BUY,55,-16.06,False
META,2022-09-14,5,BUY,55,-6.17,False
META,2022-09-14,10,BUY,55,-6.51,False
META,2022-09-14,20,BUY,55,-15.82,False
META,2022-09-15,5,BUY,55,-4.5,False
META,2022-09-15,10,BUY,55,-8.79,False
META,2022-09-15,20,BUY,55,-12.88,False
META,2022-09-16,5,BUY,55,-4.02,False
META,2022-09-16,10,BUY,55,-7.25,False
META,2022-09-16,20,BUY,55,-13.35,False
META,2022-09-19,5,BUY,55,-7.87,False
META,2022-09-19,10,BUY,55,-6.36,False
META,2022-09-19,20,BUY,55,-9.44,False
META,2022-09-20,5,BUY,55,-8.0,False
META,2022-09-20,10,BUY,55,-3.98,False
META,2022-09-20,20,BUY,55,-9.1,False
META,2022-09-21,5,BUY,55,-0.36,False
META,2022-09-21,10,BUY,55,-2.21,False
META,2022-09-21,20,BUY,55,-6.26,False
META,2022-09-22,5,BUY,55,-4.49,False
META,2022-09-22,10,BUY,55,-2.63,False
META,2022-09-22,20,BUY,55,-7.91,False
META,2022-09-23,5,BUY,55,-3.37,False
META,2022-09-23,10,BUY,55,-4.96,False
META,2022-09-23,20,BUY,55,-7.41,False
META,2022-09-26,5,BUY,55,1.64,True
META,2022-09-26,10,BUY,55,-1.89,False
META,2022-09-26,20,BUY,55,-4.88,False
META,2022-09-27,5,BUY,55,4.38,True
META,2022-09-27,10,BUY,55,-4.36,False
META,2022-09-27,20,BUY,55,2.31,True
META,2022-09-28,5,BUY,55,-1.86,False
META,2022-09-28,10,BUY,55,-9.96,False
META,2022-09-28,20,BUY,55,-8.33,False
META,2022-09-29,5,BUY,55,1.95,True
META,2022-09-29,10,BUY,55,-4.49,False
META,2022-09-29,20,BUY,55,-28.2,False
META,2022-09-30,5,BUY,55,-1.64,False
META,2022-09-30,10,BUY,55,-6.57,False
META,2022-09-30,20,BUY,55,-26.89,False
META,2022-10-03,5,BUY,55,-3.48,False
META,2022-10-03,10,BUY,55,-3.3,False
META,2022-10-03,20,BUY,55,-32.79,False
META,2022-10-04,5,BUY,55,-8.37,False
META,2022-10-04,10,BUY,55,-5.33,False
META,2022-10-04,20,BUY,55,-32.14,False
META,2022-10-05,5,BUY,55,-8.26,False
META,2022-10-05,10,BUY,55,-4.14,False
META,2022-10-05,20,BUY,55,-34.85,False
META,2022-10-06,5,BUY,55,-6.31,False
META,2022-10-06,10,BUY,55,-5.42,False
META,2022-10-06,20,BUY,55,-36.07,False
META,2022-10-07,5,BUY,55,-5.01,False
META,2022-10-07,10,BUY,55,-2.58,False
META,2022-10-07,20,BUY,55,-31.97,False
META,2022-10-10,5,BUY,55,0.19,True
META,2022-10-10,10,BUY,55,-3.04,False
META,2022-10-10,20,BUY,55,-27.71,False
META,2022-10-11,5,BUY,55,3.31,True
META,2022-10-11,10,BUY,55,6.98,True
META,2022-10-11,20,BUY,55,-24.95,False
META,2022-10-12,5,BUY,55,4.49,True
META,2022-10-12,10,BUY,55,1.82,True
META,2022-10-12,20,BUY,55,-20.42,False
META,2022-10-13,5,BUY,55,0.95,True
META,2022-10-13,10,BUY,55,-24.83,False
META,2022-10-13,20,BUY,55,-14.14,False
META,2022-10-14,5,BUY,55,2.56,True
META,2022-10-14,10,BUY,55,-21.74,False
META,2022-10-14,20,BUY,55,-10.84,False
META,2022-10-17,5,BUY,55,-3.22,False
META,2022-10-17,10,BUY,55,-30.5,False
META,2022-10-17,20,BUY,55,-14.79,False
META,2022-10-18,5,BUY,55,3.55,True
META,2022-10-18,10,BUY,55,-28.31,False
META,2022-10-18,20,BUY,55,-11.84,False
META,2022-10-19,5,BUY,55,-2.56,False
META,2022-10-19,10,BUY,55,-32.04,False
META,2022-10-19,20,BUY,55,-15.01,False
META,2022-10-20,5,BUY,55,-25.54,False
META,2022-10-20,10,BUY,55,-32.4,False
META,2022-10-20,20,BUY,55,-15.27,False
META,2022-10-21,5,BUY,55,-23.7,False
META,2022-10-21,10,BUY,55,-30.17,False
META,2022-10-21,20,BUY,55,-13.81,False
META,2022-10-24,5,BUY,55,-28.18,False
META,2022-10-24,10,BUY,55,-25.44,False
META,2022-10-24,20,BUY,55,-15.31,False
META,2022-10-25,5,BUY,55,-30.77,False
META,2022-10-25,10,BUY,55,-29.85,False
META,2022-10-25,20,BUY,55,-18.96,False
META,2022-10-26,5,BUY,55,-30.26,False
META,2022-10-26,10,BUY,55,-21.84,False
META,2022-10-26,20,BUY,55,-13.54,False
META,2022-10-27,5,BUY,55,-9.22,False
META,2022-10-27,10,BUY,55,14.22,True
META,2022-10-27,20,BUY,55,13.75,True
META,2022-10-28,5,BUY,55,-8.48,False
META,2022-10-28,10,BUY,55,13.93,True
META,2022-10-28,20,BUY,55,9.66,True
META,2022-10-31,5,BUY,55,3.82,True
META,2022-10-31,10,BUY,55,22.61,True
META,2022-10-31,20,BUY,55,17.5,True
META,2022-11-01,5,BUY,55,1.33,True
META,2022-11-01,10,BUY,55,22.98,True
META,2022-11-01,20,BUY,55,24.05,True
META,2022-11-02,5,BUY,55,12.07,True
META,2022-11-02,10,BUY,55,25.06,True
META,2022-11-02,20,BUY,55,33.02,True
META,2022-11-03,5,BUY,55,25.82,True
META,2022-11-03,10,BUY,55,25.35,True
META,2022-11-03,20,BUY,55,38.89,True
META,2022-11-04,5,BUY,55,24.49,True
META,2022-11-04,10,BUY,55,23.42,True
META,2022-11-04,20,BUY,55,34.85,True
META,2022-11-07,5,BUY,55,18.09,True
META,2022-11-07,10,BUY,55,13.59,True
META,2022-11-07,20,BUY,55,17.99,True
META,2022-11-08,5,BUY,55,21.36,True
META,2022-11-08,10,BUY,55,15.52,True
META,2022-11-08,20,BUY,55,18.1,True
META,2022-11-09,5,BUY,55,11.59,True
META,2022-11-09,10,BUY,55,10.61,True
META,2022-11-09,20,BUY,55,13.66,True
META,2022-11-10,5,BUY,55,-0.38,False
META,2022-11-10,10,BUY,55,-0.41,False
META,2022-11-10,20,BUY,55,3.6,True
META,2022-11-11,5,BUY,55,-0.86,False
META,2022-11-11,10,BUY,55,-3.75,False
META,2022-11-11,20,BUY,55,1.5,True
META,2022-11-14,5,BUY,55,-3.82,False
META,2022-11-14,10,BUY,55,-4.17,False
META,2022-11-14,20,BUY,55,5.19,True
META,2022-11-15,5,BUY,55,-4.82,False
META,2022-11-15,10,BUY,55,0.87,True
META,2022-11-15,20,BUY,55,3.85,True
META,2022-11-16,5,BUY,55,-0.87,False
META,2022-11-16,10,BUY,55,6.37,True
META,2022-11-16,20,BUY,55,2.58,True
META,2022-11-17,5,BUY,55,-0.04,False
META,2022-11-17,10,BUY,55,10.8,True
META,2022-11-17,20,BUY,55,7.16,True
META,2022-11-18,5,BUY,55,-2.92,False
META,2022-11-18,10,BUY,55,9.26,True
META,2022-11-18,20,BUY,55,2.17,True
META,2022-11-21,5,BUY,55,-0.36,False
META,2022-11-21,10,BUY,55,3.88,True
META,2022-11-21,20,BUY,55,6.58,True
META,2022-11-22,5,BUY,55,5.98,True
META,2022-11-22,10,BUY,55,2.23,True
META,2022-11-22,20,BUY,55,7.47,True
META,2022-11-23,5,SELL,55,7.31,False
META,2022-11-23,10,SELL,55,2.75,False
META,2022-11-23,20,SELL,55,4.35,False
META,2022-12-16,5,BUY,55,-1.16,False
META,2022-12-16,10,BUY,55,4.45,True
META,2022-12-16,20,BUY,55,11.38,True
META,2022-12-20,5,BUY,55,-1.26,False
META,2022-12-20,10,BUY,55,8.41,True
META,2022-12-20,20,BUY,55,19.03,True
META,2022-12-21,5,BUY,55,0.42,True
META,2022-12-21,10,BUY,55,8.57,True
META,2022-12-21,20,BUY,55,19.63,True
META,2022-12-22,5,BUY,55,2.75,True
META,2022-12-22,10,BUY,55,10.54,True
META,2022-12-22,20,BUY,55,22.22,True
META,2022-12-23,5,BUY,55,5.68,True
META,2022-12-23,10,BUY,55,12.67,True
META,2022-12-23,20,BUY,55,19.87,True
META,2022-12-27,5,BUY,55,8.98,True
META,2022-12-27,10,BUY,55,13.7,True
META,2022-12-27,20,BUY,55,26.03,True
META,2022-12-28,5,BUY,55,9.79,True
META,2022-12-28,10,BUY,55,18.24,True
META,2022-12-28,20,BUY,55,31.24,True
META,2022-12-29,5,BUY,55,8.12,True
META,2022-12-29,10,BUY,55,13.9,True
META,2022-12-29,20,BUY,55,22.29,True
META,2022-12-30,5,BUY,55,7.59,True
META,2022-12-30,10,BUY,55,12.48,True
META,2022-12-30,20,BUY,55,23.79,True
META,2023-01-03,5,BUY,55,6.61,True
META,2023-01-03,10,BUY,55,6.64,True
META,2023-01-03,20,BUY,55,22.75,True
META,2023-01-04,5,BUY,55,4.33,True
META,2023-01-04,10,BUY,55,6.89,True
META,2023-01-04,20,BUY,55,48.21,True
META,2023-01-05,5,BUY,55,7.7,True
META,2023-01-05,10,BUY,55,9.79,True
META,2023-01-05,20,BUY,55,46.94,True
META,2023-01-09,5,BUY,55,4.55,True
META,2023-01-09,10,BUY,55,10.56,True
META,2023-01-09,20,BUY,55,48.0,True
META,2023-01-27,5,BUY,55,22.93,True
META,2023-01-27,10,BUY,55,14.77,True
META,2023-01-27,20,BUY,55,11.73,True
META,2023-01-30,5,BUY,55,26.52,True
META,2023-01-30,10,BUY,55,22.01,True
META,2023-01-30,20,BUY,55,18.96,True
META,2023-01-31,5,BUY,55,28.63,True
META,2023-01-31,10,BUY,55,20.48,True
META,2023-01-31,20,BUY,55,16.41,True
META,2023-02-01,5,BUY,55,19.79,True
META,2023-02-01,10,BUY,55,15.7,True
META,2023-02-01,20,BUY,55,13.98,True
META,2023-02-02,5,BUY,55,-5.75,False
META,2023-02-02,10,BUY,55,-8.65,False
META,2023-02-02,20,BUY,55,-1.86,False
META,2023-02-03,5,BUY,55,-6.64,False
META,2023-02-03,10,BUY,55,-7.32,False
META,2023-02-03,20,BUY,55,-0.87,False
META,2023-02-06,5,BUY,55,-3.56,False
META,2023-02-06,10,BUY,55,-7.51,False
META,2023-02-06,20,BUY,55,-0.83,False
META,2023-02-07,5,BUY,55,-6.34,False
META,2023-02-07,10,BUY,55,-10.7,False
META,2023-02-07,20,BUY,55,-3.47,False
META,2023-02-08,5,BUY,55,-3.42,False
META,2023-02-08,10,BUY,55,-6.21,False
META,2023-02-08,20,BUY,55,-0.95,False
META,2023-02-09,5,BUY,55,-3.08,False
META,2023-02-09,10,BUY,55,-4.23,False
META,2023-02-09,20,BUY,55,0.89,True
META,2023-02-10,5,BUY,55,-0.73,False
META,2023-02-10,10,BUY,55,-2.65,False
META,2023-02-10,20,BUY,55,3.88,True
META,2023-02-13,5,BUY,55,-4.1,False
META,2023-02-13,10,BUY,55,-2.5,False
META,2023-02-13,20,BUY,55,8.13,True
META,2023-02-14,5,BUY,55,-4.66,False
META,2023-02-14,10,BUY,55,-3.38,False
META,2023-02-14,20,BUY,55,10.18,True
META,2023-02-15,5,BUY,55,-2.89,False
META,2023-02-15,10,BUY,55,-1.48,False
META,2023-02-15,20,BUY,55,15.68,True
META,2023-02-16,5,BUY,55,-1.19,False
META,2023-02-16,10,BUY,55,7.43,True
META,2023-02-16,20,BUY,55,13.44,True
META,2023-02-17,5,BUY,55,-1.93,False
META,2023-02-17,10,BUY,55,6.95,True
META,2023-02-17,20,BUY,55,14.42,True
META,2023-02-21,5,BUY,55,1.66,True
META,2023-02-21,10,BUY,55,7.22,True
META,2023-02-21,20,BUY,55,17.48,True
META,2023-02-22,5,BUY,55,1.34,True
META,2023-02-22,10,BUY,55,8.09,True
META,2023-02-22,20,BUY,55,16.77,True
META,2023-02-23,5,BUY,55,1.45,True
META,2023-02-23,10,BUY,55,5.61,True
META,2023-02-23,20,BUY,55,18.74,True
META,2023-02-24,5,BUY,55,8.72,True
META,2023-02-24,10,BUY,55,5.35,True
META,2023-02-24,20,BUY,55,20.9,True
META,2023-02-27,5,BUY,55,9.06,True
META,2023-02-27,10,BUY,55,6.7,True
META,2023-02-27,20,BUY,55,19.64,True
META,2023-02-28,5,BUY,55,5.47,True
META,2023-02-28,10,BUY,55,10.91,True
META,2023-02-28,20,BUY,55,14.71,True
META,2023-03-01,5,BUY,55,6.66,True
META,2023-03-01,10,BUY,55,14.03,True
META,2023-03-01,20,BUY,55,18.41,True
META,2023-03-02,5,BUY,55,4.1,True
META,2023-03-02,10,BUY,55,17.42,True
META,2023-03-02,20,BUY,55,19.09,True
META,2023-03-03,5,BUY,55,-3.1,False
META,2023-03-03,10,BUY,55,5.59,True
META,2023-03-03,20,BUY,55,14.41,True
META,2023-03-16,5,BUY,55,-0.32,False
META,2023-03-16,10,BUY,55,1.42,True
META,2023-03-16,20,BUY,55,8.08,True
META,2023-03-17,5,BUY,55,5.32,True
META,2023-03-17,10,BUY,55,8.35,True
META,2023-03-17,20,BUY,55,11.89,True
META,2023-03-20,5,BUY,55,2.54,True
META,2023-03-20,10,BUY,55,7.71,True
META,2023-03-20,20,BUY,55,10.15,True
META,2023-03-21,5,BUY,55,-0.73,False
META,2023-03-21,10,BUY,55,6.21,True
META,2023-03-21,20,BUY,55,6.7,True
META,2023-03-22,5,BUY,55,2.77,True
META,2023-03-22,10,BUY,55,5.84,True
META,2023-03-22,20,BUY,55,6.64,True
META,2023-03-23,5,BUY,55,1.74,True
META,2023-03-23,10,BUY,55,5.79,True
META,2023-03-23,20,BUY,55,4.21,True
META,2023-03-24,5,BUY,55,2.88,True
META,2023-03-24,10,BUY,55,4.24,True
META,2023-03-24,20,BUY,55,3.29,True
META,2023-03-27,5,BUY,55,5.04,True
META,2023-03-27,10,BUY,55,5.43,True
META,2023-03-27,20,BUY,55,2.32,True
META,2023-03-28,5,BUY,55,7.0,True
META,2023-03-28,10,BUY,55,6.64,True
META,2023-03-28,20,BUY,55,4.35,True
META,2023-03-29,5,BUY,55,2.99,True
META,2023-03-29,10,BUY,55,7.3,True
META,2023-03-29,20,BUY,55,16.17,True
META,2023-03-30,5,BUY,55,3.97,True
META,2023-03-30,10,BUY,55,6.57,True
META,2023-03-30,20,BUY,55,15.63,True
META,2023-03-31,5,BUY,55,1.33,True
META,2023-03-31,10,BUY,55,3.27,True
META,2023-03-31,20,BUY,55,14.74,True
META,2023-04-05,5,BUY,55,4.19,True
META,2023-04-05,10,BUY,55,0.75,True
META,2023-04-05,20,BUY,55,10.42,True
META,2023-04-21,5,BUY,55,12.88,True
META,2023-04-21,10,BUY,55,9.34,True
META,2023-04-21,20,BUY,55,15.38,True
META,2023-04-24,5,BUY,55,14.28,True
META,2023-04-24,10,BUY,55,9.62,True
META,2023-04-24,20,BUY,55,16.7,True
META,2023-04-25,5,BUY,55,15.27,True
META,2023-04-25,10,BUY,55,12.44,True
META,2023-04-25,20,BUY,55,18.88,True
META,2023-04-26,5,BUY,55,13.19,True
META,2023-04-26,10,BUY,55,11.31,True
META,2023-04-26,20,BUY,55,19.01,True
META,2023-04-27,5,BUY,55,-2.11,False
META,2023-04-27,10,BUY,55,-1.16,False
META,2023-04-27,20,BUY,55,5.92,True
META,2023-04-28,5,BUY,55,-3.14,False
META,2023-04-28,10,BUY,55,-2.71,False
META,2023-04-28,20,BUY,55,9.04,True
META,2023-05-01,5,BUY,55,-4.08,False
META,2023-05-01,10,BUY,55,-1.78,False
META,2023-05-01,20,BUY,55,7.95,True
META,2023-05-02,5,BUY,55,-2.45,False
META,2023-05-02,10,BUY,55,-0.18,False
META,2023-05-02,20,BUY,55,10.65,True
META,2023-05-03,5,BUY,55,-1.67,False
META,2023-05-03,10,BUY,55,2.3,True
META,2023-05-03,20,BUY,55,15.01,True
META,2023-05-04,5,BUY,55,0.97,True
META,2023-05-04,10,BUY,55,5.71,True
META,2023-05-04,20,BUY,55,16.74,True
META,2023-05-05,5,BUY,55,0.44,True
META,2023-05-05,10,BUY,55,5.52,True
META,2023-05-05,20,BUY,55,16.59,True
META,2023-05-08,5,BUY,55,2.4,True
META,2023-05-08,10,BUY,55,6.45,True
META,2023-05-08,20,BUY,55,16.23,True
META,2023-05-09,5,BUY,55,2.34,True
META,2023-05-09,10,BUY,55,5.73,True
META,2023-05-09,20,BUY,55,12.95,True
META,2023-05-10,5,BUY,55,4.04,True
META,2023-05-10,10,BUY,55,6.92,True
META,2023-05-10,20,BUY,55,13.51,True
META,2023-05-11,5,BUY,55,4.69,True
META,2023-05-11,10,BUY,55,7.17,True
META,2023-05-11,20,BUY,55,12.37,True
META,2023-05-12,5,BUY,55,5.06,True
META,2023-05-12,10,BUY,55,12.07,True
META,2023-05-12,20,BUY,55,15.93,True
META,2023-05-15,5,BUY,55,3.96,True
META,2023-05-15,10,BUY,55,9.91,True
META,2023-05-15,20,BUY,55,13.59,True
META,2023-05-16,5,BUY,55,3.32,True
META,2023-05-16,10,BUY,55,10.84,True
META,2023-05-16,20,BUY,55,14.46,True
META,2023-05-17,5,BUY,55,2.77,True
META,2023-05-17,10,BUY,55,12.42,True
META,2023-05-17,20,BUY,55,16.22,True
META,2023-05-18,5,BUY,55,2.37,True
META,2023-05-18,10,BUY,55,10.44,True
META,2023-05-18,20,BUY,55,13.83,True
META,2023-05-19,5,BUY,55,6.68,True
META,2023-05-19,10,BUY,55,10.48,True
META,2023-05-19,20,BUY,55,15.75,True
META,2023-05-22,5,BUY,55,5.72,True
META,2023-05-22,10,BUY,55,9.18,True
META,2023-05-22,20,BUY,55,13.42,True
META,2023-05-23,5,BUY,55,7.29,True
META,2023-05-23,10,BUY,55,6.83,True
META,2023-05-23,20,BUY,55,15.46,True
META,2023-05-24,5,BUY,55,9.39,True
META,2023-05-24,10,BUY,55,6.17,True
META,2023-05-24,20,BUY,55,15.86,True
META,2023-05-25,5,BUY,55,7.88,True
META,2023-05-25,10,BUY,55,4.85,True
META,2023-05-25,20,BUY,55,10.2,True
META,2023-06-07,5,BUY,55,3.7,True
META,2023-06-07,10,BUY,55,8.07,True
META,2023-06-07,20,BUY,55,10.22,True
META,2023-06-08,5,BUY,55,6.52,True
META,2023-06-08,10,BUY,55,9.13,True
META,2023-06-08,20,BUY,55,11.16,True
META,2023-06-09,5,BUY,55,6.06,True
META,2023-06-09,10,BUY,55,5.1,True
META,2023-06-09,20,BUY,55,12.58,True
META,2023-06-12,5,BUY,55,4.9,True
META,2023-06-12,10,BUY,55,5.9,True
META,2023-06-12,20,BUY,55,14.13,True
META,2023-06-13,5,BUY,55,3.8,True
META,2023-06-13,10,BUY,55,5.15,True
META,2023-06-13,20,BUY,55,15.51,True
META,2023-06-14,5,BUY,55,4.22,True
META,2023-06-14,10,BUY,55,2.99,True
META,2023-06-14,20,BUY,55,12.99,True
META,2023-06-15,5,BUY,55,2.45,True
META,2023-06-15,10,BUY,55,1.83,True
META,2023-06-15,20,BUY,55,10.22,True
META,2023-06-16,5,BUY,55,-0.9,False
META,2023-06-16,10,BUY,55,1.79,True
META,2023-06-16,20,BUY,55,11.05,True
META,2023-06-20,5,BUY,55,0.96,True
META,2023-06-20,10,BUY,55,3.53,True
META,2023-06-20,20,BUY,55,11.14,True
META,2023-06-21,5,BUY,55,1.3,True
META,2023-06-21,10,BUY,55,3.67,True
META,2023-06-21,20,BUY,55,7.41,True
META,2023-06-22,5,BUY,55,-1.18,False
META,2023-06-22,10,BUY,55,1.98,True
META,2023-06-22,20,BUY,55,3.29,True
META,2023-06-23,5,BUY,55,-0.61,False
META,2023-06-23,10,BUY,55,1.86,True
META,2023-06-23,20,BUY,55,1.0,True
META,2023-06-26,5,BUY,55,2.71,True
META,2023-06-26,10,BUY,55,7.12,True
META,2023-06-26,20,BUY,55,5.75,True
META,2023-06-27,5,BUY,55,2.55,True
META,2023-06-27,10,BUY,55,7.77,True
META,2023-06-27,20,BUY,55,4.01,True
META,2023-06-28,5,BUY,55,2.35,True
META,2023-06-28,10,BUY,55,9.86,True
META,2023-06-28,20,BUY,55,9.26,True
META,2023-06-29,5,BUY,55,3.2,True
META,2023-06-29,10,BUY,55,9.71,True
META,2023-06-29,20,BUY,55,15.61,True
META,2023-06-30,5,BUY,55,2.48,True
META,2023-06-30,10,BUY,55,8.24,True
META,2023-06-30,20,BUY,55,11.02,True
META,2023-07-03,5,BUY,55,4.29,True
META,2023-07-03,10,BUY,55,9.1,True
META,2023-07-03,20,BUY,55,12.83,True
META,2023-07-05,5,BUY,55,5.09,True
META,2023-07-05,10,BUY,55,7.35,True
META,2023-07-05,20,BUY,55,6.77,True
META,2023-07-06,5,BUY,55,7.34,True
META,2023-07-06,10,BUY,55,3.61,True
META,2023-07-06,20,BUY,55,7.26,True
META,2023-07-07,5,BUY,55,6.31,True
META,2023-07-07,10,BUY,55,1.28,True
META,2023-07-07,20,BUY,55,6.95,True
META,2023-07-10,5,BUY,55,5.62,True
META,2023-07-10,10,BUY,55,-0.85,False
META,2023-07-10,20,BUY,55,7.64,True
META,2023-07-11,5,BUY,55,4.61,True
META,2023-07-11,10,BUY,55,-1.28,False
META,2023-07-11,20,BUY,55,4.81,True
META,2023-07-12,5,BUY,55,2.16,True
META,2023-07-12,10,BUY,55,-3.48,False
META,2023-07-12,20,BUY,55,-1.34,False
META,2023-07-13,5,BUY,55,-3.47,False
META,2023-07-13,10,BUY,55,-0.54,False
META,2023-07-13,20,BUY,55,-2.45,False
META,2023-07-14,5,BUY,55,-4.73,False
META,2023-07-14,10,BUY,55,5.38,True
META,2023-07-14,20,BUY,55,-2.34,False
META,2023-07-17,5,BUY,55,-6.12,False
META,2023-07-17,10,BUY,55,2.57,True
META,2023-07-17,20,BUY,55,-1.43,False
META,2023-07-18,5,BUY,55,-5.63,False
META,2023-07-18,10,BUY,55,3.42,True
META,2023-07-18,20,BUY,55,-3.24,False
META,2023-07-19,5,BUY,55,-5.52,False
META,2023-07-19,10,BUY,55,-0.54,False
META,2023-07-19,20,BUY,55,-6.87,False
META,2023-07-20,5,BUY,55,3.04,True
META,2023-07-20,10,BUY,55,3.53,True
META,2023-07-20,20,BUY,55,-5.76,False
META,2023-07-21,5,BUY,55,10.61,True
META,2023-07-21,10,BUY,55,5.6,True
META,2023-07-21,20,BUY,55,-3.74,False
META,2023-07-24,5,BUY,55,9.26,True
META,2023-07-24,10,BUY,55,8.56,True
META,2023-07-24,20,BUY,55,-0.59,False
META,2023-07-25,5,BUY,55,9.59,True
META,2023-07-25,10,BUY,55,6.17,True
META,2023-07-25,20,BUY,55,-2.33,False
META,2023-07-26,5,BUY,55,5.27,True
META,2023-07-26,10,BUY,55,2.22,True
META,2023-07-26,20,BUY,55,-1.45,False
META,2023-07-27,5,BUY,55,0.47,True
META,2023-07-27,10,BUY,55,-1.92,False
META,2023-07-27,20,BUY,55,-8.01,False
META,2023-07-28,5,BUY,55,-4.53,False
META,2023-07-28,10,BUY,55,-7.32,False
META,2023-07-28,20,BUY,55,-12.28,False
META,2023-07-31,5,BUY,55,-0.64,False
META,2023-07-31,10,BUY,55,-3.9,False
META,2023-07-31,20,BUY,55,-8.9,False
META,2023-08-01,5,BUY,55,-3.12,False
META,2023-08-01,10,BUY,55,-6.43,False
META,2023-08-01,20,BUY,55,-7.66,False
META,2023-08-02,5,BUY,55,-2.9,False
META,2023-08-02,10,BUY,55,-6.37,False
META,2023-08-02,20,BUY,55,-6.11,False
META,2023-08-03,5,BUY,55,-2.38,False
META,2023-08-03,10,BUY,55,-8.97,False
META,2023-08-03,20,BUY,55,-5.52,False
META,2023-08-04,5,BUY,55,-2.93,False
META,2023-08-04,10,BUY,55,-8.84,False
META,2023-08-04,20,BUY,55,-4.62,False
META,2023-08-07,5,BUY,55,-3.28,False
META,2023-08-07,10,BUY,55,-8.42,False
META,2023-08-07,20,BUY,55,-5.18,False
META,2023-08-08,5,BUY,55,-3.42,False
META,2023-08-08,10,BUY,55,-8.01,False
META,2023-08-08,20,BUY,55,-4.31,False
META,2023-08-09,5,BUY,55,-3.58,False
META,2023-08-09,10,BUY,55,-3.59,False
META,2023-08-09,20,BUY,55,-2.14,False
META,2023-08-15,5,BUY,55,-4.75,False
META,2023-08-15,10,BUY,55,-1.31,False
META,2023-08-15,20,BUY,55,1.03,True
META,2023-08-16,5,BUY,55,-0.02,False
META,2023-08-16,10,BUY,55,0.28,True
META,2023-08-16,20,BUY,55,5.92,True
META,2023-08-17,5,BUY,55,0.58,True
META,2023-08-17,10,BUY,55,3.79,True
META,2023-08-17,20,BUY,55,5.34,True
META,2023-08-18,5,BUY,55,0.79,True
META,2023-08-18,10,BUY,55,4.64,True
META,2023-08-18,20,BUY,55,6.81,True
META,2023-08-21,5,BUY,55,0.12,True
META,2023-08-21,10,BUY,55,3.54,True
META,2023-08-21,20,BUY,55,5.23,True
META,2023-08-22,5,BUY,55,3.61,True
META,2023-08-22,10,BUY,55,4.02,True
META,2023-08-22,20,BUY,55,4.2,True
META,2023-08-23,5,BUY,55,0.29,True
META,2023-08-23,10,BUY,55,1.51,True
META,2023-08-23,20,BUY,55,0.51,True
META,2023-08-24,5,BUY,55,3.19,True
META,2023-08-24,10,BUY,55,3.88,True
META,2023-08-24,20,BUY,55,4.3,True
META,2023-08-25,5,BUY,55,3.81,True
META,2023-08-25,10,BUY,55,7.73,True
META,2023-08-25,20,BUY,55,5.37,True
META,2023-08-28,5,BUY,55,3.41,True
META,2023-08-28,10,BUY,55,3.93,True
META,2023-08-28,20,BUY,55,3.0,True
META,2023-08-29,5,BUY,55,0.4,True
META,2023-08-29,10,BUY,55,2.37,True
META,2023-08-29,20,BUY,55,-0.08,False
META,2023-08-31,5,BUY,55,0.68,True
META,2023-08-31,10,BUY,55,1.49,True
META,2023-08-31,20,BUY,55,1.46,True
META,2023-09-01,5,BUY,55,3.77,True
META,2023-09-01,10,BUY,55,2.08,True
META,2023-09-01,20,BUY,55,3.52,True
META,2023-09-05,5,BUY,55,0.5,True
META,2023-09-05,10,BUY,55,1.64,True
META,2023-09-05,20,BUY,55,0.26,True
META,2023-09-06,5,BUY,55,1.97,True
META,2023-09-06,10,BUY,55,0.17,True
META,2023-09-06,20,BUY,55,2.14,True
META,2023-09-07,5,BUY,55,4.37,True
META,2023-09-07,10,BUY,55,-0.98,False
META,2023-09-07,20,BUY,55,2.05,True
META,2023-09-08,5,BUY,55,0.81,True
META,2023-09-08,10,BUY,55,0.4,True
META,2023-09-08,20,BUY,55,5.89,True
META,2023-09-11,5,BUY,55,-1.63,False
META,2023-09-11,10,BUY,55,-2.19,False
META,2023-09-11,20,BUY,55,3.51,True
META,2023-09-12,5,BUY,55,1.13,True
META,2023-09-12,10,BUY,55,-0.9,False
META,2023-09-12,20,BUY,55,6.69,True
META,2023-09-13,5,BUY,55,-1.77,False
META,2023-09-13,10,BUY,55,-2.4,False
META,2023-09-13,20,BUY,55,7.46,True
META,2023-09-14,5,BUY,55,-5.13,False
META,2023-09-14,10,BUY,55,-2.49,False
META,2023-09-14,20,BUY,55,3.99,True
META,2023-09-15,5,BUY,55,-0.41,False
META,2023-09-15,10,BUY,55,-0.03,False
META,2023-09-15,20,BUY,55,4.79,True
META,2023-09-18,5,BUY,55,-0.57,False
META,2023-09-18,10,BUY,55,1.41,True
META,2023-09-18,20,BUY,55,6.15,True
META,2023-09-19,5,BUY,55,-2.0,False
META,2023-09-19,10,BUY,55,-1.35,False
META,2023-09-19,20,BUY,55,6.21,True
META,2023-09-20,5,BUY,55,-0.64,False
META,2023-09-20,10,BUY,55,1.97,True
META,2023-09-20,20,BUY,55,5.77,True
META,2023-09-21,5,BUY,55,2.78,True
META,2023-09-21,10,BUY,55,3.06,True
META,2023-09-21,20,BUY,55,5.78,True
META,2023-09-22,5,BUY,55,0.38,True
META,2023-09-22,10,BUY,55,5.47,True
META,2023-09-22,20,BUY,55,3.2,True
META,2023-09-25,5,BUY,55,1.99,True
META,2023-09-25,10,BUY,55,5.83,True
META,2023-09-25,20,BUY,55,4.38,True
META,2023-09-26,5,BUY,55,0.66,True
META,2023-09-26,10,BUY,55,7.65,True
META,2023-09-26,20,BUY,55,4.55,True
META,2023-09-27,5,BUY,55,2.63,True
META,2023-09-27,10,BUY,55,10.1,True
META,2023-09-27,20,BUY,55,0.6,True
META,2023-09-28,5,BUY,55,0.27,True
META,2023-09-28,10,BUY,55,6.65,True
META,2023-09-28,20,BUY,55,-5.14,False
META,2023-10-02,5,BUY,55,3.76,True
META,2023-10-02,10,BUY,55,4.67,True
META,2023-10-02,20,BUY,55,-1.36,False
META,2023-10-03,5,BUY,55,6.94,True
META,2023-10-03,10,BUY,55,7.66,True
META,2023-10-03,20,BUY,55,0.11,True
META,2023-10-04,5,BUY,55,7.28,True
META,2023-10-04,10,BUY,55,3.73,True
META,2023-10-04,20,BUY,55,2.05,True
META,2023-10-05,5,BUY,55,6.36,True
META,2023-10-05,10,BUY,55,2.63,True
META,2023-10-05,20,BUY,55,1.99,True
META,2023-10-06,5,BUY,55,-0.23,False
META,2023-10-06,10,BUY,55,-2.15,False
META,2023-10-06,20,BUY,55,-0.26,False
META,2023-10-09,5,BUY,55,0.88,True
META,2023-10-09,10,BUY,55,-1.37,False
META,2023-10-09,20,BUY,55,-0.8,False
META,2023-10-10,5,BUY,55,0.67,True
META,2023-10-10,10,BUY,55,-2.89,False
META,2023-10-10,20,BUY,55,-0.94,False
META,2023-10-11,5,BUY,55,-3.31,False
META,2023-10-11,10,BUY,55,-8.63,False
META,2023-10-11,20,BUY,55,-2.45,False
META,2023-10-12,5,BUY,55,-3.5,False
META,2023-10-12,10,BUY,55,-11.05,False
META,2023-10-12,20,BUY,55,-1.11,False
META,2023-10-13,5,BUY,55,-1.92,False
META,2023-10-13,10,BUY,55,-5.71,False
META,2023-10-13,20,BUY,55,4.47,True
META,2023-10-16,5,BUY,55,-2.22,False
META,2023-10-16,10,BUY,55,-5.76,False
META,2023-10-16,20,BUY,55,2.5,True
META,2023-10-17,5,BUY,55,-3.53,False
META,2023-10-17,10,BUY,55,-7.02,False
META,2023-10-17,20,BUY,55,3.8,True
META,2023-10-18,5,BUY,55,-5.5,False
META,2023-10-18,10,BUY,55,-1.62,False
META,2023-10-18,20,BUY,55,4.97,True
META,2023-10-19,5,BUY,55,-7.82,False
META,2023-10-19,10,BUY,55,-0.62,False
META,2023-10-19,20,BUY,55,6.83,True
META,2023-10-20,5,BUY,55,-3.86,False
META,2023-10-20,10,BUY,55,1.93,True
META,2023-10-20,20,BUY,55,8.55,True
META,2023-10-23,5,BUY,55,-3.61,False
META,2023-10-23,10,BUY,55,0.57,True
META,2023-10-23,20,BUY,55,8.27,True
META,2023-10-24,5,BUY,55,-3.61,False
META,2023-10-24,10,BUY,55,2.01,True
META,2023-10-24,20,BUY,55,7.82,True
META,2023-10-25,5,BUY,55,4.11,True
META,2023-10-25,10,BUY,55,6.76,True
META,2023-10-25,20,BUY,55,14.01,True
META,2023-10-26,5,BUY,55,7.81,True
META,2023-10-26,10,BUY,55,11.17,True
META,2023-10-26,20,BUY,55,17.3,True
META,2023-10-27,5,BUY,55,6.02,True
META,2023-10-27,10,BUY,55,10.8,True
META,2023-10-27,20,BUY,55,12.8,True
META,2023-10-30,5,BUY,55,4.34,True
META,2023-10-30,10,BUY,55,8.77,True
META,2023-10-30,20,BUY,55,12.0,True
META,2023-10-31,5,BUY,55,5.83,True
META,2023-10-31,10,BUY,55,11.63,True
META,2023-10-31,20,BUY,55,10.27,True
META,2023-11-01,5,BUY,55,2.54,True
META,2023-11-01,10,BUY,55,6.69,True
META,2023-11-01,20,BUY,55,4.91,True
META,2023-11-02,5,BUY,55,3.11,True
META,2023-11-02,10,BUY,55,7.5,True
META,2023-11-02,20,BUY,55,4.49,True
META,2023-11-03,5,BUY,55,4.5,True
META,2023-11-03,10,BUY,55,6.5,True
META,2023-11-03,20,BUY,55,1.72,True
META,2023-11-06,5,BUY,55,4.24,True
META,2023-11-06,10,BUY,55,7.65,True
META,2023-11-06,20,BUY,55,0.79,True
META,2023-11-07,5,BUY,55,5.49,True
META,2023-11-07,10,BUY,55,5.7,True
META,2023-11-07,20,BUY,55,-0.43,False
META,2023-11-08,5,BUY,55,4.04,True
META,2023-11-08,10,BUY,55,6.79,True
META,2023-11-08,20,BUY,55,2.13,True
META,2023-11-09,5,BUY,55,4.26,True
META,2023-11-09,10,BUY,55,5.52,True
META,2023-11-09,20,BUY,55,3.81,True
META,2023-11-10,5,BUY,55,1.91,True
META,2023-11-10,10,BUY,55,1.8,True
META,2023-11-10,20,BUY,55,-1.06,False
META,2023-11-13,5,BUY,55,3.27,True
META,2023-11-13,10,BUY,55,2.98,True
META,2023-11-13,20,BUY,55,1.53,True
META,2023-11-30,5,BUY,55,-0.17,False
META,2023-11-30,10,BUY,55,1.84,True
META,2023-11-30,20,BUY,55,8.2,True
META,2023-12-01,5,BUY,55,2.44,True
META,2023-12-01,10,BUY,55,3.11,True
META,2023-12-01,20,BUY,55,6.61,True
META,2023-12-04,5,BUY,55,1.64,True
META,2023-12-04,10,BUY,55,7.69,True
META,2023-12-04,20,BUY,55,7.64,True
META,2023-12-05,5,BUY,55,5.0,True
META,2023-12-05,10,BUY,55,10.08,True
META,2023-12-05,20,BUY,55,9.06,True
META,2023-12-06,5,BUY,55,5.45,True
META,2023-12-06,10,BUY,55,10.03,True
META,2023-12-06,20,BUY,55,10.87,True
META,2023-12-07,5,BUY,55,2.01,True
META,2023-12-07,10,BUY,55,8.42,True
META,2023-12-07,20,BUY,55,9.82,True
META,2023-12-08,5,BUY,55,0.65,True
META,2023-12-08,10,BUY,55,6.2,True
META,2023-12-08,20,BUY,55,7.42,True
META,2023-12-11,5,BUY,55,5.95,True
META,2023-12-11,10,BUY,55,9.08,True
META,2023-12-11,20,BUY,55,13.89,True
META,2023-12-12,5,BUY,55,4.83,True
META,2023-12-12,10,BUY,55,7.06,True
META,2023-12-12,20,BUY,55,10.61,True
META,2023-12-13,5,BUY,55,4.34,True
META,2023-12-13,10,BUY,55,7.04,True
META,2023-12-13,20,BUY,55,11.87,True
META,2023-12-14,5,BUY,55,6.28,True
META,2023-12-14,10,BUY,55,6.24,True
META,2023-12-14,20,BUY,55,10.29,True
META,2023-12-15,5,BUY,55,5.51,True
META,2023-12-15,10,BUY,55,3.39,True
META,2023-12-15,20,BUY,55,9.99,True
META,2023-12-18,5,BUY,55,2.96,True
META,2023-12-18,10,BUY,55,-0.04,False
META,2023-12-18,20,BUY,55,9.14,True
META,2023-12-19,5,BUY,55,2.13,True
META,2023-12-19,10,BUY,55,-0.92,False
META,2023-12-19,20,BUY,55,9.44,True
META,2023-12-20,5,BUY,55,2.59,True
META,2023-12-20,10,BUY,55,0.76,True
META,2023-12-20,20,BUY,55,9.3,True
META,2023-12-21,5,BUY,55,-0.04,False
META,2023-12-21,10,BUY,55,1.29,True
META,2023-12-21,20,BUY,55,8.79,True
META,2023-12-22,5,BUY,55,-2.01,False
META,2023-12-22,10,BUY,55,1.14,True
META,2023-12-22,20,BUY,55,10.56,True
META,2023-12-26,5,SELL,55,-2.92,True
META,2023-12-26,10,SELL,55,4.41,False
META,2023-12-26,20,SELL,55,10.81,False
META,2023-12-27,5,BUY,55,-2.99,False
META,2023-12-27,10,BUY,55,3.31,True
META,2023-12-27,20,BUY,55,10.15,True
META,2023-12-28,5,BUY,55,-1.78,False
META,2023-12-28,10,BUY,55,4.51,True
META,2023-12-28,20,BUY,55,11.92,True
META,2023-12-29,5,BUY,55,1.33,True
META,2023-12-29,10,BUY,55,3.81,True
META,2023-12-29,20,BUY,55,13.02,True
META,2024-01-02,5,BUY,55,3.22,True
META,2024-01-02,10,BUY,55,6.38,True
META,2024-01-02,20,BUY,55,12.66,True
META,2024-01-03,5,BUY,55,7.55,True
META,2024-01-03,10,BUY,55,9.19,True
META,2024-01-03,20,BUY,55,14.61,True
META,2024-01-04,5,BUY,55,6.5,True
META,2024-01-04,10,BUY,55,10.47,True
META,2024-01-04,20,BUY,55,36.84,True
META,2024-01-05,5,BUY,55,6.4,True
META,2024-01-05,10,BUY,55,8.48,True
META,2024-01-05,20,BUY,55,30.53,True
META,2024-01-08,5,BUY,55,2.45,True
META,2024-01-08,10,BUY,55,7.4,True
META,2024-01-08,20,BUY,55,26.78,True
META,2024-01-09,5,BUY,55,3.06,True
META,2024-01-09,10,BUY,55,9.31,True
META,2024-01-09,20,BUY,55,31.38,True
META,2024-01-10,5,BUY,55,1.53,True
META,2024-01-10,10,BUY,55,6.13,True
META,2024-01-10,20,BUY,55,26.87,True
META,2024-01-11,5,BUY,55,3.73,True
META,2024-01-11,10,BUY,55,6.62,True
META,2024-01-11,20,BUY,55,26.63,True
META,2024-01-12,5,BUY,55,1.95,True
META,2024-01-12,10,BUY,55,7.08,True
META,2024-01-12,20,BUY,55,25.21,True
META,2024-01-16,5,BUY,55,4.83,True
META,2024-01-16,10,BUY,55,8.87,True
META,2024-01-16,20,BUY,55,25.22,True
META,2024-01-17,5,BUY,55,6.06,True
META,2024-01-17,10,BUY,55,5.91,True
META,2024-01-17,20,BUY,55,28.48,True
META,2024-01-18,5,BUY,55,4.53,True
META,2024-01-18,10,BUY,55,4.96,True
META,2024-01-18,20,BUY,55,28.69,True
META,2024-01-19,5,BUY,55,2.79,True
META,2024-01-19,10,BUY,55,23.87,True
META,2024-01-19,20,BUY,55,23.44,True
META,2024-01-22,5,BUY,55,5.04,True
META,2024-01-22,10,BUY,55,20.33,True
META,2024-01-22,20,BUY,55,23.57,True
META,2024-01-29,5,BUY,55,14.56,True
META,2024-01-29,10,BUY,55,16.93,True
META,2024-01-29,20,BUY,55,21.58,True
META,2024-01-30,5,BUY,55,13.66,True
META,2024-01-30,10,BUY,55,15.01,True
META,2024-01-30,20,BUY,55,21.12,True
META,2024-01-31,5,BUY,55,20.36,True
META,2024-01-31,10,BUY,55,21.31,True
META,2024-01-31,20,BUY,55,25.76,True
META,2024-02-01,5,BUY,55,19.05,True
META,2024-02-01,10,BUY,55,22.61,True
META,2024-02-01,20,BUY,55,27.37,True
META,2024-02-02,5,BUY,55,-1.45,False
META,2024-02-02,10,BUY,55,-0.35,False
META,2024-02-02,20,BUY,55,5.0,True
META,2024-02-05,5,BUY,55,2.07,True
META,2024-02-05,10,BUY,55,2.69,True
META,2024-02-05,20,BUY,55,6.82,True
META,2024-02-06,5,BUY,55,1.19,True
META,2024-02-06,10,BUY,55,3.04,True
META,2024-02-06,20,BUY,55,9.21,True
META,2024-02-07,5,BUY,55,0.79,True
META,2024-02-07,10,BUY,55,3.63,True
META,2024-02-07,20,BUY,55,9.19,True
META,2024-02-08,5,BUY,55,2.99,True
META,2024-02-08,10,BUY,55,3.09,True
META,2024-02-08,20,BUY,55,7.76,True
META,2024-02-09,5,BUY,55,1.11,True
META,2024-02-09,10,BUY,55,3.02,True
META,2024-02-09,20,BUY,55,3.42,True
META,2024-02-12,5,BUY,55,0.61,True
META,2024-02-12,10,BUY,55,3.98,True
META,2024-02-12,20,BUY,55,6.69,True
META,2024-02-13,5,BUY,55,1.83,True
META,2024-02-13,10,BUY,55,5.31,True
META,2024-02-13,20,BUY,55,7.82,True
META,2024-02-14,5,BUY,55,2.82,True
META,2024-02-14,10,BUY,55,3.67,True
META,2024-02-14,20,BUY,55,4.03,True
META,2024-02-15,5,BUY,55,0.11,True
META,2024-02-15,10,BUY,55,3.88,True
META,2024-02-15,20,BUY,55,0.12,True
META,2024-02-16,5,BUY,55,1.89,True
META,2024-02-16,10,BUY,55,5.37,True
META,2024-02-16,20,BUY,55,5.11,True
META,2024-02-20,5,BUY,55,3.35,True
META,2024-02-20,10,BUY,55,4.03,True
META,2024-02-20,20,BUY,55,5.3,True
META,2024-02-21,5,BUY,55,3.42,True
META,2024-02-21,10,BUY,55,6.0,True
META,2024-02-21,20,BUY,55,8.01,True
META,2024-02-22,5,BUY,55,0.82,True
META,2024-02-22,10,BUY,55,5.36,True
META,2024-02-22,20,BUY,55,4.45,True
META,2024-02-23,5,BUY,55,3.77,True
META,2024-02-23,10,BUY,55,4.53,True
META,2024-02-23,20,BUY,55,5.28,True
META,2024-02-26,5,BUY,55,3.41,True
META,2024-02-26,10,BUY,55,0.38,True
META,2024-02-26,20,BUY,55,4.42,True
META,2024-02-27,5,BUY,55,0.65,True
META,2024-02-27,10,BUY,55,2.61,True
META,2024-02-27,20,BUY,55,1.82,True
META,2024-02-28,5,BUY,55,2.49,True
META,2024-02-28,10,BUY,55,2.39,True
META,2024-02-28,20,BUY,55,2.03,True
META,2024-02-29,5,BUY,55,4.5,True
META,2024-02-29,10,BUY,55,0.35,True
META,2024-02-29,20,BUY,55,-0.93,False
META,2024-03-01,5,BUY,55,0.73,True
META,2024-03-01,10,BUY,55,-3.62,False
META,2024-03-01,20,BUY,55,-2.18,False
META,2024-03-04,5,BUY,55,-2.93,False
META,2024-03-04,10,BUY,55,-0.24,False
META,2024-03-04,20,BUY,55,-0.16,False
META,2024-03-11,5,BUY,55,2.77,True
META,2024-03-11,10,BUY,55,4.02,True
META,2024-03-11,20,BUY,55,6.89,True
META,2024-03-13,5,BUY,55,2.01,True
META,2024-03-13,10,BUY,55,-0.35,False
META,2024-03-13,20,BUY,55,5.57,True
META,2024-03-14,5,BUY,55,3.24,True
META,2024-03-14,10,BUY,55,-1.27,False
META,2024-03-14,20,BUY,55,4.08,True
META,2024-03-15,5,BUY,55,5.26,True
META,2024-03-15,10,BUY,55,1.5,True
META,2024-03-15,20,BUY,55,3.33,True
META,2024-03-18,5,BUY,55,1.22,True
META,2024-03-18,10,BUY,55,0.08,True
META,2024-03-18,20,BUY,55,0.56,True
META,2024-03-19,5,BUY,55,-0.07,False
META,2024-03-19,10,BUY,55,2.12,True
META,2024-03-19,20,BUY,55,-0.42,False
META,2024-03-20,5,BUY,55,-2.31,False
META,2024-03-20,10,BUY,55,1.07,True
META,2024-03-20,20,BUY,55,-0.74,False
META,2024-03-21,5,BUY,55,-4.37,False
META,2024-03-21,10,BUY,55,3.86,True
META,2024-03-21,20,BUY,55,-5.26,False
META,2024-03-22,5,BUY,55,-3.58,False
META,2024-03-22,10,BUY,55,1.9,True
META,2024-03-22,20,BUY,55,-5.47,False
META,2024-03-25,5,BUY,55,-1.12,False
META,2024-03-25,10,BUY,55,2.76,True
META,2024-03-25,20,BUY,55,-1.38,False
META,2024-03-26,5,BUY,55,2.19,True
META,2024-03-26,10,BUY,55,4.83,True
META,2024-03-26,20,BUY,55,-0.48,False
META,2024-03-27,5,BUY,55,3.45,True
META,2024-03-27,10,BUY,55,5.93,True
META,2024-03-27,20,BUY,55,-10.63,False
META,2024-03-28,5,BUY,55,8.6,True
META,2024-03-28,10,BUY,55,5.42,True
META,2024-03-28,20,BUY,55,-8.71,False
META,2024-04-01,5,BUY,55,5.68,True
META,2024-04-01,10,BUY,55,1.81,True
META,2024-04-01,20,BUY,55,-11.95,False
META,2024-04-02,5,BUY,55,3.93,True
META,2024-04-02,10,BUY,55,0.48,True
META,2024-04-02,20,BUY,55,-13.51,False
META,2024-04-03,5,BUY,55,2.58,True
META,2024-04-03,10,BUY,55,-2.48,False
META,2024-04-03,20,BUY,55,-13.33,False
META,2024-04-04,5,BUY,55,2.4,True
META,2024-04-04,10,BUY,55,-1.79,False
META,2024-04-04,20,BUY,55,-13.55,False
META,2024-04-05,5,BUY,55,-2.93,False
META,2024-04-05,10,BUY,55,-8.77,False
META,2024-04-05,20,BUY,55,-14.29,False
META,2024-04-08,5,BUY,55,-3.66,False
META,2024-04-08,10,BUY,55,-7.23,False
META,2024-04-08,20,BUY,55,-10.32,False
META,2024-04-09,5,BUY,55,-3.32,False
META,2024-04-09,10,BUY,55,-4.02,False
META,2024-04-09,20,BUY,55,-9.41,False
META,2024-04-10,5,BUY,55,-4.94,False
META,2024-04-10,10,BUY,55,-5.07,False
META,2024-04-10,20,BUY,55,-9.09,False
META,2024-04-11,5,BUY,55,-4.08,False
META,2024-04-11,10,BUY,55,-15.63,False
META,2024-04-11,20,BUY,55,-9.13,False
META,2024-04-12,5,BUY,55,-6.02,False
META,2024-04-12,10,BUY,55,-13.4,False
META,2024-04-12,20,BUY,55,-6.97,False
META,2024-04-15,5,BUY,55,-3.7,False
META,2024-04-15,10,BUY,55,-13.52,False
META,2024-04-15,20,BUY,55,-6.44,False
META,2024-04-16,5,BUY,55,-0.73,False
META,2024-04-16,10,BUY,55,-13.92,False
META,2024-04-16,20,BUY,55,-5.58,False
META,2024-04-17,5,BUY,55,-0.14,False
META,2024-04-17,10,BUY,55,-11.13,False
META,2024-04-17,20,BUY,55,-2.56,False
META,2024-04-18,5,BUY,55,-12.04,False
META,2024-04-18,10,BUY,55,-11.98,False
META,2024-04-18,20,BUY,55,-5.69,False
META,2024-04-19,5,BUY,55,-7.85,False
META,2024-04-19,10,BUY,55,-6.05,False
META,2024-04-19,20,BUY,55,-1.9,False
META,2024-04-22,5,BUY,55,-10.19,False
META,2024-04-22,10,BUY,55,-3.33,False
META,2024-04-22,20,BUY,55,-2.68,False
META,2024-04-23,5,BUY,55,-13.29,False
META,2024-04-23,10,BUY,55,-5.62,False
META,2024-04-23,20,BUY,55,-6.34,False
META,2024-04-24,5,BUY,55,-11.01,False
META,2024-04-24,10,BUY,55,-4.24,False
META,2024-04-24,20,BUY,55,-5.21,False
META,2024-04-25,5,BUY,55,0.07,True
META,2024-04-25,10,BUY,55,7.71,True
META,2024-04-25,20,BUY,55,5.53,True
META,2024-04-26,5,BUY,55,1.96,True
META,2024-04-26,10,BUY,55,7.42,True
META,2024-04-26,20,BUY,55,7.88,True
META,2024-04-29,5,BUY,55,7.64,True
META,2024-04-29,10,BUY,55,8.18,True
META,2024-04-29,20,BUY,55,10.93,True
META,2024-05-01,5,BUY,55,7.61,True
META,2024-05-01,10,BUY,55,9.64,True
META,2024-05-01,20,BUY,55,6.34,True
META,2024-05-02,5,BUY,55,7.64,True
META,2024-05-02,10,BUY,55,7.14,True
META,2024-05-02,20,BUY,55,5.69,True
META,2024-05-03,5,BUY,55,5.36,True
META,2024-05-03,10,BUY,55,4.41,True
META,2024-05-03,20,BUY,55,5.65,True
META,2024-05-06,5,BUY,55,0.5,True
META,2024-05-06,10,BUY,55,0.68,True
META,2024-05-06,20,BUY,55,2.43,True
META,2024-05-07,5,BUY,55,0.77,True
META,2024-05-07,10,BUY,55,-0.77,False
META,2024-05-07,20,BUY,55,5.73,True
META,2024-05-08,5,BUY,55,1.89,True
META,2024-05-08,10,BUY,55,-1.02,False
META,2024-05-08,20,BUY,55,4.48,True
META,2024-05-09,5,BUY,55,-0.46,False
META,2024-05-09,10,BUY,55,-2.03,False
META,2024-05-09,20,BUY,55,3.69,True
META,2024-05-10,5,BUY,55,-0.9,False
META,2024-05-10,10,BUY,55,0.42,True
META,2024-05-10,20,BUY,55,5.54,True
META,2024-05-13,5,BUY,55,0.18,True
META,2024-05-13,10,BUY,55,2.54,True
META,2024-05-13,20,BUY,55,8.43,True
META,2024-05-14,5,BUY,55,-1.53,False
META,2024-05-14,10,BUY,55,0.53,True
META,2024-05-14,20,BUY,55,7.84,True
META,2024-05-15,5,BUY,55,-2.86,False
META,2024-05-15,10,BUY,55,-3.01,False
META,2024-05-15,20,BUY,55,4.68,True
META,2024-05-16,5,BUY,55,-1.57,False
META,2024-05-16,10,BUY,55,-1.35,False
META,2024-05-16,20,BUY,55,6.64,True
META,2024-05-17,5,BUY,55,1.34,True
META,2024-05-17,10,BUY,55,1.18,True
META,2024-05-17,20,BUY,55,7.46,True
META,2024-05-20,5,BUY,55,2.36,True
META,2024-05-20,10,BUY,55,1.74,True
META,2024-05-20,20,BUY,55,6.64,True
META,2024-05-21,5,BUY,55,2.09,True
META,2024-05-21,10,BUY,55,6.55,True
META,2024-05-21,20,BUY,55,8.09,True
META,2024-05-22,5,BUY,55,-0.16,False
META,2024-05-22,10,BUY,55,5.55,True
META,2024-05-22,20,BUY,55,5.88,True
META,2024-05-23,5,BUY,55,0.23,True
META,2024-05-23,10,BUY,55,5.84,True
META,2024-05-23,20,BUY,55,7.22,True
META,2024-05-31,5,BUY,55,5.6,True
META,2024-05-31,10,BUY,55,8.1,True
META,2024-05-31,20,BUY,55,8.22,True
META,2024-06-05,5,BUY,55,2.78,True
META,2024-06-05,10,BUY,55,1.44,True
META,2024-06-05,20,BUY,55,9.17,True
META,2024-06-06,5,BUY,55,2.09,True
META,2024-06-06,10,BUY,55,0.31,True
META,2024-06-06,20,BUY,55,7.31,True
META,2024-06-07,5,BUY,55,2.37,True
META,2024-06-07,10,BUY,55,1.31,True
META,2024-06-07,20,BUY,55,7.62,True
META,2024-06-10,5,BUY,55,0.9,True
META,2024-06-10,10,BUY,55,1.69,True
META,2024-06-10,20,BUY,55,6.49,True
META,2024-06-12,5,BUY,55,-1.31,False
META,2024-06-12,10,BUY,55,2.21,True
META,2024-06-12,20,BUY,55,-1.86,False
META,2024-06-14,5,BUY,55,-1.04,False
META,2024-06-14,10,BUY,55,0.1,True
META,2024-06-14,20,BUY,55,-2.85,False
META,2024-06-17,5,BUY,55,0.78,True
META,2024-06-17,10,BUY,55,0.57,True
META,2024-06-17,20,BUY,55,-8.81,False
META,2024-06-18,5,BUY,55,2.73,True
META,2024-06-18,10,BUY,55,2.1,True
META,2024-06-18,20,BUY,55,-4.73,False
META,2024-06-20,5,BUY,55,3.56,True
META,2024-06-20,10,BUY,55,7.62,True
META,2024-06-20,20,BUY,55,-4.97,False
META,2024-06-21,5,BUY,55,1.91,True
META,2024-06-21,10,BUY,55,6.98,True
META,2024-06-21,20,BUY,55,-1.49,False
META,2024-06-24,5,BUY,55,1.16,True
META,2024-06-24,10,BUY,55,6.23,True
META,2024-06-24,20,BUY,55,-2.05,False
META,2024-06-25,5,BUY,55,-0.22,False
META,2024-06-25,10,BUY,55,4.72,True
META,2024-06-25,20,BUY,55,-9.66,False
META,2024-06-26,5,BUY,55,-0.62,False
META,2024-06-26,10,BUY,55,-0.08,False
META,2024-06-26,20,BUY,55,-11.64,False
META,2024-06-27,5,BUY,55,3.92,True
META,2024-06-27,10,BUY,55,-3.98,False
META,2024-06-27,20,BUY,55,-10.37,False
META,2024-06-28,5,BUY,55,4.98,True
META,2024-06-28,10,BUY,55,-1.6,False
META,2024-06-28,20,BUY,55,-7.64,False
META,2024-07-01,5,BUY,55,5.02,True
META,2024-07-01,10,BUY,55,-2.95,False
META,2024-07-01,20,BUY,55,-8.22,False
META,2024-07-02,5,BUY,55,4.94,True
META,2024-07-02,10,BUY,55,-9.32,False
META,2024-07-02,20,BUY,55,-6.8,False
META,2024-07-03,5,BUY,55,0.54,True
META,2024-07-03,10,BUY,55,-6.69,False
META,2024-07-03,20,BUY,55,-2.4,False
META,2024-07-05,5,BUY,55,-7.6,False
META,2024-07-05,10,BUY,55,-11.69,False
META,2024-07-05,20,BUY,55,-9.59,False
META,2024-07-08,5,BUY,55,-6.26,False
META,2024-07-08,10,BUY,55,-7.92,False
META,2024-07-08,20,BUY,55,-10.12,False
META,2024-07-09,5,BUY,55,-7.59,False
META,2024-07-09,10,BUY,55,-7.79,False
META,2024-07-09,20,BUY,55,-6.78,False
META,2024-07-10,5,BUY,55,-13.6,False
META,2024-07-10,10,BUY,55,-13.73,False
META,2024-07-10,20,BUY,55,-8.56,False
META,2024-07-11,5,BUY,55,-7.19,False
META,2024-07-11,10,BUY,55,-11.56,False
META,2024-07-11,20,BUY,55,-0.6,False
META,2024-07-12,5,BUY,55,-4.43,False
META,2024-07-12,10,BUY,55,-6.65,False
META,2024-07-12,20,BUY,55,3.79,True
META,2024-07-15,5,BUY,55,-1.77,False
META,2024-07-15,10,BUY,55,-6.14,False
META,2024-07-15,20,BUY,55,3.99,True
META,2024-07-16,5,BUY,55,-0.22,False
META,2024-07-16,10,BUY,55,-5.43,False
META,2024-07-16,20,BUY,55,7.91,True
META,2024-07-17,5,BUY,55,-0.16,False
META,2024-07-17,10,BUY,55,2.78,True
META,2024-07-17,20,BUY,55,14.02,True
META,2024-07-18,5,BUY,55,-4.72,False
META,2024-07-18,10,BUY,55,4.6,True
META,2024-07-18,20,BUY,55,12.92,True
META,2024-07-19,5,BUY,55,-2.33,False
META,2024-07-19,10,BUY,55,2.38,True
META,2024-07-19,20,BUY,55,10.62,True
META,2024-07-22,5,BUY,55,-4.45,False
META,2024-07-22,10,BUY,55,-2.39,False
META,2024-07-22,20,BUY,55,8.59,True
META,2024-07-23,5,BUY,55,-5.22,False
META,2024-07-23,10,BUY,55,1.1,True
META,2024-07-23,20,BUY,55,7.78,True
META,2024-07-24,5,BUY,55,2.94,True
META,2024-07-24,10,BUY,55,5.99,True
META,2024-07-24,20,BUY,55,16.02,True
META,2024-07-25,5,BUY,55,9.78,True
META,2024-07-25,10,BUY,55,12.4,True
META,2024-07-25,20,BUY,55,17.32,True
META,2024-07-26,5,BUY,55,4.82,True
META,2024-07-26,10,BUY,55,11.18,True
META,2024-07-26,20,BUY,55,13.38,True
META,2024-07-29,5,BUY,55,2.15,True
META,2024-07-29,10,BUY,55,10.79,True
META,2024-07-29,20,BUY,55,11.9,True
META,2024-07-30,5,BUY,55,6.67,True
META,2024-07-30,10,BUY,55,14.11,True
META,2024-07-30,20,BUY,55,12.07,True
META,2024-08-01,5,BUY,55,2.39,True
META,2024-08-01,10,BUY,55,7.95,True
META,2024-08-01,20,BUY,55,4.11,True
META,2024-08-02,5,BUY,55,6.07,True
META,2024-08-02,10,BUY,55,8.05,True
META,2024-08-02,20,BUY,55,6.8,True
META,2024-08-05,5,BUY,55,8.45,True
META,2024-08-05,10,BUY,55,11.26,True
META,2024-08-05,20,BUY,55,7.57,True
META,2024-08-06,5,BUY,55,6.97,True
META,2024-08-06,10,BUY,55,6.61,True
META,2024-08-06,20,BUY,55,3.77,True
META,2024-08-07,5,BUY,55,7.74,True
META,2024-08-07,10,BUY,55,9.46,True
META,2024-08-07,20,BUY,55,5.71,True
META,2024-08-08,5,BUY,55,5.44,True
META,2024-08-08,10,BUY,55,4.38,True
META,2024-08-08,20,BUY,55,-1.84,False
META,2024-08-09,5,BUY,55,1.86,True
META,2024-08-09,10,BUY,55,1.98,True
META,2024-08-09,20,BUY,55,-2.51,False
META,2024-08-12,5,BUY,55,2.58,True
META,2024-08-12,10,BUY,55,1.0,True
META,2024-08-12,20,BUY,55,-2.16,False
META,2024-08-13,5,BUY,55,-0.34,False
META,2024-08-13,10,BUY,55,-1.79,False
META,2024-08-13,20,BUY,55,-3.16,False
META,2024-08-14,5,BUY,55,1.59,True
META,2024-08-14,10,BUY,55,-1.89,False
META,2024-08-14,20,BUY,55,-0.22,False
META,2024-08-15,5,BUY,55,-1.0,False
META,2024-08-15,10,BUY,55,-3.56,False
META,2024-08-15,20,BUY,55,-2.37,False
META,2024-08-16,5,BUY,55,0.11,True
META,2024-08-16,10,BUY,55,-1.16,False
META,2024-08-16,20,BUY,55,1.21,True
META,2024-08-21,5,BUY,55,-3.43,False
META,2024-08-21,10,BUY,55,-3.42,False
META,2024-08-21,20,BUY,55,4.57,True
META,2024-08-26,5,BUY,55,-1.8,False
META,2024-08-26,10,BUY,55,-3.13,False
META,2024-08-26,20,BUY,55,8.2,True
META,2024-08-27,5,BUY,55,-1.23,False
META,2024-08-27,10,BUY,55,-1.4,False
META,2024-08-27,20,BUY,55,9.58,True
META,2024-08-28,5,BUY,55,0.02,True
META,2024-08-28,10,BUY,55,1.71,True
META,2024-08-28,20,BUY,55,9.99,True
META,2024-08-29,5,BUY,55,-3.46,False
META,2024-08-29,10,BUY,55,1.23,True
META,2024-08-29,20,BUY,55,9.59,True
META,2024-08-30,5,BUY,55,-3.17,False
META,2024-08-30,10,BUY,55,2.39,True
META,2024-08-30,20,BUY,55,9.91,True
META,2024-09-03,5,BUY,55,-1.36,False
META,2024-09-03,10,BUY,55,4.9,True
META,2024-09-03,20,BUY,55,12.75,True
META,2024-09-04,5,BUY,55,-0.18,False
META,2024-09-04,10,BUY,55,5.02,True
META,2024-09-04,20,BUY,55,11.82,True
META,2024-09-05,5,BUY,55,1.69,True
META,2024-09-05,10,BUY,55,8.28,True
META,2024-09-05,20,BUY,55,12.86,True
META,2024-09-06,5,BUY,55,4.87,True
META,2024-09-06,10,BUY,55,12.32,True
META,2024-09-06,20,BUY,55,19.24,True
META,2024-09-09,5,BUY,55,5.74,True
META,2024-09-09,10,BUY,55,11.92,True
META,2024-09-09,20,BUY,55,15.96,True
META,2024-09-10,5,BUY,55,6.35,True
META,2024-09-10,10,BUY,55,11.7,True
META,2024-09-10,20,BUY,55,17.56,True
META,2024-09-11,5,BUY,55,5.2,True
META,2024-09-11,10,BUY,55,11.14,True
META,2024-09-11,20,BUY,55,15.48,True
META,2024-09-12,5,BUY,55,6.48,True
META,2024-09-12,10,BUY,55,8.14,True
META,2024-09-12,20,BUY,55,11.18,True
META,2024-09-13,5,BUY,55,7.1,True
META,2024-09-13,10,BUY,55,8.25,True
META,2024-09-13,20,BUY,55,12.56,True
META,2024-09-16,5,BUY,55,5.84,True
META,2024-09-16,10,BUY,55,7.34,True
META,2024-09-16,20,BUY,55,10.71,True
META,2024-09-17,5,BUY,55,5.04,True
META,2024-09-17,10,BUY,55,7.49,True
META,2024-09-17,20,BUY,55,9.31,True
META,2024-09-18,5,BUY,55,5.64,True
META,2024-09-18,10,BUY,55,6.48,True
META,2024-09-18,20,BUY,55,7.22,True
META,2024-09-19,5,BUY,55,1.56,True
META,2024-09-19,10,BUY,55,4.23,True
META,2024-09-19,20,BUY,55,3.19,True
META,2024-09-20,5,BUY,55,1.07,True
META,2024-09-20,10,BUY,55,6.16,True
META,2024-09-20,20,BUY,55,2.69,True
META,2024-09-23,5,BUY,55,1.42,True
META,2024-09-23,10,BUY,55,3.61,True
META,2024-09-23,20,BUY,55,1.9,True
META,2024-09-24,5,BUY,55,2.33,True
META,2024-09-24,10,BUY,55,5.25,True
META,2024-09-24,20,BUY,55,3.32,True
META,2024-09-25,5,BUY,55,0.79,True
META,2024-09-25,10,BUY,55,3.91,True
META,2024-09-25,20,BUY,55,-0.81,False
META,2024-09-27,5,SELL,55,5.04,False
META,2024-09-27,10,SELL,55,3.98,False
META,2024-09-27,20,SELL,55,1.04,False
META,2024-09-30,5,SELL,55,2.16,False
META,2024-09-30,10,SELL,55,3.14,False
META,2024-09-30,20,SELL,55,1.0,False
META,2024-10-01,5,BUY,55,2.85,True
META,2024-10-01,10,BUY,55,1.7,True
META,2024-10-01,20,BUY,55,2.92,True
META,2024-10-02,5,SELL,55,3.09,False
META,2024-10-02,10,SELL,55,0.69,False
META,2024-10-02,20,SELL,55,3.32,False
META,2024-10-03,5,SELL,55,0.18,False
META,2024-10-03,10,SELL,55,-1.0,True
META,2024-10-03,20,SELL,55,-2.61,True
META,2024-10-04,5,BUY,55,-1.01,False
META,2024-10-04,10,BUY,55,-3.27,False
META,2024-10-04,20,BUY,55,-4.83,False
META,2024-10-07,5,BUY,55,0.96,True
META,2024-10-07,10,BUY,55,-1.65,False
META,2024-10-07,20,BUY,55,-4.12,False
META,2024-10-08,5,SELL,55,-1.12,True
META,2024-10-08,10,SELL,55,-1.84,True
META,2024-10-08,20,SELL,55,-3.45,True
META,2024-10-09,5,BUY,55,-2.32,False
META,2024-10-09,10,BUY,55,-4.54,False
META,2024-10-09,20,BUY,55,-3.13,False
META,2024-10-10,5,BUY,55,-1.18,False
META,2024-10-10,10,BUY,55,-2.75,False
META,2024-10-10,20,BUY,55,1.35,True
META,2024-10-11,5,BUY,55,-2.28,False
META,2024-10-11,10,BUY,55,-2.83,False
META,2024-10-11,20,BUY,55,-0.1,False
META,2024-10-14,5,BUY,55,-2.58,False
META,2024-10-14,10,BUY,55,-2.08,False
META,2024-10-14,20,BUY,55,-1.23,False
META,2024-10-15,5,BUY,55,-0.73,False
META,2024-10-15,10,BUY,55,1.2,True
META,2024-10-15,20,BUY,55,-0.25,False
META,2024-10-16,5,BUY,55,-2.27,False
META,2024-10-16,10,BUY,55,2.6,True
META,2024-10-16,20,BUY,55,0.56,True
META,2024-10-17,5,BUY,55,-1.59,False
META,2024-10-17,10,BUY,55,-1.62,False
META,2024-10-17,20,BUY,55,0.04,True
META,2024-10-18,5,BUY,55,-0.56,False
META,2024-10-18,10,BUY,55,-1.62,False
META,2024-10-18,20,BUY,55,-3.88,False
META,2024-10-21,5,BUY,55,0.52,True
META,2024-10-21,10,BUY,55,-2.52,False
META,2024-10-21,20,BUY,55,-3.61,False
META,2024-10-22,5,BUY,55,1.94,True
META,2024-10-22,10,BUY,55,-1.65,False
META,2024-10-22,20,BUY,55,-3.59,False
META,2024-10-23,5,BUY,55,4.99,True
META,2024-10-23,10,BUY,55,1.48,True
META,2024-10-23,20,BUY,55,0.32,True
META,2024-10-24,5,BUY,55,-0.04,False
META,2024-10-24,10,BUY,55,4.21,True
META,2024-10-24,20,BUY,55,-0.83,False
META,2024-10-25,5,BUY,55,-1.06,False
META,2024-10-25,10,BUY,55,2.81,True
META,2024-10-25,20,BUY,55,-2.46,False
META,2024-10-28,5,BUY,55,-3.02,False
META,2024-10-28,10,BUY,55,0.87,True
META,2024-10-28,20,BUY,55,-2.26,False
META,2024-10-29,5,BUY,55,-3.51,False
META,2024-10-29,10,BUY,55,-1.43,False
META,2024-10-29,20,BUY,55,-3.33,False
META,2024-10-30,5,BUY,55,-3.34,False
META,2024-10-30,10,BUY,55,-1.99,False
META,2024-10-30,20,BUY,55,-3.82,False
META,2024-10-31,5,BUY,55,4.25,True
META,2024-10-31,10,BUY,55,1.69,True
META,2024-10-31,20,BUY,55,1.19,True
META,2024-11-01,5,BUY,55,3.91,True
META,2024-11-01,10,BUY,55,-2.31,False
META,2024-11-01,20,BUY,55,4.53,True
META,2024-11-04,5,BUY,55,4.01,True
META,2024-11-04,10,BUY,55,-1.12,False
META,2024-11-04,20,BUY,55,9.45,True
META,2024-11-05,5,BUY,55,2.16,True
META,2024-11-05,10,BUY,55,-1.98,False
META,2024-11-05,20,BUY,55,7.22,True
META,2024-11-06,5,BUY,55,1.39,True
META,2024-11-06,10,BUY,55,-1.14,False
META,2024-11-06,20,BUY,55,6.45,True
META,2024-11-07,5,BUY,55,-2.46,False
META,2024-11-07,10,BUY,55,-4.84,False
META,2024-11-07,20,BUY,55,5.42,True
META,2024-11-08,5,BUY,55,-5.98,False
META,2024-11-08,10,BUY,55,-5.12,False
META,2024-11-08,20,BUY,55,4.11,True
META,2024-11-11,5,BUY,55,-4.93,False
META,2024-11-11,10,BUY,55,-3.1,False
META,2024-11-11,20,BUY,55,6.2,True
META,2024-11-12,5,BUY,55,-4.06,False
META,2024-11-12,10,BUY,55,-1.93,False
META,2024-11-12,20,BUY,55,8.18,True
META,2024-11-13,5,BUY,55,-2.5,False
META,2024-11-13,10,BUY,55,-1.86,False
META,2024-11-13,20,BUY,55,8.76,True
META,2024-11-14,5,BUY,55,-2.44,False
META,2024-11-14,10,BUY,55,-0.49,False
META,2024-11-14,20,BUY,55,7.48,True
META,2024-11-15,5,BUY,55,0.91,True
META,2024-11-15,10,BUY,55,6.99,True
META,2024-11-15,20,BUY,55,12.75,True
META,2024-11-18,5,BUY,55,1.93,True
META,2024-11-18,10,BUY,55,10.69,True
META,2024-11-18,20,BUY,55,11.82,True
META,2024-11-19,5,BUY,55,2.22,True
META,2024-11-19,10,BUY,55,9.39,True
META,2024-11-19,20,BUY,55,6.52,True
META,2024-11-20,5,BUY,55,0.65,True
META,2024-11-20,10,BUY,55,7.68,True
META,2024-11-20,20,BUY,55,5.4,True
META,2024-11-21,5,BUY,55,1.99,True
META,2024-11-21,10,BUY,55,10.78,True
META,2024-11-21,20,BUY,55,4.02,True
META,2024-11-22,5,BUY,55,6.03,True
META,2024-11-22,10,BUY,55,9.73,True
META,2024-11-22,20,BUY,55,7.37,True
META,2024-11-26,5,BUY,55,7.02,True
META,2024-11-26,10,BUY,55,10.31,True
META,2024-11-26,20,BUY,55,5.28,True
META,2024-11-27,5,BUY,55,6.98,True
META,2024-11-27,10,BUY,55,10.82,True
META,2024-11-27,20,BUY,55,5.46,True
META,2024-11-29,5,BUY,55,8.61,True
META,2024-11-29,10,BUY,55,8.01,True
META,2024-11-29,20,BUY,55,3.03,True
META,2024-12-02,5,BUY,55,3.5,True
META,2024-12-02,10,BUY,55,5.38,True
META,2024-12-02,20,BUY,55,-1.16,False
META,2024-12-03,5,BUY,55,0.92,True
META,2024-12-03,10,BUY,55,1.02,True
META,2024-12-03,20,BUY,55,-2.27,False
META,2024-12-04,5,BUY,55,3.08,True
META,2024-12-04,10,BUY,55,-2.62,False
META,2024-12-04,20,BUY,55,-1.41,False
META,2024-12-10,5,BUY,55,0.1,True
META,2024-12-10,10,BUY,55,-1.79,False
META,2024-12-10,20,BUY,55,-0.48,False
META,2024-12-11,5,BUY,55,-5.53,False
META,2024-12-11,10,BUY,55,-4.56,False
META,2024-12-11,20,BUY,55,-3.77,False
META,2024-12-13,5,BUY,55,-5.58,False
META,2024-12-13,10,BUY,55,-4.62,False
META,2024-12-13,20,BUY,55,-0.44,False
META,2024-12-16,5,BUY,55,-3.91,False
META,2024-12-16,10,BUY,55,-6.2,False
META,2024-12-16,20,BUY,55,-2.07,False
META,2024-12-17,5,BUY,55,-1.89,False
META,2024-12-17,10,BUY,55,-3.26,False
META,2024-12-17,20,BUY,55,-1.08,False
META,2024-12-18,5,BUY,55,1.03,True
META,2024-12-18,10,BUY,55,1.25,True
META,2024-12-18,20,BUY,55,3.23,True
META,2024-12-19,5,BUY,55,0.71,True
META,2024-12-19,10,BUY,55,5.81,True
META,2024-12-19,20,BUY,55,4.69,True
META,2024-12-20,5,BUY,55,1.02,True
META,2024-12-20,10,BUY,55,5.58,True
META,2024-12-20,20,BUY,55,8.75,True
META,2024-12-23,5,BUY,55,-2.39,False
META,2024-12-23,10,BUY,55,1.81,True
META,2024-12-23,20,BUY,55,7.94,True
META,2024-12-24,5,BUY,55,-1.4,False
META,2024-12-24,10,BUY,55,1.33,True
META,2024-12-24,20,BUY,55,8.58,True
META,2024-12-26,5,BUY,55,0.21,True
META,2024-12-26,10,BUY,55,0.83,True
META,2024-12-26,20,BUY,55,11.76,True
META,2024-12-27,5,BUY,55,5.07,True
META,2024-12-27,10,BUY,55,-0.93,False
META,2024-12-27,20,BUY,55,12.78,True
META,2024-12-30,5,BUY,55,4.51,True
META,2024-12-30,10,BUY,55,4.38,True
META,2024-12-30,20,BUY,55,16.2,True
META,2024-12-31,5,BUY,55,4.31,True
META,2024-12-31,10,BUY,55,4.4,True
META,2024-12-31,20,BUY,55,17.71,True
META,2025-01-02,5,BUY,55,2.77,True
META,2025-01-02,10,BUY,55,2.26,True
META,2025-01-02,20,BUY,55,16.39,True
META,2025-01-03,5,BUY,55,0.61,True
META,2025-01-03,10,BUY,55,1.96,True
META,2025-01-03,20,BUY,55,16.47,True
META,2025-01-06,5,BUY,55,-5.7,False
META,2025-01-06,10,BUY,55,-1.06,False
META,2025-01-06,20,BUY,55,11.85,True
META,2025-01-07,5,BUY,55,-0.12,False
META,2025-01-07,10,BUY,55,3.0,True
META,2025-01-07,20,BUY,55,15.23,True
META,2025-01-08,5,BUY,55,0.09,True
META,2025-01-08,10,BUY,55,6.02,True
META,2025-01-08,20,BUY,55,17.0,True
META,2025-01-10,5,BUY,55,-0.5,False
META,2025-01-10,10,BUY,55,7.15,True
META,2025-01-10,20,BUY,55,16.49,True
META,2025-01-13,5,BUY,55,1.34,True
META,2025-01-13,10,BUY,55,10.85,True
META,2025-01-13,20,BUY,55,18.32,True
META,2025-01-14,5,BUY,55,4.92,True
META,2025-01-14,10,BUY,55,13.84,True
META,2025-01-14,20,BUY,55,22.07,True
META,2025-01-15,5,BUY,55,3.13,True
META,2025-01-15,10,BUY,55,11.32,True
META,2025-01-15,20,BUY,55,18.06,True
META,2025-01-16,5,BUY,55,5.92,True
META,2025-01-16,10,BUY,55,12.74,True
META,2025-01-16,20,BUY,55,20.51,True
META,2025-01-17,5,BUY,55,7.69,True
META,2025-01-17,10,BUY,55,13.82,True
META,2025-01-17,20,BUY,55,16.91,True
META,2025-01-21,5,BUY,55,9.39,True
META,2025-01-21,10,BUY,55,14.23,True
META,2025-01-21,20,BUY,55,14.16,True
META,2025-01-22,5,BUY,55,8.5,True
META,2025-01-22,10,BUY,55,13.05,True
META,2025-01-22,20,BUY,55,11.44,True
META,2025-01-23,5,BUY,55,7.94,True
META,2025-01-23,10,BUY,55,11.87,True
META,2025-01-23,20,BUY,55,7.4,True
META,2025-01-24,5,BUY,55,6.44,True
META,2025-01-24,10,BUY,55,10.35,True
META,2025-01-24,20,BUY,55,3.19,True
META,2025-01-27,5,BUY,55,5.69,True
META,2025-01-27,10,BUY,55,8.72,True
META,2025-01-27,20,BUY,55,-0.36,False
META,2025-01-28,5,BUY,55,4.43,True
META,2025-01-28,10,BUY,55,6.74,True
META,2025-01-28,20,BUY,55,-0.09,False
META,2025-01-29,5,BUY,55,4.2,True
META,2025-01-29,10,BUY,55,7.23,True
META,2025-01-29,20,BUY,55,-2.7,False
META,2025-01-30,5,BUY,55,3.64,True
META,2025-01-30,10,BUY,55,6.05,True
META,2025-01-30,20,BUY,55,-2.74,False
META,2025-01-31,5,BUY,55,3.68,True
META,2025-01-31,10,BUY,55,6.89,True
META,2025-01-31,20,BUY,55,-4.95,False
META,2025-02-03,5,BUY,55,2.86,True
META,2025-02-03,10,BUY,55,2.71,True
META,2025-02-03,20,BUY,55,-8.24,False
META,2025-02-04,5,SELL,55,2.22,False
META,2025-02-04,10,SELL,55,-0.06,True
META,2025-02-04,20,SELL,55,-6.78,True
META,2025-02-05,5,BUY,55,2.91,True
META,2025-02-05,10,BUY,55,-1.42,False
META,2025-02-05,20,BUY,55,-10.92,False
META,2025-02-06,5,SELL,55,2.33,False
META,2025-02-06,10,SELL,55,-3.99,True
META,2025-02-06,20,SELL,55,-12.13,True
META,2025-02-07,5,SELL,55,3.1,False
META,2025-02-07,10,SELL,55,-6.49,True
META,2025-02-07,20,SELL,55,-16.31,True
META,2025-02-10,5,SELL,55,-0.14,True
META,2025-02-10,10,SELL,55,-8.35,True
META,2025-02-10,20,SELL,55,-15.57,True
META,2025-02-11,5,SELL,55,-2.23,True
META,2025-02-11,10,SELL,55,-6.4,True
META,2025-02-11,20,SELL,55,-13.93,True
META,2025-02-12,5,SELL,55,-4.21,True
META,2025-02-12,10,SELL,55,-9.26,True
META,2025-02-12,20,SELL,55,-18.58,True
META,2025-02-13,5,SELL,55,-6.18,True
META,2025-02-13,10,SELL,55,-8.28,True
META,2025-02-13,20,SELL,55,-16.53,True
META,2025-02-14,5,SELL,55,-9.3,True
META,2025-02-14,10,SELL,55,-11.08,True
META,2025-02-14,20,SELL,55,-17.81,True
META,2025-02-18,5,BUY,55,-8.22,False
META,2025-02-18,10,BUY,55,-10.66,False
META,2025-02-18,20,BUY,55,-18.63,False
META,2025-02-19,5,BUY,55,-4.27,False
META,2025-02-19,10,BUY,55,-6.72,False
META,2025-02-19,20,BUY,55,-16.94,False
META,2025-02-20,5,BUY,55,-5.27,False
META,2025-02-20,10,BUY,55,-9.63,False
META,2025-02-20,20,BUY,55,-15.59,False
META,2025-02-21,5,BUY,55,-2.25,False
META,2025-02-21,10,BUY,55,-8.47,False
META,2025-02-21,20,BUY,55,-12.69,False
META,2025-02-24,5,BUY,55,-1.96,False
META,2025-02-24,10,BUY,55,-10.5,False
META,2025-02-24,20,BUY,55,-7.29,False
META,2025-02-25,5,BUY,55,-2.66,False
META,2025-02-25,10,BUY,55,-7.88,False
META,2025-02-25,20,BUY,55,-4.66,False
META,2025-02-26,5,BUY,55,-2.56,False
META,2025-02-26,10,BUY,55,-8.04,False
META,2025-02-26,20,BUY,55,-9.23,False
META,2025-02-27,5,BUY,55,-4.6,False
META,2025-02-27,10,BUY,55,-10.27,False
META,2025-02-27,20,BUY,55,-8.37,False
META,2025-02-28,5,BUY,55,-6.37,False
META,2025-02-28,10,BUY,55,-8.99,False
META,2025-02-28,20,BUY,55,-13.61,False
META,2025-03-03,5,BUY,55,-8.71,False
META,2025-03-03,10,BUY,55,-7.57,False
META,2025-03-03,20,BUY,55,-11.93,False
META,2025-03-04,5,BUY,55,-5.36,False
META,2025-03-04,10,BUY,55,-8.93,False
META,2025-03-04,20,BUY,55,-8.36,False
META,2025-03-05,5,BUY,55,-5.62,False
META,2025-03-05,10,BUY,55,-10.95,False
META,2025-03-05,20,BUY,55,-10.97,False
META,2025-03-06,5,BUY,55,-5.94,False
META,2025-03-06,10,BUY,55,-6.59,False
META,2025-03-06,20,BUY,55,-15.26,False
META,2025-03-07,5,BUY,55,-2.8,False
META,2025-03-07,10,BUY,55,-4.62,False
META,2025-03-07,20,BUY,55,-19.26,False
META,2025-03-10,5,BUY,55,1.25,True
META,2025-03-10,10,BUY,55,3.58,True
META,2025-03-10,20,BUY,55,-13.59,False
META,2025-03-11,5,BUY,55,-3.77,False
META,2025-03-11,10,BUY,55,3.49,True
META,2025-03-11,20,BUY,55,-15.65,False
META,2025-03-12,5,BUY,55,-5.65,False
META,2025-03-12,10,BUY,55,-1.3,False
META,2025-03-12,20,BUY,55,-5.37,False
META,2025-03-13,5,BUY,55,-0.7,False
META,2025-03-13,10,BUY,55,2.11,True
META,2025-03-13,20,BUY,55,-7.43,False
META,2025-03-17,5,BUY,55,2.31,True
META,2025-03-17,10,BUY,55,-4.72,False
META,2025-03-17,20,BUY,55,-12.14,False
META,2025-03-18,5,BUY,55,7.55,True
META,2025-03-18,10,BUY,55,0.63,True
META,2025-03-18,20,BUY,55,-10.45,False
META,2025-03-19,5,BUY,55,4.61,True
META,2025-03-19,10,BUY,55,-0.02,False
META,2025-03-19,20,BUY,55,-14.0,False
META,2025-03-20,5,BUY,55,2.83,True
META,2025-03-20,10,BUY,55,-9.28,False
META,2025-03-20,20,BUY,55,-14.42,False
META,2025-03-21,5,BUY,55,-3.27,False
META,2025-03-21,10,BUY,55,-15.35,False
META,2025-03-21,20,BUY,55,-18.72,False
META,2025-03-24,5,BUY,55,-6.87,False
META,2025-03-24,10,BUY,55,-16.58,False
META,2025-03-24,20,BUY,55,-19.16,False
META,2025-03-25,5,BUY,55,-6.44,False
META,2025-03-25,10,BUY,55,-18.5,False
META,2025-03-25,20,BUY,55,-16.93,False
META,2025-03-26,5,BUY,55,-4.43,False
META,2025-03-26,10,BUY,55,-4.13,False
META,2025-03-26,20,BUY,55,-12.74,False
META,2025-03-27,5,BUY,55,-11.78,False
META,2025-03-27,10,BUY,55,-9.34,False
META,2025-03-27,20,BUY,55,-9.18,False
META,2025-03-28,5,BUY,55,-12.49,False
META,2025-03-28,10,BUY,55,-5.75,False
META,2025-03-28,20,BUY,55,-4.68,False
META,2025-03-31,5,BUY,55,-10.43,False
META,2025-03-31,10,BUY,55,-7.79,False
META,2025-03-31,20,BUY,55,-3.8,False
META,2025-04-01,5,BUY,55,-12.89,False
META,2025-04-01,10,BUY,55,-11.0,False
META,2025-04-01,20,BUY,55,-6.31,False
META,2025-04-02,5,BUY,55,0.32,True
META,2025-04-02,10,BUY,55,-13.98,False
META,2025-04-02,20,BUY,55,-2.01,False
META,2025-04-03,5,BUY,55,2.76,True
META,2025-04-03,10,BUY,55,-5.67,False
META,2025-04-03,20,BUY,55,12.3,True
META,2025-04-04,5,BUY,55,7.7,True
META,2025-04-04,10,BUY,55,-3.98,False
META,2025-04-04,20,BUY,55,18.73,True
META,2025-04-07,5,BUY,55,2.95,True
META,2025-04-07,10,BUY,55,-3.09,False
META,2025-04-07,20,BUY,55,13.76,True
META,2025-04-08,5,BUY,55,2.17,True
META,2025-04-08,10,BUY,55,1.92,True
META,2025-04-08,20,BUY,55,16.92,True
META,2025-04-09,5,BUY,55,-14.25,False
META,2025-04-09,10,BUY,55,-8.98,False
META,2025-04-09,20,BUY,55,2.09,True
META,2025-04-10,5,BUY,55,-8.2,False
META,2025-04-10,10,BUY,55,0.18,True
META,2025-04-10,20,BUY,55,8.46,True
META,2025-04-11,5,BUY,55,-10.84,False
META,2025-04-11,10,BUY,55,1.14,True
META,2025-04-11,20,BUY,55,17.64,True
META,2025-04-14,5,BUY,55,-5.87,False
META,2025-04-14,10,BUY,55,4.32,True
META,2025-04-14,20,BUY,55,23.43,True
META,2025-04-15,5,BUY,55,-0.24,False
META,2025-04-15,10,BUY,55,5.27,True
META,2025-04-15,20,BUY,55,26.43,True
META,2025-04-16,5,BUY,55,6.14,True
META,2025-04-16,10,BUY,55,13.92,True
META,2025-04-16,20,BUY,55,28.18,True
META,2025-04-17,5,BUY,55,9.13,True
META,2025-04-17,10,BUY,55,19.05,True
META,2025-04-17,20,BUY,55,27.69,True
META,2025-04-21,5,BUY,55,13.43,True
META,2025-04-21,10,BUY,55,23.65,True
META,2025-04-21,20,BUY,55,32.14,True
META,2025-04-22,5,BUY,55,10.83,True
META,2025-04-22,10,BUY,55,17.4,True
META,2025-04-22,20,BUY,55,27.35,True
META,2025-04-23,5,BUY,55,5.52,True
META,2025-04-23,10,BUY,55,14.71,True
META,2025-04-23,20,BUY,55,22.15,True
META,2025-04-24,5,BUY,55,7.33,True
META,2025-04-24,10,BUY,55,12.17,True
META,2025-04-24,20,BUY,55,19.4,True
META,2025-04-25,5,BUY,55,9.09,True
META,2025-04-25,10,BUY,55,8.26,True
META,2025-04-25,20,BUY,55,14.58,True
META,2025-04-28,5,BUY,55,9.01,True
META,2025-04-28,10,BUY,55,16.31,True
META,2025-04-28,20,BUY,55,16.84,True
META,2025-04-29,5,BUY,55,5.93,True
META,2025-04-29,10,BUY,55,18.32,True
META,2025-04-29,20,BUY,55,16.08,True
META,2025-04-30,5,BUY,55,8.71,True
META,2025-04-30,10,BUY,55,20.1,True
META,2025-04-30,20,BUY,55,17.5,True
META,2025-05-01,5,BUY,55,4.51,True
META,2025-05-01,10,BUY,55,12.53,True
META,2025-05-01,20,BUY,55,13.16,True
META,2025-05-02,5,BUY,55,-0.76,False
META,2025-05-02,10,BUY,55,7.26,True
META,2025-05-02,20,BUY,55,12.37,True
META,2025-05-05,5,BUY,55,6.7,True
META,2025-05-05,10,BUY,55,6.87,True
META,2025-05-05,20,BUY,55,11.28,True
META,2025-05-06,5,BUY,55,11.7,True
META,2025-05-06,10,BUY,55,8.48,True
META,2025-05-06,20,BUY,55,17.14,True
META,2025-05-21,5,BUY,55,1.5,True
META,2025-05-21,10,BUY,55,7.73,True
META,2025-05-21,20,BUY,55,7.45,True
META,2025-05-22,5,BUY,55,1.72,True
META,2025-05-22,10,BUY,55,9.6,True
META,2025-05-22,20,BUY,55,9.82,True
META,2025-05-23,5,BUY,55,6.99,True
META,2025-05-23,10,BUY,55,10.68,True
META,2025-05-23,20,BUY,55,13.67,True
META,2025-05-30,5,BUY,55,7.76,True
META,2025-05-30,10,BUY,55,5.46,True
META,2025-05-30,20,BUY,55,14.08,True
META,2025-06-02,5,BUY,55,3.45,True
META,2025-06-02,10,BUY,55,4.73,True
META,2025-06-02,20,BUY,55,7.28,True
META,2025-06-03,5,BUY,55,5.33,True
META,2025-06-03,10,BUY,55,4.64,True
META,2025-06-03,20,BUY,55,7.09,True
META,2025-06-04,5,BUY,55,0.9,True
META,2025-06-04,10,BUY,55,1.21,True
META,2025-06-04,20,BUY,55,4.6,True
META,2025-06-11,5,BUY,55,0.31,True
META,2025-06-11,10,BUY,55,4.68,True
META,2025-06-11,20,BUY,55,3.45,True
META,2025-06-13,5,BUY,55,2.37,True
META,2025-06-13,10,BUY,55,8.17,True
META,2025-06-13,20,BUY,55,4.11,True
META,2025-06-16,5,BUY,55,1.44,True
META,2025-06-16,10,BUY,55,2.44,True
META,2025-06-16,20,BUY,55,0.11,True
META,2025-06-17,5,BUY,55,1.64,True
META,2025-06-17,10,BUY,55,2.34,True
META,2025-06-17,20,BUY,55,0.6,True
META,2025-06-18,5,BUY,55,4.36,True
META,2025-06-18,10,BUY,55,3.34,True
META,2025-06-18,20,BUY,55,1.22,True
META,2025-06-20,5,BUY,55,7.52,True
META,2025-06-20,10,BUY,55,5.28,True
META,2025-06-20,20,BUY,55,4.49,True
META,2025-06-23,5,BUY,55,5.66,True
META,2025-06-23,10,BUY,55,3.17,True
META,2025-06-23,20,BUY,55,0.9,True
META,2025-06-24,5,BUY,55,0.99,True
META,2025-06-24,10,BUY,55,2.89,True
META,2025-06-24,20,BUY,55,0.19,True
META,2025-06-25,5,BUY,55,0.69,True
META,2025-06-25,10,BUY,55,2.62,True
META,2025-06-25,20,BUY,55,0.86,True
META,2025-06-26,5,BUY,55,-0.98,False
META,2025-06-26,10,BUY,55,-1.18,False
META,2025-06-26,20,BUY,55,-1.85,False
META,2025-06-27,5,BUY,55,-2.08,False
META,2025-06-27,10,BUY,55,-1.73,False
META,2025-06-27,20,BUY,55,-2.18,False
META,2025-06-30,5,BUY,55,-2.36,False
META,2025-06-30,10,BUY,55,-3.75,False
META,2025-06-30,20,BUY,55,-5.16,False
META,2025-07-01,5,BUY,55,1.89,True
META,2025-07-01,10,BUY,55,-2.27,False
META,2025-07-01,20,BUY,55,-3.34,False
META,2025-07-02,5,BUY,55,1.92,True
META,2025-07-02,10,BUY,55,-1.7,False
META,2025-07-02,20,BUY,55,8.39,True
META,2025-07-03,5,BUY,55,-0.21,False
META,2025-07-03,10,BUY,55,-2.05,False
META,2025-07-03,20,BUY,55,4.31,True
META,2025-07-07,5,BUY,55,0.36,True
META,2025-07-07,10,BUY,55,-0.75,False
META,2025-07-07,20,BUY,55,8.08,True
META,2025-07-08,5,BUY,55,-1.43,False
META,2025-07-08,10,BUY,55,-2.2,False
META,2025-07-08,20,BUY,55,5.94,True
META,2025-07-09,5,BUY,55,-4.08,False
META,2025-07-09,10,BUY,55,-2.62,False
META,2025-07-09,20,BUY,55,5.35,True
META,2025-07-10,5,BUY,55,-3.55,False
META,2025-07-10,10,BUY,55,-1.71,False
META,2025-07-10,20,BUY,55,4.76,True
META,2025-07-11,5,BUY,55,-1.84,False
META,2025-07-11,10,BUY,55,-0.67,False
META,2025-07-11,20,BUY,55,7.22,True
META,2025-07-14,5,BUY,55,-1.1,False
META,2025-07-14,10,BUY,55,-0.46,False
META,2025-07-14,20,BUY,55,6.24,True
META,2025-07-15,5,BUY,55,-0.79,False
META,2025-07-15,10,BUY,55,-1.46,False
META,2025-07-15,20,BUY,55,11.21,True
META,2025-07-16,5,BUY,55,1.52,True
META,2025-07-16,10,BUY,55,-1.1,False
META,2025-07-16,20,BUY,55,10.98,True
META,2025-07-17,5,BUY,55,1.91,True
META,2025-07-17,10,BUY,55,10.27,True
META,2025-07-17,20,BUY,55,11.51,True
META,2025-07-18,5,BUY,55,1.19,True
META,2025-07-18,10,BUY,55,6.49,True
META,2025-07-18,20,BUY,55,11.49,True
META,2025-07-21,5,BUY,55,0.65,True
META,2025-07-21,10,BUY,55,8.89,True
META,2025-07-21,20,BUY,55,7.63,True
META,2025-07-22,5,BUY,55,-0.68,False
META,2025-07-22,10,BUY,55,8.32,True
META,2025-07-22,20,BUY,55,6.62,True
META,2025-07-23,5,BUY,55,-2.57,False
META,2025-07-23,10,BUY,55,8.19,True
META,2025-07-23,20,BUY,55,4.78,True
META,2025-07-24,5,BUY,55,8.2,True
META,2025-07-24,10,BUY,55,6.58,True
META,2025-07-24,20,BUY,55,3.4,True
META,2025-07-25,5,BUY,55,5.24,True
META,2025-07-25,10,BUY,55,7.94,True
META,2025-07-25,20,BUY,55,5.91,True
META,2025-07-28,5,BUY,55,8.19,True
META,2025-07-28,10,BUY,55,6.72,True
META,2025-07-28,20,BUY,55,4.97,True
META,2025-07-29,5,BUY,55,9.07,True
META,2025-07-29,10,BUY,55,12.86,True
META,2025-07-29,20,BUY,55,7.73,True
META,2025-07-30,5,BUY,55,11.04,True
META,2025-07-30,10,BUY,55,12.21,True
META,2025-07-30,20,BUY,55,7.5,True
META,2025-07-31,5,BUY,55,-1.5,False
META,2025-07-31,10,BUY,55,1.12,True
META,2025-07-31,20,BUY,55,-2.89,False
META,2025-08-01,5,BUY,55,2.57,True
META,2025-08-01,10,BUY,55,4.7,True
META,2025-08-01,20,BUY,55,-1.51,False
META,2025-08-04,5,BUY,55,-1.35,False
META,2025-08-04,10,BUY,55,-1.16,False
META,2025-08-04,20,BUY,55,-5.31,False
META,2025-08-05,5,BUY,55,3.48,True
META,2025-08-05,10,BUY,55,-1.57,False
META,2025-08-05,20,BUY,55,-3.46,False
META,2025-08-06,5,BUY,55,1.05,True
META,2025-08-06,10,BUY,55,-3.14,False
META,2025-08-06,20,BUY,55,-3.02,False
META,2025-08-07,5,BUY,55,2.66,True
META,2025-08-07,10,BUY,55,-2.98,False
META,2025-08-07,20,BUY,55,-1.23,False
META,2025-08-08,5,BUY,55,2.07,True
META,2025-08-08,10,BUY,55,-1.89,False
META,2025-08-08,20,BUY,55,-2.21,False
META,2025-08-11,5,BUY,55,0.2,True
META,2025-08-11,10,BUY,55,-1.64,False
META,2025-08-11,20,BUY,55,-0.02,False
META,2025-08-12,5,BUY,55,-4.88,False
META,2025-08-12,10,BUY,55,-4.54,False
META,2025-08-12,20,BUY,55,-4.81,False
META,2025-08-13,5,BUY,55,-4.15,False
META,2025-08-13,10,BUY,55,-4.19,False
META,2025-08-13,20,BUY,55,-3.74,False
META,2025-08-14,5,BUY,55,-5.5,False
META,2025-08-14,10,BUY,55,-3.97,False
META,2025-08-14,20,BUY,55,-3.39,False
META,2025-08-15,5,BUY,55,-3.88,False
META,2025-08-15,10,BUY,55,-5.93,False
META,2025-08-15,20,BUY,55,-2.61,False
META,2025-08-18,5,BUY,55,-1.83,False
META,2025-08-18,10,BUY,55,-4.2,False
META,2025-08-18,20,BUY,55,1.52,True
META,2025-08-19,5,BUY,55,0.35,True
META,2025-08-19,10,BUY,55,-1.92,False
META,2025-08-19,20,BUY,55,3.23,True
META,2025-08-20,5,BUY,55,-0.05,False
META,2025-08-20,10,BUY,55,0.12,True
META,2025-08-20,20,BUY,55,4.35,True
META,2025-08-21,5,BUY,55,1.62,True
META,2025-08-21,10,BUY,55,1.81,True
META,2025-08-21,20,BUY,55,5.31,True
META,2025-08-22,5,BUY,55,-2.13,False
META,2025-08-22,10,BUY,55,-0.33,False
META,2025-08-22,20,BUY,55,1.44,True
META,2025-08-25,5,BUY,55,-2.41,False
META,2025-08-25,10,BUY,55,1.65,True
META,2025-08-25,20,BUY,55,0.35,True
META,2025-08-26,5,BUY,55,-2.26,False
META,2025-08-26,10,BUY,55,-0.28,False
META,2025-08-26,20,BUY,55,0.94,True
META,2025-08-27,5,BUY,55,0.17,True
META,2025-08-27,10,BUY,55,0.47,True
META,2025-08-27,20,BUY,55,0.27,True
META,2025-08-28,5,BUY,55,0.18,True
META,2025-08-28,10,BUY,55,0.6,True
META,2025-08-28,20,BUY,55,-0.91,False
META,2025-08-29,5,BUY,55,1.84,True
META,2025-08-29,10,BUY,55,3.52,True
META,2025-08-29,20,BUY,55,0.7,True
META,2025-09-02,5,BUY,55,4.16,True
META,2025-09-02,10,BUY,55,5.97,True
META,2025-09-02,20,BUY,55,-0.03,False
META,2025-09-03,5,BUY,55,2.03,True
META,2025-09-03,10,BUY,55,5.25,True
META,2025-09-03,20,BUY,55,-2.61,False
META,2025-09-04,5,BUY,55,0.3,True
META,2025-09-04,10,BUY,55,4.22,True
META,2025-09-04,20,BUY,55,-2.82,False
META,2025-09-05,5,BUY,55,0.42,True
META,2025-09-05,10,BUY,55,3.45,True
META,2025-09-05,20,BUY,55,-5.5,False
META,2025-09-08,5,BUY,55,1.65,True
META,2025-09-08,10,BUY,55,1.78,True
META,2025-09-08,20,BUY,55,-4.81,False
META,2025-09-09,5,BUY,55,1.74,True
META,2025-09-09,10,BUY,55,-1.28,False
META,2025-09-09,20,BUY,55,-6.81,False
META,2025-09-10,5,BUY,55,3.16,True
META,2025-09-10,10,BUY,55,1.22,True
META,2025-09-10,20,BUY,55,-4.48,False
META,2025-09-11,5,BUY,55,3.91,True
META,2025-09-11,10,BUY,55,-0.2,False
META,2025-09-11,20,BUY,55,-2.25,False
META,2025-09-12,5,BUY,55,3.02,True
META,2025-09-12,10,BUY,55,-1.5,False
META,2025-09-12,20,BUY,55,-6.59,False
META,2025-09-15,5,BUY,55,0.13,True
META,2025-09-15,10,BUY,55,-2.72,False
META,2025-09-15,20,BUY,55,-6.34,False
META,2025-09-16,5,BUY,55,-2.96,False
META,2025-09-16,10,BUY,55,-5.66,False
META,2025-09-16,20,BUY,55,-8.97,False
META,2025-09-17,5,BUY,55,-1.88,False
META,2025-09-17,10,BUY,55,-7.46,False
META,2025-09-17,20,BUY,55,-7.44,False
META,2025-09-18,5,BUY,55,-3.95,False
META,2025-09-18,10,BUY,55,-6.76,False
META,2025-09-18,20,BUY,55,-8.68,False
META,2025-09-19,5,BUY,55,-4.38,False
META,2025-09-19,10,BUY,55,-8.65,False
META,2025-09-19,20,BUY,55,-7.83,False
META,2025-09-22,5,BUY,55,-2.84,False
META,2025-09-22,10,BUY,55,-6.47,False
META,2025-09-22,20,BUY,55,-4.31,False
META,2025-09-23,5,BUY,55,-2.78,False
META,2025-09-23,10,BUY,55,-5.6,False
META,2025-09-23,20,BUY,55,-2.93,False
META,2025-09-24,5,BUY,55,-5.7,False
META,2025-09-24,10,BUY,55,-5.63,False
META,2025-09-24,20,BUY,55,-3.58,False
META,2025-09-25,5,BUY,55,-2.92,False
META,2025-09-25,10,BUY,55,-2.06,False
META,2025-09-25,20,BUY,55,-1.99,False
META,2025-09-26,5,BUY,55,-4.46,False
META,2025-09-26,10,BUY,55,-5.17,False
META,2025-09-26,20,BUY,55,-0.72,False
META,2025-09-29,5,BUY,55,-3.73,False
META,2025-09-29,10,BUY,55,-3.73,False
META,2025-09-29,20,BUY,55,1.0,True
META,2025-09-30,5,BUY,55,-2.9,False
META,2025-09-30,10,BUY,55,-3.5,False
META,2025-09-30,20,BUY,55,2.32,True
META,2025-10-01,5,BUY,55,0.07,True
META,2025-10-01,10,BUY,55,0.03,True
META,2025-10-01,20,BUY,55,4.79,True
META,2025-10-02,5,BUY,55,0.89,True
META,2025-10-02,10,BUY,55,-2.06,False
META,2025-10-02,20,BUY,55,-8.33,False
META,2025-10-03,5,BUY,55,-0.74,False
META,2025-10-03,10,BUY,55,0.9,True
META,2025-10-03,20,BUY,55,-8.76,False
META,2025-10-07,5,BUY,55,-0.62,False
META,2025-10-07,10,BUY,55,2.83,True
META,2025-10-07,20,BUY,55,-12.03,False
META,2025-10-08,5,BUY,55,-0.04,False
META,2025-10-08,10,BUY,55,2.17,True
META,2025-10-08,20,BUY,55,-11.41,False
META,2025-10-09,5,BUY,55,-2.92,False
META,2025-10-09,10,BUY,55,0.07,True
META,2025-10-09,20,BUY,55,-15.62,False
META,2025-10-10,5,BUY,55,1.65,True
META,2025-10-10,10,BUY,55,4.69,True
META,2025-10-10,20,BUY,55,-11.85,False
META,2025-10-13,5,BUY,55,2.3,True
META,2025-10-13,10,BUY,55,4.91,True
META,2025-10-13,20,BUY,55,-11.73,False
META,2025-10-14,5,BUY,55,3.47,True
META,2025-10-14,10,BUY,55,6.04,True
META,2025-10-14,20,BUY,55,-11.51,False
META,2025-10-15,5,BUY,55,2.21,True
META,2025-10-15,10,BUY,55,4.76,True
META,2025-10-15,20,BUY,55,-15.13,False
META,2025-10-16,5,BUY,55,3.08,True
META,2025-10-16,10,BUY,55,-6.4,False
META,2025-10-16,20,BUY,55,-14.35,False
META,2025-10-17,5,BUY,55,2.99,True
META,2025-10-17,10,BUY,55,-9.56,False
META,2025-10-17,20,BUY,55,-14.99,False
META,2025-10-20,5,BUY,55,2.55,True
META,2025-10-20,10,BUY,55,-12.9,False
META,2025-10-20,20,BUY,55,-17.78,False
META,2025-10-21,5,BUY,55,2.48,True
META,2025-10-21,10,BUY,55,-14.45,False
META,2025-10-21,20,BUY,55,-18.49,False
META,2025-10-22,5,BUY,55,2.49,True
META,2025-10-22,10,BUY,55,-13.29,False
META,2025-10-22,20,BUY,55,-19.51,False
META,2025-10-23,5,BUY,55,-9.2,False
META,2025-10-23,10,BUY,55,-15.68,False
META,2025-10-23,20,BUY,55,-19.73,False
META,2025-10-24,5,BUY,55,-12.19,False
META,2025-10-24,10,BUY,55,-15.8,False
META,2025-10-24,20,BUY,55,-19.52,False
META,2025-10-27,5,BUY,55,-15.06,False
META,2025-10-27,10,BUY,55,-15.86,False
META,2025-10-27,20,BUY,55,-18.35,False
META,2025-10-28,5,BUY,55,-16.52,False
META,2025-10-28,10,BUY,55,-16.55,False
META,2025-10-28,20,BUY,55,-15.33,False
META,2025-10-29,5,BUY,55,-15.4,False
META,2025-10-29,10,BUY,55,-18.98,False
META,2025-10-29,20,BUY,55,-15.71,False
META,2025-10-30,5,BUY,55,-7.13,False
META,2025-10-30,10,BUY,55,-8.49,False
META,2025-10-30,20,BUY,55,-2.78,False
META,2025-10-31,5,BUY,55,-4.11,False
META,2025-10-31,10,BUY,55,-6.0,False
META,2025-10-31,20,BUY,55,-1.15,False
META,2025-11-03,5,BUY,55,-0.93,False
META,2025-11-03,10,BUY,55,-5.6,False
META,2025-11-03,20,BUY,55,1.47,True
META,2025-11-04,5,BUY,55,-0.04,False
META,2025-11-04,10,BUY,55,-4.72,False
META,2025-11-04,20,BUY,55,1.96,True
META,2025-11-05,5,BUY,55,-4.24,False
META,2025-11-05,10,BUY,55,-7.18,False
META,2025-11-05,20,BUY,55,4.02,True
META,2025-11-06,5,BUY,55,-1.46,False
META,2025-11-06,10,BUY,55,-4.81,False
META,2025-11-06,20,BUY,55,8.8,True
META,2025-11-07,5,BUY,55,-1.97,False
META,2025-11-07,10,BUY,55,-4.42,False
META,2025-11-07,20,BUY,55,7.25,True
META,2025-11-10,5,BUY,55,-4.71,False
META,2025-11-10,10,BUY,55,-2.96,False
META,2025-11-10,20,BUY,55,3.99,True
META,2025-11-11,5,BUY,55,-4.69,False
META,2025-11-11,10,BUY,55,1.46,True
META,2025-11-11,20,BUY,55,3.68,True
META,2025-11-12,5,BUY,55,-3.07,False
META,2025-11-12,10,BUY,55,4.04,True
META,2025-11-12,20,BUY,55,7.18,True
META,2025-11-13,5,BUY,55,-3.4,False
META,2025-11-13,10,BUY,55,6.24,True
META,2025-11-13,20,BUY,55,5.63,True
META,2025-11-14,5,BUY,55,-2.5,False
META,2025-11-14,10,BUY,55,5.15,True
META,2025-11-14,20,BUY,55,6.33,True
META,2025-11-17,5,BUY,55,1.83,True
META,2025-11-17,10,BUY,55,7.49,True
META,2025-11-17,20,BUY,55,9.25,True
META,2025-11-18,5,BUY,55,6.45,True
META,2025-11-18,10,BUY,55,7.01,True
META,2025-11-18,20,BUY,55,8.76,True
META,2025-11-19,5,BUY,55,7.33,True
META,2025-11-19,10,BUY,55,12.06,True
META,2025-11-19,20,BUY,55,12.65,True
META,2025-11-20,5,BUY,55,9.98,True
META,2025-11-20,10,BUY,55,14.3,True
META,2025-11-20,20,BUY,55,11.91,True
META,2025-11-21,5,BUY,55,7.85,True
META,2025-11-21,10,BUY,55,12.21,True
META,2025-11-21,20,BUY,55,11.41,True
META,2025-11-24,5,BUY,55,5.55,True
META,2025-11-24,10,BUY,55,7.16,True
META,2025-11-24,20,BUY,55,8.55,True
META,2025-11-25,5,BUY,55,0.53,True
META,2025-11-25,10,BUY,55,2.19,True
META,2025-11-25,20,BUY,55,5.01,True
META,2025-11-26,5,BUY,55,4.41,True
META,2025-11-26,10,BUY,55,3.01,True
META,2025-11-26,20,BUY,55,4.77,True
META,2025-11-28,5,BUY,55,3.93,True
META,2025-11-28,10,BUY,55,-0.57,False
META,2025-11-28,20,BUY,55,1.74,True
META,2025-12-01,5,BUY,55,4.05,True
META,2025-12-01,10,BUY,55,1.12,True
META,2025-12-01,20,BUY,55,4.0,True
META,2025-12-12,5,BUY,55,2.34,True
META,2025-12-12,10,BUY,55,2.33,True
META,2025-12-12,20,BUY,55,-1.96,False
META,2025-12-15,5,BUY,55,2.16,True
META,2025-12-15,10,BUY,55,2.85,True
META,2025-12-15,20,BUY,55,-4.94,False
META,2025-12-16,5,BUY,55,1.19,True
META,2025-12-16,10,BUY,55,0.45,True
META,2025-12-16,20,BUY,55,-5.53,False
META,2025-12-17,5,BUY,55,2.78,True
META,2025-12-17,10,BUY,55,0.14,True
META,2025-12-17,20,BUY,55,-4.5,False
META,2025-12-18,5,BUY,55,-0.17,False
META,2025-12-18,10,BUY,55,-0.85,False
META,2025-12-18,20,BUY,55,-9.08,False
META,2025-12-19,5,BUY,55,-0.01,False
META,2025-12-19,10,BUY,55,0.28,True
META,2025-12-19,20,BUY,55,-6.95,False
META,2025-12-22,5,BUY,55,0.67,True
META,2025-12-22,10,BUY,55,-1.94,False
META,2025-12-22,20,BUY,55,-2.1,False
META,2025-12-23,5,BUY,55,-0.73,False
META,2025-12-23,10,BUY,55,-2.84,False
META,2025-12-23,20,BUY,55,-0.93,False
META,2025-12-24,5,BUY,55,-2.57,False
META,2025-12-24,10,BUY,55,-2.17,False
META,2025-12-24,20,BUY,55,0.72,True
META,2025-12-26,5,BUY,55,-0.68,False
META,2025-12-26,10,BUY,55,-3.21,False
META,2025-12-26,20,BUY,55,1.46,True
META,2025-12-30,5,BUY,55,-2.59,False
META,2025-12-30,10,BUY,55,-7.57,False
META,2025-12-30,20,BUY,55,10.87,True
META,2025-12-31,5,BUY,55,-2.13,False
META,2025-12-31,10,BUY,55,-5.95,False
META,2025-12-31,20,BUY,55,8.55,True
META,2026-01-02,5,BUY,55,0.41,True
META,2026-01-02,10,BUY,55,-4.64,False
META,2026-01-02,20,BUY,55,8.61,True
META,2026-01-05,5,BUY,55,-2.55,False
META,2026-01-05,10,BUY,55,-8.3,False
META,2026-01-05,20,BUY,55,5.0,True
META,2026-01-06,5,BUY,55,-4.47,False
META,2026-01-06,10,BUY,55,-7.21,False
META,2026-01-06,20,BUY,55,1.27,True
META,2026-01-07,5,BUY,55,-5.11,False
META,2026-01-07,10,BUY,55,-0.16,False
META,2026-01-07,20,BUY,55,3.32,True
META,2026-01-08,5,BUY,55,-3.91,False
META,2026-01-08,10,BUY,55,1.97,True
META,2026-01-08,20,BUY,55,2.38,True
META,2026-01-09,5,BUY,55,-5.02,False
META,2026-01-09,10,BUY,55,2.96,True
META,2026-01-09,20,BUY,55,3.7,True
META,2026-01-12,5,BUY,55,-5.9,False
META,2026-01-12,10,BUY,55,4.83,True
META,2026-01-12,20,BUY,55,4.48,True
META,2026-01-13,5,BUY,55,-2.87,False
META,2026-01-13,10,BUY,55,5.96,True
META,2026-01-13,20,BUY,55,5.96,True
META,2026-01-14,5,BUY,55,5.22,True
META,2026-01-14,10,BUY,55,19.95,True
META,2026-01-14,20,BUY,55,5.57,True
META,2026-01-15,5,BUY,55,6.11,True
META,2026-01-15,10,BUY,55,15.42,True
META,2026-01-15,20,BUY,55,3.06,True
META,2026-01-16,5,BUY,55,8.4,True
META,2026-01-16,10,BUY,55,13.89,True
META,2026-01-16,20,BUY,55,3.07,True
META,2026-01-20,5,BUY,55,11.4,True
META,2026-01-20,10,BUY,55,14.5,True
META,2026-01-20,20,BUY,55,6.47,True
META,2026-01-21,5,BUY,55,9.1,True
META,2026-01-21,10,BUY,55,9.14,True
META,2026-01-21,20,BUY,55,5.19,True
META,2026-01-22,5,BUY,55,14.0,True
META,2026-01-22,10,BUY,55,3.49,True
META,2026-01-22,20,BUY,55,1.24,True
META,2026-01-23,5,BUY,55,8.76,True
META,2026-01-23,10,BUY,55,0.41,True
META,2026-01-23,20,BUY,55,-3.27,False
META,2026-01-26,5,BUY,55,5.06,True
META,2026-01-26,10,BUY,55,0.72,True
META,2026-01-26,20,BUY,55,-4.92,False
META,2026-01-27,5,BUY,55,2.78,True
META,2026-01-27,10,BUY,55,-0.33,False
META,2026-01-27,20,BUY,55,-2.86,False
META,2026-01-28,5,BUY,55,0.04,True
META,2026-01-28,10,BUY,55,-0.01,False
META,2026-01-28,20,BUY,55,-1.75,False
META,2026-01-29,5,BUY,55,-9.22,False
META,2026-01-29,10,BUY,55,-11.99,False
META,2026-01-29,20,BUY,55,-12.21,False
META,2026-01-30,5,BUY,55,-7.68,False
META,2026-01-30,10,BUY,55,-10.71,False
META,2026-01-30,20,BUY,55,-8.78,False
META,2026-02-02,5,BUY,55,-4.13,False
META,2026-02-02,10,BUY,55,-9.5,False
META,2026-02-02,20,BUY,55,-7.27,False
META,2026-02-03,5,BUY,55,-3.03,False
META,2026-02-03,10,BUY,55,-7.01,False
META,2026-02-03,20,BUY,55,-3.47,False
META,2026-02-04,5,BUY,55,-0.04,False
META,2026-02-04,10,BUY,55,-3.62,False
META,2026-02-04,20,BUY,55,-1.26,False
META,2026-02-05,5,BUY,55,-3.04,False
META,2026-02-05,10,BUY,55,-2.17,False
META,2026-02-05,20,BUY,55,-3.78,False
META,2026-02-06,5,BUY,55,-3.28,False
META,2026-02-06,10,BUY,55,-3.66,False
META,2026-02-06,20,BUY,55,-2.13,False
META,2026-02-09,5,BUY,55,-5.6,False
META,2026-02-09,10,BUY,55,-5.6,False
META,2026-02-09,20,BUY,55,-3.42,False
META,2026-02-10,5,BUY,55,-4.1,False
META,2026-02-10,10,BUY,55,-2.54,False
META,2026-02-10,20,BUY,55,-2.36,False
META,2026-02-11,5,BUY,55,-3.58,False
META,2026-02-11,10,BUY,55,-1.75,False
META,2026-02-11,20,BUY,55,-4.56,False
META,2026-02-12,5,BUY,55,0.9,True
META,2026-02-12,10,BUY,55,-0.25,False
META,2026-02-12,20,BUY,55,-5.56,False
META,2026-02-13,5,BUY,55,-0.39,False
META,2026-02-13,10,BUY,55,2.16,True
META,2026-02-13,20,BUY,55,-1.84,False
META,2026-02-17,5,BUY,55,0.0,True
META,2026-02-17,10,BUY,55,2.47,True
META,2026-02-17,20,BUY,55,-2.52,False
META,2026-02-18,5,BUY,55,1.63,True
META,2026-02-18,10,BUY,55,3.81,True
META,2026-02-18,20,BUY,55,-4.2,False
META,2026-02-19,5,BUY,55,1.9,True
META,2026-02-19,10,BUY,55,2.45,True
META,2026-02-19,20,BUY,55,-5.83,False
META,2026-02-20,5,BUY,55,-1.14,False
META,2026-02-20,10,BUY,55,-1.65,False
META,2026-02-20,20,BUY,55,-9.38,False
META,2026-02-23,5,BUY,55,2.56,True
META,2026-02-23,10,BUY,55,1.59,True
META,2026-02-23,20,BUY,55,-5.13,False
META,2026-02-24,5,BUY,55,2.47,True
META,2026-02-24,10,BUY,55,2.31,True
META,2026-02-24,20,BUY,55,-7.18,False
META,2026-02-25,5,BUY,55,2.15,True
META,2026-02-25,10,BUY,55,0.18,True
META,2026-02-25,20,BUY,55,-8.92,False
META,2026-02-26,5,BUY,55,0.54,True
META,2026-02-26,10,BUY,55,-2.87,False
META,2026-02-26,20,BUY,55,-16.59,False
META,2026-02-27,5,BUY,55,-0.51,False
META,2026-02-27,10,BUY,55,-5.32,False
META,2026-02-27,20,BUY,55,-18.82,False
META,2026-03-02,5,BUY,55,-0.94,False
META,2026-03-02,10,BUY,55,-3.91,False
META,2026-03-02,20,BUY,55,-17.86,False
META,2026-03-04,5,BUY,55,-1.93,False
META,2026-03-04,10,BUY,55,-7.72,False
META,2026-03-04,20,BUY,55,-13.18,False
META,2026-03-05,5,BUY,55,-3.39,False
META,2026-03-05,10,BUY,55,-8.08,False
META,2026-03-05,20,BUY,55,-12.96,False
META,2026-03-06,5,BUY,55,-4.83,False
META,2026-03-06,10,BUY,55,-7.86,False
META,2026-03-06,20,BUY,55,-11.06,False
META,2026-03-09,5,BUY,55,-3.0,False
META,2026-03-09,10,BUY,55,-6.61,False
META,2026-03-09,20,BUY,55,-11.1,False
META,2026-03-10,5,BUY,55,-4.72,False
META,2026-03-10,10,BUY,55,-9.27,False
META,2026-03-10,20,BUY,55,-6.29,False
META,2026-03-11,5,BUY,55,-5.9,False
META,2026-03-11,10,BUY,55,-9.08,False
META,2026-03-11,20,BUY,55,-3.96,False
META,2026-03-12,5,BUY,55,-4.85,False
META,2026-03-12,10,BUY,55,-14.13,False
META,2026-03-12,20,BUY,55,-1.22,False
META,2026-03-13,5,BUY,55,-3.18,False
META,2026-03-13,10,BUY,55,-14.26,False
META,2026-03-13,20,BUY,55,3.48,True
NVDA,2022-01-27,5,BUY,55,9.13,True
NVDA,2022-01-27,10,BUY,55,17.68,True
NVDA,2022-01-27,20,BUY,55,10.08,True
NVDA,2022-01-28,5,BUY,55,6.48,True
NVDA,2022-01-28,10,BUY,55,4.86,True
NVDA,2022-01-28,20,BUY,55,6.76,True
NVDA,2022-01-31,5,BUY,55,0.99,True
NVDA,2022-01-31,10,BUY,55,-0.89,False
NVDA,2022-01-31,20,BUY,55,-4.12,False
NVDA,2022-02-01,5,BUY,55,1.91,True
NVDA,2022-02-01,10,BUY,55,7.54,True
NVDA,2022-02-01,20,BUY,55,-1.68,False
NVDA,2022-02-02,5,BUY,55,5.8,True
NVDA,2022-02-02,10,BUY,55,5.03,True
NVDA,2022-02-02,20,BUY,55,-6.04,False
NVDA,2022-02-03,5,BUY,55,7.83,True
NVDA,2022-02-03,10,BUY,55,2.33,True
NVDA,2022-02-03,20,BUY,55,-4.21,False
NVDA,2022-02-04,5,BUY,55,-1.52,False
NVDA,2022-02-04,10,BUY,55,-2.78,False
NVDA,2022-02-04,20,BUY,55,-12.19,False
NVDA,2022-02-07,5,BUY,55,-1.86,False
NVDA,2022-02-07,10,BUY,55,-5.41,False
NVDA,2022-02-07,20,BUY,55,-12.98,False
NVDA,2022-02-08,5,BUY,55,5.52,True
NVDA,2022-02-08,10,BUY,55,-10.84,False
NVDA,2022-02-08,20,BUY,55,-8.32,False
NVDA,2022-02-09,5,BUY,55,-0.73,False
NVDA,2022-02-09,10,BUY,55,-11.07,False
NVDA,2022-02-09,20,BUY,55,-15.14,False
NVDA,2022-02-11,5,BUY,55,-1.28,False
NVDA,2022-02-11,10,BUY,55,1.82,True
NVDA,2022-02-11,20,BUY,55,-10.92,False
NVDA,2022-02-15,5,BUY,55,-15.5,False
NVDA,2022-02-15,10,BUY,55,-8.57,False
NVDA,2022-02-15,20,BUY,55,-7.53,False
NVDA,2022-02-16,5,BUY,55,-10.42,False
NVDA,2022-02-16,10,BUY,55,-10.54,False
NVDA,2022-02-16,20,BUY,55,-6.57,False
NVDA,2022-02-17,5,BUY,55,-1.43,False
NVDA,2022-02-17,10,BUY,55,-6.39,False
NVDA,2022-02-17,20,BUY,55,7.96,True
NVDA,2022-02-18,5,BUY,55,3.14,True
NVDA,2022-02-18,10,BUY,55,-9.67,False
NVDA,2022-02-18,20,BUY,55,13.1,True
NVDA,2022-02-22,5,BUY,55,0.37,True
NVDA,2022-02-22,10,BUY,55,-8.0,False
NVDA,2022-02-22,20,BUY,55,13.42,True
NVDA,2022-02-23,5,BUY,55,8.21,True
NVDA,2022-02-23,10,BUY,55,2.82,True
NVDA,2022-02-23,20,BUY,55,14.52,True
NVDA,2022-02-24,5,BUY,55,-0.13,False
NVDA,2022-02-24,10,BUY,55,-4.57,False
NVDA,2022-02-24,20,BUY,55,18.56,True
NVDA,2022-02-25,5,BUY,55,-5.04,False
NVDA,2022-02-25,10,BUY,55,-8.5,False
NVDA,2022-02-25,20,BUY,55,14.65,True
NVDA,2022-02-28,5,BUY,55,-12.42,False
NVDA,2022-02-28,10,BUY,55,-12.51,False
NVDA,2022-02-28,20,BUY,55,15.74,True
NVDA,2022-03-01,5,BUY,55,-8.35,False
NVDA,2022-03-01,10,BUY,55,-2.13,False
NVDA,2022-03-01,20,BUY,55,22.08,True
NVDA,2022-03-03,5,SELL,55,-4.45,True
NVDA,2022-03-03,10,SELL,55,4.44,False
NVDA,2022-03-03,20,SELL,55,15.06,False
NVDA,2022-03-04,5,SELL,55,-3.64,True
NVDA,2022-03-04,10,SELL,55,15.33,False
NVDA,2022-03-04,20,SELL,55,16.46,False
NVDA,2022-03-08,5,BUY,55,6.78,True
NVDA,2022-03-08,10,BUY,55,23.29,True
NVDA,2022-03-08,20,BUY,55,20.53,True
NVDA,2022-03-09,5,BUY,55,6.44,True
NVDA,2022-03-09,10,BUY,55,11.38,True
NVDA,2022-03-09,20,BUY,55,6.05,True
NVDA,2022-03-10,5,BUY,55,9.3,True
NVDA,2022-03-10,10,BUY,55,24.24,True
NVDA,2022-03-10,20,BUY,55,6.84,True
NVDA,2022-03-11,5,BUY,55,19.7,True
NVDA,2022-03-11,10,BUY,55,25.3,True
NVDA,2022-03-11,20,BUY,55,4.61,True
NVDA,2022-03-14,5,BUY,55,25.34,True
NVDA,2022-03-14,10,BUY,55,32.3,True
NVDA,2022-03-14,20,BUY,55,2.75,True
NVDA,2022-03-15,5,BUY,55,15.46,True
NVDA,2022-03-15,10,BUY,55,24.74,True
NVDA,2022-03-15,20,BUY,55,-6.39,False
NVDA,2022-03-16,5,BUY,55,4.65,True
NVDA,2022-03-16,10,BUY,55,13.04,True
NVDA,2022-03-16,20,BUY,55,-9.36,False
NVDA,2022-03-21,5,SELL,55,5.55,False
NVDA,2022-03-21,10,SELL,55,2.34,False
NVDA,2022-03-21,20,SELL,55,-16.97,True
NVDA,2022-03-22,5,SELL,55,8.04,False
NVDA,2022-03-22,10,SELL,55,-2.24,True
NVDA,2022-03-22,20,SELL,55,-19.01,True
NVDA,2022-03-23,5,SELL,55,8.02,False
NVDA,2022-03-23,10,SELL,55,-4.79,True
NVDA,2022-03-23,20,SELL,55,-21.26,True
NVDA,2022-04-01,5,BUY,55,-13.45,False
NVDA,2022-04-01,10,BUY,55,-18.45,False
NVDA,2022-04-01,20,BUY,55,-26.88,False
NVDA,2022-04-04,5,BUY,55,-19.89,False
NVDA,2022-04-04,10,BUY,55,-18.87,False
NVDA,2022-04-04,20,BUY,55,-28.36,False
NVDA,2022-04-05,5,BUY,55,-17.07,False
NVDA,2022-04-05,10,BUY,55,-17.16,False
NVDA,2022-04-05,20,BUY,55,-21.58,False
NVDA,2022-04-06,5,BUY,55,-9.03,False
NVDA,2022-04-06,10,BUY,55,-17.31,False
NVDA,2022-04-06,20,BUY,55,-22.79,False
NVDA,2022-04-07,5,BUY,55,-12.19,False
NVDA,2022-04-07,10,BUY,55,-19.39,False
NVDA,2022-04-07,20,BUY,55,-22.86,False
NVDA,2022-04-08,5,BUY,55,-5.78,False
NVDA,2022-04-08,10,BUY,55,-13.91,False
NVDA,2022-04-08,20,BUY,55,-26.68,False
NVDA,2022-04-11,5,BUY,55,1.28,True
NVDA,2022-04-11,10,BUY,55,-14.28,False
NVDA,2022-04-11,20,BUY,55,-19.72,False
NVDA,2022-04-12,5,BUY,55,-0.1,False
NVDA,2022-04-12,10,BUY,55,-14.36,False
NVDA,2022-04-12,20,BUY,55,-22.67,False
NVDA,2022-04-13,5,BUY,55,-9.1,False
NVDA,2022-04-13,10,BUY,55,-10.9,False
NVDA,2022-04-13,20,BUY,55,-27.15,False
NVDA,2022-04-14,5,BUY,55,-8.2,False
NVDA,2022-04-14,10,BUY,55,-12.75,False
NVDA,2022-04-14,20,BUY,55,-16.71,False
NVDA,2022-04-18,5,BUY,55,-8.64,False
NVDA,2022-04-18,10,BUY,55,-10.33,False
NVDA,2022-04-18,20,BUY,55,-20.75,False
NVDA,2022-04-19,5,BUY,55,-15.36,False
NVDA,2022-04-19,10,BUY,55,-11.69,False
NVDA,2022-04-19,20,BUY,55,-18.11,False
NVDA,2022-04-20,5,BUY,55,-14.28,False
NVDA,2022-04-20,10,BUY,55,-5.34,False
NVDA,2022-04-20,20,BUY,55,-21.15,False
NVDA,2022-04-21,5,BUY,55,-1.99,False
NVDA,2022-04-21,10,BUY,55,-6.63,False
NVDA,2022-04-21,20,BUY,55,-15.16,False
NVDA,2022-04-25,5,BUY,55,-1.85,False
NVDA,2022-04-25,10,BUY,55,-14.83,False
NVDA,2022-04-25,20,BUY,55,-15.09,False
NVDA,2022-04-26,5,BUY,55,4.33,True
NVDA,2022-04-26,10,BUY,55,-6.35,False
NVDA,2022-04-26,20,BUY,55,-14.02,False
NVDA,2022-04-27,5,BUY,55,10.42,True
NVDA,2022-04-27,10,BUY,55,-9.69,False
NVDA,2022-04-27,20,BUY,55,-7.82,False
NVDA,2022-04-28,5,BUY,55,-4.74,False
NVDA,2022-04-28,10,BUY,55,-18.23,False
NVDA,2022-04-28,20,BUY,55,-9.76,False
NVDA,2022-04-29,5,BUY,55,0.69,True
NVDA,2022-04-29,10,BUY,55,-4.53,False
NVDA,2022-04-29,20,BUY,55,1.42,True
NVDA,2022-05-02,5,BUY,55,-13.22,False
NVDA,2022-05-02,10,BUY,55,-11.62,False
NVDA,2022-05-02,20,BUY,55,-4.41,False
NVDA,2022-05-03,5,BUY,55,-10.24,False
NVDA,2022-05-03,10,BUY,55,-7.27,False
NVDA,2022-05-03,20,BUY,55,-6.54,False
NVDA,2022-05-04,5,BUY,55,-18.22,False
NVDA,2022-05-04,10,BUY,55,-16.7,False
NVDA,2022-05-04,20,BUY,55,-3.65,False
NVDA,2022-05-05,5,BUY,55,-14.16,False
NVDA,2022-05-05,10,BUY,55,-9.13,False
NVDA,2022-05-05,20,BUY,55,-0.66,False
NVDA,2022-05-06,5,BUY,55,-5.19,False
NVDA,2022-05-06,10,BUY,55,-10.61,False
NVDA,2022-05-06,20,BUY,55,0.59,True
NVDA,2022-05-09,5,BUY,55,1.85,True
NVDA,2022-05-09,10,BUY,55,-0.31,False
NVDA,2022-05-09,20,BUY,55,11.66,True
NVDA,2022-05-10,5,BUY,55,3.31,True
NVDA,2022-05-10,10,BUY,55,-8.19,False
NVDA,2022-05-10,20,BUY,55,6.01,True
NVDA,2022-05-11,5,BUY,55,1.85,True
NVDA,2022-05-11,10,BUY,55,2.07,True
NVDA,2022-05-11,20,BUY,55,8.55,True
NVDA,2022-05-12,5,BUY,55,5.87,True
NVDA,2022-05-12,10,BUY,55,10.36,True
NVDA,2022-05-12,20,BUY,55,4.96,True
NVDA,2022-05-13,5,BUY,55,-5.72,False
NVDA,2022-05-13,10,BUY,55,6.24,True
NVDA,2022-05-13,20,BUY,55,-11.61,False
NVDA,2022-05-16,5,BUY,55,-2.12,False
NVDA,2022-05-16,10,BUY,55,8.16,True
NVDA,2022-05-16,20,BUY,55,-8.25,False
NVDA,2022-05-17,5,BUY,55,-11.13,False
NVDA,2022-05-17,10,BUY,55,0.79,True
NVDA,2022-05-17,20,BUY,55,-9.06,False
NVDA,2022-05-18,5,BUY,55,0.22,True
NVDA,2022-05-18,10,BUY,55,15.67,True
NVDA,2022-05-18,20,BUY,55,-7.87,False
NVDA,2022-05-19,5,BUY,55,4.25,True
NVDA,2022-05-19,10,BUY,55,9.32,True
NVDA,2022-05-19,20,BUY,55,-7.25,False
NVDA,2022-05-20,5,BUY,55,12.68,True
NVDA,2022-05-20,10,BUY,55,12.53,True
NVDA,2022-05-20,20,BUY,55,-0.75,False
NVDA,2022-05-23,5,BUY,55,10.5,True
NVDA,2022-05-23,10,BUY,55,12.0,True
NVDA,2022-05-23,20,BUY,55,-3.16,False
NVDA,2022-05-24,5,BUY,55,13.41,True
NVDA,2022-05-24,10,BUY,55,15.46,True
NVDA,2022-05-24,20,BUY,55,0.46,True
NVDA,2022-05-25,5,BUY,55,15.42,True
NVDA,2022-05-25,10,BUY,55,6.34,True
NVDA,2022-05-25,20,BUY,55,0.91,True
NVDA,2022-05-26,5,BUY,55,4.87,True
NVDA,2022-05-26,10,BUY,55,-4.89,False
NVDA,2022-05-26,20,BUY,55,-5.48,False
NVDA,2022-05-27,5,BUY,55,-0.13,False
NVDA,2022-05-27,10,BUY,55,-16.8,False
NVDA,2022-05-27,20,BUY,55,-15.02,False
NVDA,2022-05-31,5,BUY,55,1.36,True
NVDA,2022-05-31,10,BUY,55,-15.17,False
NVDA,2022-05-31,20,BUY,55,-16.75,False
NVDA,2022-06-01,5,BUY,55,1.81,True
NVDA,2022-06-01,10,BUY,55,-9.77,False
NVDA,2022-06-01,20,BUY,55,-17.24,False
NVDA,2022-06-02,5,BUY,55,-7.86,False
NVDA,2022-06-02,10,BUY,55,-20.35,False
NVDA,2022-06-02,20,BUY,55,-25.86,False
NVDA,2022-06-03,5,BUY,55,-9.31,False
NVDA,2022-06-03,10,BUY,55,-15.15,False
NVDA,2022-06-03,20,BUY,55,-20.05,False
NVDA,2022-06-06,5,BUY,55,-16.69,False
NVDA,2022-06-06,10,BUY,55,-11.8,False
NVDA,2022-06-06,20,BUY,55,-19.44,False
NVDA,2022-06-07,5,BUY,55,-16.31,False
NVDA,2022-06-07,10,BUY,55,-13.54,False
NVDA,2022-06-07,20,BUY,55,-16.19,False
NVDA,2022-06-09,5,SELL,55,-13.56,True
NVDA,2022-06-09,10,SELL,55,-5.11,True
NVDA,2022-06-09,20,SELL,55,-16.05,True
NVDA,2022-06-10,5,SELL,55,-6.45,True
NVDA,2022-06-10,10,SELL,55,-0.62,True
NVDA,2022-06-10,20,SELL,55,-11.15,True
NVDA,2022-06-13,5,SELL,55,5.87,False
NVDA,2022-06-13,10,SELL,55,2.14,False
NVDA,2022-06-13,20,SELL,55,-3.09,True
NVDA,2022-06-14,5,SELL,55,3.31,False
NVDA,2022-06-14,10,SELL,55,-1.86,True
NVDA,2022-06-14,20,SELL,55,-2.93,True
NVDA,2022-06-15,5,SELL,55,-1.83,True
NVDA,2022-06-15,10,SELL,55,-8.28,True
NVDA,2022-06-15,20,SELL,55,-4.63,True
NVDA,2022-06-16,5,SELL,55,9.78,False
NVDA,2022-06-16,10,SELL,55,-6.91,True
NVDA,2022-06-16,20,SELL,55,3.2,False
NVDA,2022-06-17,5,SELL,55,6.23,False
NVDA,2022-06-17,10,SELL,55,-5.77,True
NVDA,2022-06-17,20,SELL,55,7.0,False
NVDA,2022-06-21,5,SELL,55,-3.53,True
NVDA,2022-06-21,10,SELL,55,-8.67,True
NVDA,2022-06-21,20,SELL,55,7.49,False
NVDA,2022-06-22,5,SELL,55,-5.0,True
NVDA,2022-06-22,10,SELL,55,-3.07,True
NVDA,2022-06-22,20,SELL,55,10.33,False
NVDA,2022-06-24,5,SELL,55,-15.2,True
NVDA,2022-06-24,10,SELL,55,-11.53,True
NVDA,2022-06-24,20,SELL,55,-0.6,True
NVDA,2022-06-27,5,SELL,55,-11.29,True
NVDA,2022-06-27,10,SELL,55,-10.59,True
NVDA,2022-06-27,20,SELL,55,-1.99,True
NVDA,2022-06-28,5,SELL,55,-5.33,True
NVDA,2022-06-28,10,SELL,55,-5.12,True
NVDA,2022-06-28,20,SELL,55,11.31,False
NVDA,2022-06-29,5,SELL,55,2.03,False
NVDA,2022-06-29,10,SELL,55,-1.09,True
NVDA,2022-06-29,20,SELL,55,15.71,False
NVDA,2022-06-30,5,SELL,55,4.48,False
NVDA,2022-06-30,10,SELL,55,3.98,False
NVDA,2022-06-30,20,SELL,55,19.82,False
NVDA,2022-07-01,5,SELL,55,4.33,False
NVDA,2022-07-01,10,SELL,55,10.87,False
NVDA,2022-07-01,20,SELL,55,26.98,False
NVDA,2022-07-05,5,SELL,55,0.79,False
NVDA,2022-07-05,10,SELL,55,13.55,False
NVDA,2022-07-05,20,SELL,55,23.8,False
NVDA,2022-07-06,5,SELL,55,0.22,False
NVDA,2022-07-06,10,SELL,55,17.69,False
NVDA,2022-07-06,20,SELL,55,24.87,False
NVDA,2022-07-11,5,BUY,55,6.26,True
NVDA,2022-07-11,10,BUY,55,12.35,True
NVDA,2022-07-11,20,BUY,55,17.43,True
NVDA,2022-07-12,5,BUY,55,12.66,True
NVDA,2022-07-12,10,BUY,55,9.62,True
NVDA,2022-07-12,20,BUY,55,13.29,True
NVDA,2022-07-13,5,BUY,55,17.43,True
NVDA,2022-07-13,10,BUY,55,17.32,True
NVDA,2022-07-13,20,BUY,55,19.34,True
NVDA,2022-07-14,5,BUY,55,17.42,True
NVDA,2022-07-14,10,BUY,55,16.99,True
NVDA,2022-07-14,20,BUY,55,16.72,True
NVDA,2022-07-15,5,BUY,55,9.88,True
NVDA,2022-07-15,10,BUY,55,15.23,True
NVDA,2022-07-15,20,BUY,55,18.7,True
NVDA,2022-07-18,5,BUY,55,5.73,True
NVDA,2022-07-18,10,BUY,55,14.53,True
NVDA,2022-07-18,20,BUY,55,18.2,True
NVDA,2022-07-19,5,BUY,55,-2.7,False
NVDA,2022-07-19,10,BUY,55,9.03,True
NVDA,2022-07-19,20,BUY,55,11.11,True
NVDA,2022-07-25,5,BUY,55,8.32,True
NVDA,2022-07-25,10,BUY,55,4.52,True
NVDA,2022-07-25,20,BUY,55,0.06,True
NVDA,2022-07-26,5,BUY,55,12.05,True
NVDA,2022-07-26,10,BUY,55,3.34,True
NVDA,2022-07-26,20,BUY,55,3.92,True
NVDA,2022-07-27,5,BUY,55,6.2,True
NVDA,2022-07-27,10,BUY,55,1.73,True
NVDA,2022-07-27,20,BUY,55,-3.19,False
NVDA,2022-07-28,5,BUY,55,6.84,True
NVDA,2022-07-28,10,BUY,55,-0.23,False
NVDA,2022-07-28,20,BUY,55,-0.39,False
NVDA,2022-07-29,5,BUY,55,4.55,True
NVDA,2022-07-29,10,BUY,55,3.01,True
NVDA,2022-07-29,20,BUY,55,-10.48,False
NVDA,2022-08-05,5,SELL,55,-1.47,True
NVDA,2022-08-05,10,SELL,55,-6.0,True
NVDA,2022-08-05,20,SELL,55,-28.13,True
NVDA,2022-08-09,5,BUY,55,10.49,True
NVDA,2022-08-09,10,BUY,55,0.56,True
NVDA,2022-08-09,20,BUY,55,-19.71,False
NVDA,2022-08-10,5,BUY,55,1.32,True
NVDA,2022-08-10,10,BUY,55,-4.84,False
NVDA,2022-08-10,20,BUY,55,-22.67,False
NVDA,2022-08-11,5,BUY,55,4.63,True
NVDA,2022-08-11,10,BUY,55,-0.16,False
NVDA,2022-08-11,20,BUY,55,-19.79,False
NVDA,2022-08-12,5,BUY,55,-4.6,False
NVDA,2022-08-12,10,BUY,55,-13.09,False
NVDA,2022-08-12,20,BUY,55,-22.45,False
NVDA,2022-08-15,5,BUY,55,-10.5,False
NVDA,2022-08-15,10,BUY,55,-16.98,False
NVDA,2022-08-15,20,BUY,55,-30.99,False
NVDA,2022-08-16,5,BUY,55,-8.99,False
NVDA,2022-08-16,10,BUY,55,-18.07,False
NVDA,2022-08-16,20,BUY,55,-30.44,False
NVDA,2022-08-17,5,BUY,55,-6.07,False
NVDA,2022-08-17,10,BUY,55,-17.68,False
NVDA,2022-08-17,20,BUY,55,-29.46,False
NVDA,2022-08-22,5,SELL,55,-7.24,True
NVDA,2022-08-22,10,SELL,55,-20.95,True
NVDA,2022-08-22,20,SELL,55,-22.63,True
NVDA,2022-08-23,5,SELL,55,-9.97,True
NVDA,2022-08-23,10,SELL,55,-20.16,True
NVDA,2022-08-23,20,SELL,55,-22.79,True
NVDA,2022-08-24,5,SELL,55,-12.36,True
NVDA,2022-08-24,10,SELL,55,-18.74,True
NVDA,2022-08-24,20,SELL,55,-27.04,True
NVDA,2022-08-26,5,BUY,55,-16.07,False
NVDA,2022-08-26,10,BUY,55,-10.77,False
NVDA,2022-08-26,20,BUY,55,-24.77,False
NVDA,2022-08-29,5,BUY,55,-14.78,False
NVDA,2022-08-29,10,BUY,55,-16.87,False
NVDA,2022-08-29,20,BUY,55,-21.42,False
NVDA,2022-08-30,5,BUY,55,-11.31,False
NVDA,2022-08-30,10,BUY,55,-15.1,False
NVDA,2022-08-30,20,BUY,55,-17.64,False
NVDA,2022-08-31,5,BUY,55,-7.29,False
NVDA,2022-08-31,10,BUY,55,-14.32,False
NVDA,2022-08-31,20,BUY,55,-19.02,False
NVDA,2022-09-01,5,BUY,55,3.26,True
NVDA,2022-09-01,10,BUY,55,-5.27,False
NVDA,2022-09-01,20,BUY,55,-12.88,False
NVDA,2022-09-02,5,BUY,55,6.32,True
NVDA,2022-09-02,10,BUY,55,-1.91,False
NVDA,2022-09-02,20,BUY,55,-8.29,False
NVDA,2022-09-06,5,BUY,55,-2.45,False
NVDA,2022-09-06,10,BUY,55,-2.12,False
NVDA,2022-09-06,20,BUY,55,-2.18,False
NVDA,2022-09-08,5,BUY,55,-7.58,False
NVDA,2022-09-08,10,BUY,55,-10.21,False
NVDA,2022-09-08,20,BUY,55,-6.15,False
NVDA,2022-09-09,5,BUY,55,-8.26,False
NVDA,2022-09-09,10,BUY,55,-13.0,False
NVDA,2022-09-09,20,BUY,55,-16.06,False
NVDA,2022-09-12,5,BUY,55,-7.74,False
NVDA,2022-09-12,10,BUY,55,-15.7,False
NVDA,2022-09-12,20,BUY,55,-19.54,False
NVDA,2022-09-13,5,BUY,55,0.34,True
NVDA,2022-09-13,10,BUY,55,-5.47,False
NVDA,2022-09-13,20,BUY,55,-11.77,False
NVDA,2022-09-14,5,BUY,55,1.01,True
NVDA,2022-09-14,10,BUY,55,-2.99,False
NVDA,2022-09-14,20,BUY,55,-12.4,False
NVDA,2022-09-15,5,BUY,55,-2.85,False
NVDA,2022-09-15,10,BUY,55,-5.48,False
NVDA,2022-09-15,20,BUY,55,-7.49,False
NVDA,2022-09-16,5,BUY,55,-5.17,False
NVDA,2022-09-16,10,BUY,55,-8.02,False
NVDA,2022-09-16,20,BUY,55,-14.93,False
NVDA,2022-09-19,5,BUY,55,-8.62,False
NVDA,2022-09-19,10,BUY,55,-6.5,False
NVDA,2022-09-19,20,BUY,55,-11.16,False
NVDA,2022-09-20,5,BUY,55,-5.79,False
NVDA,2022-09-20,10,BUY,55,-0.07,False
NVDA,2022-09-20,20,BUY,55,-9.18,False
NVDA,2022-09-21,5,BUY,55,-3.96,False
NVDA,2022-09-21,10,BUY,55,-0.39,False
NVDA,2022-09-21,20,BUY,55,-9.12,False
NVDA,2022-09-22,5,BUY,55,-2.71,False
NVDA,2022-09-22,10,BUY,55,4.53,True
NVDA,2022-09-22,20,BUY,55,-2.92,False
NVDA,2022-09-23,5,BUY,55,-3.01,False
NVDA,2022-09-23,10,BUY,55,-3.52,False
NVDA,2022-09-23,20,BUY,55,-0.4,False
NVDA,2022-09-26,5,BUY,55,2.32,True
NVDA,2022-09-26,10,BUY,55,-4.56,False
NVDA,2022-09-26,20,BUY,55,3.03,True
NVDA,2022-09-27,5,BUY,55,6.07,True
NVDA,2022-09-27,10,BUY,55,-6.66,False
NVDA,2022-09-27,20,BUY,55,6.83,True
NVDA,2022-09-28,5,BUY,55,3.71,True
NVDA,2022-09-28,10,BUY,55,-9.7,False
NVDA,2022-09-28,20,BUY,55,1.26,True
NVDA,2022-09-29,5,BUY,55,7.45,True
NVDA,2022-09-29,10,BUY,55,-2.13,False
NVDA,2022-09-29,20,BUY,55,7.82,True
NVDA,2022-09-30,5,BUY,55,-0.52,False
NVDA,2022-09-30,10,BUY,55,-7.51,False
NVDA,2022-09-30,20,BUY,55,13.96,True
NVDA,2022-10-04,5,SELL,55,-12.01,True
NVDA,2022-10-04,10,SELL,55,-9.11,True
NVDA,2022-10-04,20,SELL,55,2.86,False
NVDA,2022-10-05,5,SELL,55,-12.94,True
NVDA,2022-10-05,10,SELL,55,-8.77,True
NVDA,2022-10-05,20,SELL,55,0.08,False
NVDA,2022-10-06,5,SELL,55,-8.91,True
NVDA,2022-10-06,10,SELL,55,-7.13,True
NVDA,2022-10-06,20,SELL,55,2.22,False
NVDA,2022-10-10,5,BUY,55,1.87,True
NVDA,2022-10-10,10,BUY,55,7.96,True
NVDA,2022-10-10,20,BUY,55,22.55,True
NVDA,2022-10-11,5,BUY,55,3.29,True
NVDA,2022-10-11,10,BUY,55,14.46,True
NVDA,2022-10-11,20,BUY,55,26.03,True
NVDA,2022-10-12,5,BUY,55,4.79,True
NVDA,2022-10-12,10,BUY,55,12.14,True
NVDA,2022-10-12,20,BUY,55,19.79,True
NVDA,2022-10-13,5,BUY,55,1.96,True
NVDA,2022-10-13,10,BUY,55,10.17,True
NVDA,2022-10-13,20,BUY,55,31.69,True
NVDA,2022-10-14,5,BUY,55,11.04,True
NVDA,2022-10-14,10,BUY,55,23.22,True
NVDA,2022-10-14,20,BUY,55,45.43,True
NVDA,2022-10-17,5,BUY,55,5.98,True
NVDA,2022-10-17,10,BUY,55,13.53,True
NVDA,2022-10-17,20,BUY,55,37.07,True
NVDA,2022-10-18,5,BUY,55,10.81,True
NVDA,2022-10-18,10,BUY,55,13.17,True
NVDA,2022-10-18,20,BUY,55,39.27,True
NVDA,2022-10-19,5,BUY,55,7.01,True
NVDA,2022-10-19,10,BUY,55,9.69,True
NVDA,2022-10-19,20,BUY,55,32.02,True
NVDA,2022-10-20,5,BUY,55,8.05,True
NVDA,2022-10-20,10,BUY,55,10.06,True
NVDA,2022-10-20,20,BUY,55,28.56,True
NVDA,2022-10-21,5,BUY,55,10.97,True
NVDA,2022-10-21,10,BUY,55,13.56,True
NVDA,2022-10-21,20,BUY,55,23.61,True
NVDA,2022-10-24,5,BUY,55,7.13,True
NVDA,2022-10-24,10,BUY,55,13.51,True
NVDA,2022-10-24,20,BUY,55,21.57,True
NVDA,2022-11-07,5,SELL,55,13.94,False
NVDA,2022-11-07,10,SELL,55,7.1,False
NVDA,2022-11-07,20,SELL,55,11.82,False
NVDA,2022-11-09,5,SELL,55,15.49,False
NVDA,2022-11-09,10,SELL,55,19.91,False
NVDA,2022-11-09,20,SELL,55,24.66,False
NVDA,2022-11-11,5,SELL,55,-5.62,True
NVDA,2022-11-11,10,SELL,55,-3.06,True
NVDA,2022-11-11,20,SELL,55,7.43,False
NVDA,2022-11-14,5,SELL,55,-6.0,True
NVDA,2022-11-14,10,SELL,55,-4.03,True
NVDA,2022-11-14,20,SELL,55,10.93,False
NVDA,2022-11-15,5,SELL,55,-3.77,True
NVDA,2022-11-15,10,SELL,55,1.57,False
NVDA,2022-11-15,20,SELL,55,6.08,False
NVDA,2022-11-25,5,SELL,55,3.75,False
NVDA,2022-11-25,10,SELL,55,4.52,False
NVDA,2022-11-25,20,SELL,55,-6.52,True
NVDA,2022-11-28,5,SELL,55,4.97,False
NVDA,2022-11-28,10,SELL,55,10.82,False
NVDA,2022-11-28,20,SELL,55,-10.76,True
NVDA,2022-11-29,5,SELL,55,2.25,False
NVDA,2022-11-29,10,SELL,55,15.59,False
NVDA,2022-11-29,20,SELL,55,-10.23,True
NVDA,2022-11-30,5,SELL,55,-4.75,True
NVDA,2022-11-30,10,SELL,55,4.44,False
NVDA,2022-11-30,20,SELL,55,-13.71,True
NVDA,2022-12-01,5,SELL,55,0.2,False
NVDA,2022-12-01,10,SELL,55,-1.07,True
NVDA,2022-12-01,20,SELL,55,-14.71,True
NVDA,2022-12-02,5,SELL,55,0.74,False
NVDA,2022-12-02,10,SELL,55,-1.81,True
NVDA,2022-12-02,20,SELL,55,-15.18,True
NVDA,2022-12-05,5,SELL,55,5.57,False
NVDA,2022-12-05,10,SELL,55,-2.14,True
NVDA,2022-12-05,20,SELL,55,-11.2,True
NVDA,2022-12-06,5,SELL,55,13.04,False
NVDA,2022-12-06,10,SELL,55,0.61,False
NVDA,2022-12-06,20,SELL,55,-10.77,True
NVDA,2022-12-07,5,SELL,55,9.64,False
NVDA,2022-12-07,10,SELL,55,2.36,False
NVDA,2022-12-07,20,SELL,55,-7.82,True
NVDA,2022-12-08,5,SELL,55,-1.26,True
NVDA,2022-12-08,10,SELL,55,-10.66,True
NVDA,2022-12-08,20,SELL,55,-8.98,True
NVDA,2022-12-09,5,SELL,55,-2.53,True
NVDA,2022-12-09,10,SELL,55,-10.56,True
NVDA,2022-12-09,20,SELL,55,-6.42,True
NVDA,2022-12-12,5,SELL,55,-7.31,True
NVDA,2022-12-12,10,SELL,55,-19.47,True
NVDA,2022-12-12,20,SELL,55,-8.75,True
NVDA,2022-12-13,5,SELL,55,-10.99,True
NVDA,2022-12-13,10,SELL,55,-22.33,True
NVDA,2022-12-13,20,SELL,55,-8.64,True
NVDA,2022-12-14,5,SELL,55,-6.64,True
NVDA,2022-12-14,10,SELL,55,-17.38,True
NVDA,2022-12-14,20,SELL,55,-4.38,True
NVDA,2022-12-19,5,SELL,55,-13.12,True
NVDA,2022-12-19,10,SELL,55,-9.26,True
NVDA,2022-12-19,20,SELL,55,3.14,False
NVDA,2022-12-21,5,SELL,55,-11.5,True
NVDA,2022-12-21,10,SELL,55,-9.95,True
NVDA,2022-12-21,20,SELL,55,16.31,False
NVDA,2022-12-27,5,BUY,55,4.45,True
NVDA,2022-12-27,10,BUY,55,13.31,True
NVDA,2022-12-27,20,BUY,55,40.23,True
NVDA,2022-12-28,5,BUY,55,1.63,True
NVDA,2022-12-28,10,BUY,55,17.63,True
NVDA,2022-12-28,20,BUY,55,45.09,True
NVDA,2022-12-29,5,BUY,55,1.75,True
NVDA,2022-12-29,10,BUY,55,15.72,True
NVDA,2022-12-29,20,BUY,55,31.22,True
NVDA,2022-12-30,5,BUY,55,6.94,True
NVDA,2022-12-30,10,BUY,55,21.13,True
NVDA,2022-12-30,20,BUY,55,33.69,True
NVDA,2023-01-03,5,BUY,55,11.14,True
NVDA,2023-01-03,10,BUY,55,21.39,True
NVDA,2023-01-03,20,BUY,55,46.3,True
NVDA,2023-01-04,5,BUY,55,8.49,True
NVDA,2023-01-04,10,BUY,55,13.67,True
NVDA,2023-01-04,20,BUY,55,47.19,True
NVDA,2023-01-05,5,BUY,55,15.74,True
NVDA,2023-01-05,10,BUY,55,25.05,True
NVDA,2023-01-05,20,BUY,55,47.91,True
NVDA,2023-01-06,5,BUY,55,13.73,True
NVDA,2023-01-06,10,BUY,55,29.17,True
NVDA,2023-01-06,20,BUY,55,41.93,True
NVDA,2023-01-09,5,BUY,55,13.27,True
NVDA,2023-01-09,10,BUY,55,23.27,True
NVDA,2023-01-09,20,BUY,55,41.88,True
NVDA,2023-01-10,5,BUY,55,9.23,True
NVDA,2023-01-10,10,BUY,55,21.46,True
NVDA,2023-01-10,20,BUY,55,39.58,True
NVDA,2023-01-12,5,BUY,55,8.04,True
NVDA,2023-01-12,10,BUY,55,23.34,True
NVDA,2023-01-12,20,BUY,55,28.79,True
NVDA,2023-01-25,5,BUY,55,8.38,True
NVDA,2023-01-25,10,BUY,55,14.91,True
NVDA,2023-01-25,20,BUY,55,22.47,True
NVDA,2023-01-27,5,BUY,55,3.61,True
NVDA,2023-01-27,10,BUY,55,4.42,True
NVDA,2023-01-27,20,BUY,55,15.4,True
NVDA,2023-01-30,5,BUY,55,10.06,True
NVDA,2023-01-30,10,BUY,55,13.7,True
NVDA,2023-01-30,20,BUY,55,21.16,True
NVDA,2023-01-31,5,BUY,55,13.49,True
NVDA,2023-01-31,10,BUY,55,17.58,True
NVDA,2023-01-31,20,BUY,55,16.18,True
NVDA,2023-02-01,5,BUY,55,6.03,True
NVDA,2023-02-01,10,BUY,55,8.7,True
NVDA,2023-02-01,20,BUY,55,11.32,True
NVDA,2023-02-02,5,BUY,55,2.89,True
NVDA,2023-02-02,10,BUY,55,1.35,True
NVDA,2023-02-02,20,BUY,55,10.05,True
NVDA,2023-02-03,5,BUY,55,0.78,True
NVDA,2023-02-03,10,BUY,55,1.36,True
NVDA,2023-02-03,20,BUY,55,11.63,True
NVDA,2023-02-06,5,BUY,55,3.31,True
NVDA,2023-02-06,10,BUY,55,-2.06,False
NVDA,2023-02-06,20,BUY,55,10.45,True
NVDA,2023-02-07,5,BUY,55,3.6,True
NVDA,2023-02-07,10,BUY,55,-6.4,False
NVDA,2023-02-07,20,BUY,55,9.07,True
NVDA,2023-02-08,5,BUY,55,2.52,True
NVDA,2023-02-08,10,BUY,55,6.57,True
NVDA,2023-02-08,20,BUY,55,5.56,True
NVDA,2023-02-09,5,BUY,55,-1.5,False
NVDA,2023-02-09,10,BUY,55,4.25,True
NVDA,2023-02-09,20,BUY,55,2.83,True
NVDA,2023-02-10,5,BUY,55,0.58,True
NVDA,2023-02-10,10,BUY,55,10.51,True
NVDA,2023-02-10,20,BUY,55,8.02,True
NVDA,2023-02-13,5,BUY,55,-5.2,False
NVDA,2023-02-13,10,BUY,55,6.55,True
NVDA,2023-02-13,20,BUY,55,10.46,True
NVDA,2023-02-14,5,BUY,55,-9.65,False
NVDA,2023-02-14,10,BUY,55,-1.19,False
NVDA,2023-02-14,20,BUY,55,5.49,True
NVDA,2023-02-15,5,BUY,55,3.95,True
NVDA,2023-02-15,10,BUY,55,2.42,True
NVDA,2023-02-15,20,BUY,55,12.22,True
NVDA,2023-02-16,5,BUY,55,5.84,True
NVDA,2023-02-16,10,BUY,55,8.58,True
NVDA,2023-02-16,20,BUY,55,16.94,True
NVDA,2023-02-17,5,BUY,55,9.88,True
NVDA,2023-02-17,10,BUY,55,10.13,True
NVDA,2023-02-17,20,BUY,55,21.12,True
NVDA,2023-02-21,5,BUY,55,12.4,True
NVDA,2023-02-21,10,BUY,55,12.77,True
NVDA,2023-02-21,20,BUY,55,26.86,True
NVDA,2023-02-22,5,BUY,55,9.37,True
NVDA,2023-02-22,10,BUY,55,16.53,True
NVDA,2023-02-22,20,BUY,55,27.55,True
NVDA,2023-02-23,5,BUY,55,-1.48,False
NVDA,2023-02-23,10,BUY,55,-0.95,False
NVDA,2023-02-23,20,BUY,55,14.92,True
NVDA,2023-02-24,5,BUY,55,2.59,True
NVDA,2023-02-24,10,BUY,55,-1.36,False
NVDA,2023-02-24,20,BUY,55,15.02,True
NVDA,2023-02-27,5,BUY,55,0.23,True
NVDA,2023-02-27,10,BUY,55,-2.26,False
NVDA,2023-02-27,20,BUY,55,12.91,True
NVDA,2023-02-28,5,BUY,55,0.33,True
NVDA,2023-02-28,10,BUY,55,3.67,True
NVDA,2023-02-28,20,BUY,55,13.78,True
NVDA,2023-03-01,5,BUY,55,6.55,True
NVDA,2023-03-01,10,BUY,55,6.76,True
NVDA,2023-03-01,20,BUY,55,18.9,True
NVDA,2023-03-02,5,BUY,55,0.54,True
NVDA,2023-03-02,10,BUY,55,9.57,True
NVDA,2023-03-02,20,BUY,55,17.47,True
NVDA,2023-03-03,5,BUY,55,-3.86,False
NVDA,2023-03-03,10,BUY,55,7.7,True
NVDA,2023-03-03,20,BUY,55,16.29,True
NVDA,2023-03-06,5,BUY,55,-2.48,False
NVDA,2023-03-06,10,BUY,55,9.98,True
NVDA,2023-03-06,20,BUY,55,18.75,True
NVDA,2023-03-13,5,SELL,55,12.78,False
NVDA,2023-03-13,10,SELL,55,15.52,False
NVDA,2023-03-13,20,SELL,55,18.3,False
NVDA,2023-03-22,5,BUY,55,1.95,True
NVDA,2023-03-22,10,BUY,55,1.56,True
NVDA,2023-03-22,20,BUY,55,2.4,True
NVDA,2023-03-23,5,BUY,55,0.71,True
NVDA,2023-03-23,10,BUY,55,-0.57,False
NVDA,2023-03-23,20,BUY,55,-0.26,False
NVDA,2023-03-24,5,BUY,55,3.73,True
NVDA,2023-03-24,10,BUY,55,2.99,True
NVDA,2023-03-24,20,BUY,55,0.98,True
NVDA,2023-03-30,5,SELL,55,-1.26,True
NVDA,2023-03-30,10,SELL,55,-2.28,True
NVDA,2023-03-30,20,SELL,55,1.34,False
NVDA,2023-03-31,5,SELL,55,-0.71,True
NVDA,2023-03-31,10,SELL,55,-2.79,True
NVDA,2023-03-31,20,SELL,55,4.08,False
NVDA,2023-04-03,5,SELL,55,-2.85,True
NVDA,2023-04-03,10,SELL,55,-1.07,True
NVDA,2023-04-03,20,SELL,55,0.88,False
NVDA,2023-04-04,5,SELL,55,-3.49,True
NVDA,2023-04-04,10,SELL,55,1.74,False
NVDA,2023-04-04,20,SELL,55,1.27,False
NVDA,2023-04-11,5,SELL,55,1.83,False
NVDA,2023-04-11,10,SELL,55,-3.42,True
NVDA,2023-04-11,20,SELL,55,5.16,False
NVDA,2023-04-13,5,SELL,55,2.42,False
NVDA,2023-04-13,10,SELL,55,2.88,False
NVDA,2023-04-13,20,SELL,55,7.99,False
NVDA,2023-04-14,5,SELL,55,1.35,False
NVDA,2023-04-14,10,SELL,55,3.7,False
NVDA,2023-04-14,20,SELL,55,5.91,False
NVDA,2023-04-17,5,SELL,55,0.15,False
NVDA,2023-04-17,10,SELL,55,7.07,False
NVDA,2023-04-17,20,SELL,55,7.23,False
NVDA,2023-04-19,5,SELL,55,-3.49,True
NVDA,2023-04-19,10,SELL,55,-0.46,True
NVDA,2023-04-19,20,SELL,55,8.04,False
NVDA,2023-04-20,5,SELL,55,0.45,False
NVDA,2023-04-20,10,SELL,55,1.69,False
NVDA,2023-04-20,20,SELL,55,16.88,False
NVDA,2023-04-21,5,SELL,55,2.32,False
NVDA,2023-04-21,10,SELL,55,5.76,False
NVDA,2023-04-21,20,SELL,55,15.28,False
NVDA,2023-04-24,5,SELL,55,6.91,False
NVDA,2023-04-24,10,SELL,55,7.8,False
NVDA,2023-04-24,20,SELL,55,15.29,False
NVDA,2023-04-25,5,SELL,55,7.5,False
NVDA,2023-04-25,10,SELL,55,8.88,False
NVDA,2023-04-25,20,SELL,55,16.95,False
NVDA,2023-04-26,5,SELL,55,3.14,False
NVDA,2023-04-26,10,SELL,55,7.16,False
NVDA,2023-04-26,20,SELL,55,13.29,False
NVDA,2023-04-27,5,SELL,55,1.23,False
NVDA,2023-04-27,10,SELL,55,4.97,False
NVDA,2023-04-27,20,SELL,55,39.5,False
NVDA,2023-04-28,5,SELL,55,3.36,False
NVDA,2023-04-28,10,SELL,55,2.13,False
NVDA,2023-04-28,20,SELL,55,40.35,False
NVDA,2023-05-04,5,BUY,55,3.69,True
NVDA,2023-05-04,10,BUY,55,14.93,True
NVDA,2023-05-04,20,BUY,55,42.69,True
NVDA,2023-05-23,5,BUY,55,23.29,True
NVDA,2023-05-23,10,BUY,55,22.13,True
NVDA,2023-05-23,20,BUY,55,40.22,True
NVDA,2023-05-24,5,BUY,55,30.23,True
NVDA,2023-05-24,10,BUY,55,26.12,True
NVDA,2023-05-24,20,BUY,55,38.23,True
NVDA,2023-05-25,5,BUY,55,3.55,True
NVDA,2023-05-25,10,BUY,55,2.09,True
NVDA,2023-05-25,20,BUY,55,6.99,True
NVDA,2023-05-26,5,BUY,55,0.58,True
NVDA,2023-05-26,10,BUY,55,1.39,True
NVDA,2023-05-26,20,BUY,55,7.53,True
NVDA,2023-05-30,5,BUY,55,-3.63,False
NVDA,2023-05-30,10,BUY,55,2.28,True
NVDA,2023-05-30,20,BUY,55,2.52,True
NVDA,2023-05-31,5,BUY,55,-0.94,False
NVDA,2023-05-31,10,BUY,55,13.66,True
NVDA,2023-05-31,20,BUY,55,7.91,True
NVDA,2023-06-01,5,BUY,55,-3.16,False
NVDA,2023-06-01,10,BUY,55,7.26,True
NVDA,2023-06-01,20,BUY,55,6.38,True
NVDA,2023-06-02,5,BUY,55,-1.41,False
NVDA,2023-06-02,10,BUY,55,8.57,True
NVDA,2023-06-02,20,BUY,55,7.86,True
NVDA,2023-06-05,5,BUY,55,0.8,True
NVDA,2023-06-05,10,BUY,55,11.85,True
NVDA,2023-06-05,20,BUY,55,8.04,True
NVDA,2023-06-06,5,BUY,55,6.14,True
NVDA,2023-06-06,10,BUY,55,11.37,True
NVDA,2023-06-06,20,BUY,55,8.93,True
NVDA,2023-06-07,5,BUY,55,14.74,True
NVDA,2023-06-07,10,BUY,55,14.81,True
NVDA,2023-06-07,20,BUY,55,13.42,True
NVDA,2023-06-08,5,BUY,55,10.76,True
NVDA,2023-06-08,10,BUY,55,9.61,True
NVDA,2023-06-08,20,BUY,55,9.53,True
NVDA,2023-06-09,5,BUY,55,10.12,True
NVDA,2023-06-09,10,BUY,55,4.8,True
NVDA,2023-06-09,20,BUY,55,9.38,True
NVDA,2023-06-12,5,BUY,55,10.96,True
NVDA,2023-06-12,10,BUY,55,6.06,True
NVDA,2023-06-12,20,BUY,55,11.19,True
NVDA,2023-06-13,5,BUY,55,4.93,True
NVDA,2023-06-13,10,BUY,55,0.23,True
NVDA,2023-06-13,20,BUY,55,12.08,True
NVDA,2023-06-14,5,BUY,55,0.07,True
NVDA,2023-06-14,10,BUY,55,-5.06,False
NVDA,2023-06-14,20,BUY,55,5.75,True
NVDA,2023-06-15,5,BUY,55,-1.04,False
NVDA,2023-06-15,10,BUY,55,-0.82,False
NVDA,2023-06-15,20,BUY,55,8.93,True
NVDA,2023-06-16,5,BUY,55,-4.83,False
NVDA,2023-06-16,10,BUY,55,-0.65,False
NVDA,2023-06-16,20,BUY,55,11.25,True
NVDA,2023-06-20,5,BUY,55,-4.41,False
NVDA,2023-06-20,10,BUY,55,-3.4,False
NVDA,2023-06-20,20,BUY,55,7.46,True
NVDA,2023-06-21,5,BUY,55,-4.48,False
NVDA,2023-06-21,10,BUY,55,-2.19,False
NVDA,2023-06-21,20,BUY,55,5.75,True
NVDA,2023-06-22,5,BUY,55,-5.12,False
NVDA,2023-06-22,10,BUY,55,-1.21,False
NVDA,2023-06-22,20,BUY,55,2.98,True
NVDA,2023-06-23,5,BUY,55,0.22,True
NVDA,2023-06-23,10,BUY,55,-0.07,False
NVDA,2023-06-23,20,BUY,55,5.69,True
NVDA,2023-06-26,5,BUY,55,4.38,True
NVDA,2023-06-26,10,BUY,55,4.36,True
NVDA,2023-06-26,20,BUY,55,12.42,True
NVDA,2023-06-27,5,SELL,55,1.05,False
NVDA,2023-06-27,10,SELL,55,4.84,False
NVDA,2023-06-27,20,SELL,55,8.54,False
NVDA,2023-06-28,5,SELL,55,2.4,False
NVDA,2023-06-28,10,SELL,55,11.82,False
NVDA,2023-06-28,20,SELL,55,11.63,False
NVDA,2023-06-29,5,SELL,55,4.12,False
NVDA,2023-06-29,10,SELL,55,11.38,False
NVDA,2023-06-29,20,SELL,55,14.52,False
NVDA,2023-06-30,5,SELL,55,-0.29,True
NVDA,2023-06-30,10,SELL,55,9.83,False
NVDA,2023-06-30,20,SELL,55,10.47,False
NVDA,2023-07-03,5,SELL,55,-0.02,True
NVDA,2023-07-03,10,SELL,55,11.98,False
NVDA,2023-07-03,20,SELL,55,9.65,False
NVDA,2023-07-05,5,SELL,55,3.75,False
NVDA,2023-07-05,10,SELL,55,11.25,False
NVDA,2023-07-05,20,SELL,55,4.61,False
NVDA,2023-07-06,5,SELL,55,9.2,False
NVDA,2023-07-06,10,SELL,55,8.12,False
NVDA,2023-07-06,20,SELL,55,5.73,False
NVDA,2023-07-07,5,SELL,55,6.98,False
NVDA,2023-07-07,10,SELL,55,4.25,False
NVDA,2023-07-07,20,SELL,55,5.12,False
NVDA,2023-07-10,5,SELL,55,10.15,False
NVDA,2023-07-10,10,SELL,55,5.77,False
NVDA,2023-07-10,20,SELL,55,7.67,False
NVDA,2023-07-11,5,SELL,55,12.0,False
NVDA,2023-07-11,10,SELL,55,7.72,False
NVDA,2023-07-11,20,SELL,55,5.33,False
NVDA,2023-07-12,5,SELL,55,7.23,False
NVDA,2023-07-12,10,SELL,55,3.53,False
NVDA,2023-07-12,20,SELL,55,-3.07,True
NVDA,2023-07-13,5,SELL,55,-0.99,True
NVDA,2023-07-13,10,SELL,55,-0.17,True
NVDA,2023-07-13,20,SELL,55,-7.81,True
NVDA,2023-07-21,5,BUY,55,5.51,True
NVDA,2023-07-21,10,BUY,55,0.84,True
NVDA,2023-07-21,20,BUY,55,-2.28,False
NVDA,2023-07-24,5,BUY,55,4.75,True
NVDA,2023-07-24,10,BUY,55,1.8,True
NVDA,2023-07-24,20,BUY,55,5.28,True
NVDA,2023-07-25,5,BUY,55,1.81,True
NVDA,2023-07-25,10,BUY,55,-2.22,False
NVDA,2023-07-25,20,BUY,55,-0.02,False
NVDA,2023-07-26,5,BUY,55,-2.6,False
NVDA,2023-07-26,10,BUY,55,-6.38,False
NVDA,2023-07-26,20,BUY,55,3.66,True
NVDA,2023-07-27,5,BUY,55,-3.02,False
NVDA,2023-07-27,10,BUY,55,-7.65,False
NVDA,2023-07-27,20,BUY,55,2.75,True
NVDA,2023-08-01,5,SELL,55,-3.96,True
NVDA,2023-08-01,10,SELL,55,-5.52,True
NVDA,2023-08-01,20,SELL,55,4.9,False
NVDA,2023-08-07,5,BUY,55,-3.66,False
NVDA,2023-08-07,10,BUY,55,3.41,True
NVDA,2023-08-07,20,BUY,55,6.89,True
NVDA,2023-08-08,5,BUY,55,-1.62,False
NVDA,2023-08-08,10,BUY,55,2.25,True
NVDA,2023-08-08,20,BUY,55,5.38,True
NVDA,2023-08-09,5,BUY,55,2.19,True
NVDA,2023-08-09,10,BUY,55,10.72,True
NVDA,2023-08-09,20,BUY,55,8.67,True
NVDA,2023-08-10,5,BUY,55,2.26,True
NVDA,2023-08-10,10,BUY,55,11.26,True
NVDA,2023-08-10,20,BUY,55,7.52,True
NVDA,2023-08-11,5,BUY,55,5.98,True
NVDA,2023-08-11,10,BUY,55,12.64,True
NVDA,2023-08-11,20,BUY,55,10.59,True
NVDA,2023-08-14,5,BUY,55,7.35,True
NVDA,2023-08-14,10,BUY,55,7.04,True
NVDA,2023-08-14,20,BUY,55,2.56,True
NVDA,2023-08-15,5,BUY,55,3.93,True
NVDA,2023-08-15,10,BUY,55,11.02,True
NVDA,2023-08-15,20,BUY,55,3.52,True
NVDA,2023-08-16,5,BUY,55,8.35,True
NVDA,2023-08-16,10,BUY,55,13.29,True
NVDA,2023-08-16,20,BUY,55,4.83,True
NVDA,2023-08-17,5,BUY,55,8.81,True
NVDA,2023-08-17,10,BUY,55,13.87,True
NVDA,2023-08-17,20,BUY,55,1.29,True
NVDA,2023-08-18,5,BUY,55,6.28,True
NVDA,2023-08-18,10,BUY,55,12.03,True
NVDA,2023-08-18,20,BUY,55,1.55,True
NVDA,2023-08-21,5,BUY,55,-0.28,False
NVDA,2023-08-21,10,BUY,55,3.37,True
NVDA,2023-08-21,20,BUY,55,-7.33,False
NVDA,2023-08-22,5,BUY,55,6.82,True
NVDA,2023-08-22,10,BUY,55,3.06,True
NVDA,2023-08-22,20,BUY,55,-7.5,False
NVDA,2023-08-23,5,BUY,55,4.56,True
NVDA,2023-08-23,10,BUY,55,-1.85,False
NVDA,2023-08-23,20,BUY,55,-12.94,False
NVDA,2023-08-24,5,BUY,55,4.65,True
NVDA,2023-08-24,10,BUY,55,-3.37,False
NVDA,2023-08-24,20,BUY,55,-11.77,False
NVDA,2023-08-25,5,BUY,55,5.41,True
NVDA,2023-08-25,10,BUY,55,-1.82,False
NVDA,2023-08-25,20,BUY,55,-8.24,False
NVDA,2023-08-28,5,BUY,55,3.66,True
NVDA,2023-08-28,10,BUY,55,-4.19,False
NVDA,2023-08-28,20,BUY,55,-10.51,False
NVDA,2023-08-29,5,BUY,55,-3.52,False
NVDA,2023-08-29,10,BUY,55,-6.75,False
NVDA,2023-08-29,20,BUY,55,-12.94,False
NVDA,2023-08-30,5,BUY,55,-6.13,False
NVDA,2023-08-30,10,BUY,55,-7.47,False
NVDA,2023-08-30,20,BUY,55,-12.53,False
NVDA,2023-08-31,5,BUY,55,-7.66,False
NVDA,2023-08-31,10,BUY,55,-11.05,False
NVDA,2023-08-31,20,BUY,55,-11.86,False
NVDA,2023-09-01,5,BUY,55,-6.86,False
NVDA,2023-09-01,10,BUY,55,-9.36,False
NVDA,2023-09-01,20,BUY,55,-7.68,False
NVDA,2023-09-05,5,BUY,55,-7.57,False
NVDA,2023-09-05,10,BUY,55,-10.35,False
NVDA,2023-09-05,20,BUY,55,-10.36,False
NVDA,2023-09-06,5,BUY,55,-3.35,False
NVDA,2023-09-06,10,BUY,55,-10.25,False
NVDA,2023-09-06,20,BUY,55,-6.42,False
NVDA,2023-09-07,5,BUY,55,-1.43,False
NVDA,2023-09-07,10,BUY,55,-11.3,False
NVDA,2023-09-07,20,BUY,55,-3.36,False
NVDA,2023-09-08,5,BUY,55,-3.67,False
NVDA,2023-09-08,10,BUY,55,-8.69,False
NVDA,2023-09-08,20,BUY,55,0.42,True
NVDA,2023-09-11,5,BUY,55,-2.68,False
NVDA,2023-09-11,10,BUY,55,-6.54,False
NVDA,2023-09-11,20,BUY,55,0.21,True
NVDA,2023-09-12,5,BUY,55,-3.01,False
NVDA,2023-09-12,10,BUY,55,-6.59,False
NVDA,2023-09-12,20,BUY,55,2.07,True
NVDA,2023-09-14,5,SELL,55,-10.01,True
NVDA,2023-09-14,10,SELL,55,-5.47,True
NVDA,2023-09-14,20,SELL,55,2.99,False
NVDA,2023-09-15,5,SELL,55,-5.22,True
NVDA,2023-09-15,10,SELL,55,-0.91,True
NVDA,2023-09-15,20,SELL,55,3.56,False
NVDA,2023-09-18,5,SELL,55,-3.97,True
NVDA,2023-09-18,10,SELL,55,1.86,False
NVDA,2023-09-18,20,SELL,55,4.84,False
NVDA,2023-09-19,5,SELL,55,-3.7,True
NVDA,2023-09-19,10,SELL,55,-0.01,True
NVDA,2023-09-19,20,SELL,55,0.96,False
NVDA,2023-09-20,5,SELL,55,0.54,False
NVDA,2023-09-20,10,SELL,55,4.27,False
NVDA,2023-09-20,20,SELL,55,-0.1,True
NVDA,2023-09-21,5,SELL,55,5.05,False
NVDA,2023-09-21,10,SELL,55,8.95,False
NVDA,2023-09-21,20,SELL,55,2.64,False
NVDA,2023-09-22,5,SELL,55,4.54,False
NVDA,2023-09-22,10,SELL,55,9.98,False
NVDA,2023-09-22,20,SELL,55,-0.54,True
NVDA,2023-09-25,5,SELL,55,6.06,False
NVDA,2023-09-25,10,SELL,55,7.23,False
NVDA,2023-09-25,20,SELL,55,1.78,False
NVDA,2023-09-26,5,SELL,55,3.83,False
NVDA,2023-09-26,10,SELL,55,9.27,False
NVDA,2023-09-26,20,SELL,55,4.18,False
NVDA,2023-09-28,5,SELL,55,3.71,False
NVDA,2023-09-28,10,SELL,55,8.95,False
NVDA,2023-09-28,20,SELL,55,-6.41,True
NVDA,2023-09-29,5,SELL,55,5.2,False
NVDA,2023-09-29,10,SELL,55,4.51,False
NVDA,2023-09-29,20,SELL,55,-6.89,True
NVDA,2023-10-02,5,SELL,55,1.1,False
NVDA,2023-10-02,10,SELL,55,2.93,False
NVDA,2023-10-02,20,SELL,55,-8.09,True
NVDA,2023-10-03,5,SELL,55,5.24,False
NVDA,2023-10-03,10,SELL,55,0.97,False
NVDA,2023-10-03,20,SELL,55,-6.29,True
NVDA,2023-10-04,5,SELL,55,6.28,False
NVDA,2023-10-04,10,SELL,55,-4.19,True
NVDA,2023-10-04,20,SELL,55,-3.9,True
NVDA,2023-10-05,5,SELL,55,5.05,False
NVDA,2023-10-05,10,SELL,55,-5.79,True
NVDA,2023-10-05,20,SELL,55,-2.65,True
NVDA,2023-10-06,5,SELL,55,-0.66,True
NVDA,2023-10-06,10,SELL,55,-9.56,True
NVDA,2023-10-06,20,SELL,55,-1.65,True
NVDA,2023-10-17,5,BUY,55,-0.63,False
NVDA,2023-10-17,10,BUY,55,-7.19,False
NVDA,2023-10-17,20,BUY,55,13.01,True
NVDA,2023-10-18,5,BUY,55,-0.99,False
NVDA,2023-10-18,10,BUY,55,0.31,True
NVDA,2023-10-18,20,BUY,55,15.86,True
NVDA,2023-10-19,5,BUY,55,-4.22,False
NVDA,2023-10-19,10,BUY,55,3.34,True
NVDA,2023-10-19,20,BUY,55,17.53,True
NVDA,2023-10-20,5,BUY,55,-2.14,False
NVDA,2023-10-20,10,BUY,55,8.74,True
NVDA,2023-10-20,20,BUY,55,19.11,True
NVDA,2023-10-23,5,BUY,55,-4.22,False
NVDA,2023-10-23,10,BUY,55,6.46,True
NVDA,2023-10-23,20,BUY,55,17.3,True
NVDA,2023-10-24,5,BUY,55,-6.6,False
NVDA,2023-10-24,10,BUY,55,5.25,True
NVDA,2023-10-24,20,BUY,55,14.39,True
NVDA,2023-10-25,5,BUY,55,1.31,True
NVDA,2023-10-25,10,BUY,55,11.48,True
NVDA,2023-10-25,20,BUY,55,16.6,True
NVDA,2023-10-26,5,BUY,55,7.89,True
NVDA,2023-10-26,10,BUY,55,16.43,True
NVDA,2023-10-26,20,BUY,55,18.47,True
NVDA,2023-10-27,5,BUY,55,11.12,True
NVDA,2023-10-27,10,BUY,55,19.35,True
NVDA,2023-10-27,20,BUY,55,19.12,True
NVDA,2023-10-30,5,BUY,55,11.15,True
NVDA,2023-10-30,10,BUY,55,18.12,True
NVDA,2023-10-30,20,BUY,55,16.18,True
NVDA,2023-10-31,5,BUY,55,12.69,True
NVDA,2023-10-31,10,BUY,55,21.77,True
NVDA,2023-10-31,20,BUY,55,18.05,True
NVDA,2023-11-01,5,BUY,55,10.04,True
NVDA,2023-11-01,10,BUY,55,15.51,True
NVDA,2023-11-01,20,BUY,55,10.5,True
NVDA,2023-11-02,5,BUY,55,7.92,True
NVDA,2023-11-02,10,BUY,55,13.73,True
NVDA,2023-11-02,20,BUY,55,7.49,True
NVDA,2023-11-03,5,BUY,55,7.4,True
NVDA,2023-11-03,10,BUY,55,9.54,True
NVDA,2023-11-03,20,BUY,55,1.12,True
NVDA,2023-11-06,5,BUY,55,6.27,True
NVDA,2023-11-06,10,BUY,55,10.18,True
NVDA,2023-11-06,20,BUY,55,1.79,True
NVDA,2023-11-16,5,SELL,55,-3.44,True
NVDA,2023-11-16,10,SELL,55,-5.49,True
NVDA,2023-11-16,20,SELL,55,-1.18,True
NVDA,2023-11-17,5,SELL,55,-2.14,True
NVDA,2023-11-17,10,SELL,55,-7.68,True
NVDA,2023-11-17,20,SELL,55,1.59,False
NVDA,2023-11-20,5,SELL,55,-5.13,True
NVDA,2023-11-20,10,SELL,55,-7.62,True
NVDA,2023-11-20,20,SELL,55,-1.59,True
NVDA,2023-11-21,5,SELL,55,-3.61,True
NVDA,2023-11-21,10,SELL,55,-8.88,True
NVDA,2023-11-21,20,SELL,55,-3.66,True
NVDA,2023-11-28,5,BUY,55,-2.62,False
NVDA,2023-11-28,10,BUY,55,-0.33,False
NVDA,2023-11-28,20,BUY,55,3.35,True
NVDA,2023-11-29,5,BUY,55,-5.47,False
NVDA,2023-11-29,10,BUY,55,-0.1,False
NVDA,2023-11-29,20,BUY,55,2.88,True
NVDA,2023-11-30,5,BUY,55,-0.36,False
NVDA,2023-11-30,10,BUY,55,3.39,True
NVDA,2023-11-30,20,BUY,55,5.89,True
NVDA,2023-12-01,5,BUY,55,1.59,True
NVDA,2023-12-01,10,BUY,55,4.55,True
NVDA,2023-12-01,20,BUY,55,3.01,True
NVDA,2023-12-04,5,BUY,55,2.46,True
NVDA,2023-12-04,10,BUY,55,10.04,True
NVDA,2023-12-04,20,BUY,55,4.53,True
NVDA,2023-12-05,5,BUY,55,2.34,True
NVDA,2023-12-05,10,BUY,55,6.52,True
NVDA,2023-12-05,20,BUY,55,3.08,True
NVDA,2023-12-06,5,BUY,55,5.68,True
NVDA,2023-12-06,10,BUY,55,5.73,True
NVDA,2023-12-06,20,BUY,55,7.9,True
NVDA,2023-12-07,5,BUY,55,3.76,True
NVDA,2023-12-07,10,BUY,55,5.14,True
NVDA,2023-12-07,20,BUY,55,12.14,True
NVDA,2023-12-08,5,BUY,55,2.91,True
NVDA,2023-12-08,10,BUY,55,2.79,True
NVDA,2023-12-08,20,BUY,55,11.86,True
NVDA,2023-12-11,5,BUY,55,7.4,True
NVDA,2023-12-11,10,BUY,55,5.69,True
NVDA,2023-12-11,20,BUY,55,16.56,True
NVDA,2023-12-12,5,BUY,55,4.09,True
NVDA,2023-12-12,10,BUY,55,3.69,True
NVDA,2023-12-12,20,BUY,55,15.03,True
NVDA,2023-12-13,5,BUY,55,0.05,True
NVDA,2023-12-13,10,BUY,55,2.98,True
NVDA,2023-12-13,20,BUY,55,13.77,True
NVDA,2023-12-15,5,BUY,55,-0.12,False
NVDA,2023-12-15,10,BUY,55,-1.48,False
NVDA,2023-12-15,20,BUY,55,14.65,True
NVDA,2023-12-19,5,BUY,55,-0.38,False
NVDA,2023-12-19,10,BUY,55,-3.24,False
NVDA,2023-12-19,20,BUY,55,19.93,True
NVDA,2023-12-20,5,BUY,55,2.93,True
NVDA,2023-12-20,10,BUY,55,2.05,True
NVDA,2023-12-20,20,BUY,55,23.99,True
NVDA,2023-12-26,5,SELL,55,-3.47,True
NVDA,2023-12-26,10,SELL,55,10.29,False
NVDA,2023-12-26,20,SELL,55,25.04,False
NVDA,2023-12-27,5,SELL,55,-2.87,True
NVDA,2023-12-27,10,SELL,55,10.94,False
NVDA,2023-12-27,20,SELL,55,23.5,False
NVDA,2023-12-28,5,SELL,55,-0.86,True
NVDA,2023-12-28,10,SELL,55,10.48,False
NVDA,2023-12-28,20,SELL,55,26.14,False
NVDA,2023-12-29,5,SELL,55,5.51,False
NVDA,2023-12-29,10,SELL,55,13.85,False
NVDA,2023-12-29,20,SELL,55,26.76,False
NVDA,2024-01-02,5,SELL,55,10.32,False
NVDA,2024-01-02,10,SELL,55,16.37,False
NVDA,2024-01-02,20,SELL,55,27.73,False
NVDA,2024-01-03,5,SELL,55,14.26,False
NVDA,2024-01-03,10,SELL,55,20.05,False
NVDA,2024-01-03,20,SELL,55,32.5,False
NVDA,2024-01-04,5,SELL,55,14.22,False
NVDA,2024-01-04,10,SELL,55,23.94,False
NVDA,2024-01-04,20,SELL,55,37.84,False
NVDA,2024-01-09,5,BUY,55,5.48,True
NVDA,2024-01-09,10,BUY,55,15.47,True
NVDA,2024-01-09,20,BUY,55,31.91,True
NVDA,2024-01-10,5,BUY,55,5.07,True
NVDA,2024-01-10,10,BUY,55,13.37,True
NVDA,2024-01-10,20,BUY,55,28.13,True
NVDA,2024-01-11,5,BUY,55,8.52,True
NVDA,2024-01-11,10,BUY,55,11.33,True
NVDA,2024-01-11,20,BUY,55,31.58,True
NVDA,2024-01-12,5,BUY,55,9.04,True
NVDA,2024-01-12,10,BUY,55,14.17,True
NVDA,2024-01-12,20,BUY,55,32.06,True
NVDA,2024-01-16,5,BUY,55,6.19,True
NVDA,2024-01-16,10,BUY,55,11.34,True
NVDA,2024-01-16,20,BUY,55,27.93,True
NVDA,2024-01-17,5,BUY,55,9.47,True
NVDA,2024-01-17,10,BUY,55,9.77,True
NVDA,2024-01-17,20,BUY,55,31.84,True
NVDA,2024-01-18,5,BUY,55,7.9,True
NVDA,2024-01-18,10,BUY,55,10.37,True
NVDA,2024-01-18,20,BUY,55,27.23,True
NVDA,2024-01-19,5,BUY,55,2.59,True
NVDA,2024-01-19,10,BUY,55,11.21,True
NVDA,2024-01-19,20,BUY,55,22.06,True
NVDA,2024-01-22,5,BUY,55,4.71,True
NVDA,2024-01-22,10,BUY,55,16.22,True
NVDA,2024-01-22,20,BUY,55,16.42,True
NVDA,2024-01-26,5,BUY,55,8.4,True
NVDA,2024-01-26,10,BUY,55,18.19,True
NVDA,2024-01-26,20,BUY,55,29.59,True
NVDA,2024-01-29,5,BUY,55,10.99,True
NVDA,2024-01-29,10,BUY,55,15.66,True
NVDA,2024-01-29,20,BUY,55,25.99,True
NVDA,2024-01-30,5,BUY,55,8.68,True
NVDA,2024-01-30,10,BUY,55,14.9,True
NVDA,2024-01-30,20,BUY,55,23.72,True
NVDA,2024-01-31,5,BUY,55,13.93,True
NVDA,2024-01-31,10,BUY,55,20.11,True
NVDA,2024-01-31,20,BUY,55,28.58,True
NVDA,2024-02-01,5,BUY,55,10.49,True
NVDA,2024-02-01,10,BUY,55,15.28,True
NVDA,2024-02-01,20,BUY,55,30.55,True
NVDA,2024-02-02,5,BUY,55,9.03,True
NVDA,2024-02-02,10,BUY,55,9.75,True
NVDA,2024-02-02,20,BUY,55,28.83,True
NVDA,2024-02-05,5,BUY,55,4.21,True
NVDA,2024-02-05,10,BUY,55,0.17,True
NVDA,2024-02-05,20,BUY,55,23.99,True
NVDA,2024-02-06,5,BUY,55,5.72,True
NVDA,2024-02-06,10,BUY,55,-1.1,False
NVDA,2024-02-06,20,BUY,55,30.02,True
NVDA,2024-02-07,5,BUY,55,5.42,True
NVDA,2024-02-07,10,BUY,55,12.04,True
NVDA,2024-02-07,20,BUY,55,32.2,True
NVDA,2024-02-20,5,BUY,55,13.32,True
NVDA,2024-02-20,10,BUY,55,23.78,True
NVDA,2024-02-20,20,BUY,55,28.73,True
NVDA,2024-02-21,5,BUY,55,15.1,True
NVDA,2024-02-21,10,BUY,55,31.47,True
NVDA,2024-02-21,20,BUY,55,33.95,True
NVDA,2024-02-22,5,BUY,55,0.73,True
NVDA,2024-02-22,10,BUY,55,18.0,True
NVDA,2024-02-22,20,BUY,55,16.43,True
NVDA,2024-02-23,5,BUY,55,4.39,True
NVDA,2024-02-23,10,BUY,55,11.06,True
NVDA,2024-02-23,20,BUY,55,19.64,True
NVDA,2024-02-26,5,BUY,55,7.77,True
NVDA,2024-02-26,10,BUY,55,8.45,True
NVDA,2024-02-26,20,BUY,55,20.12,True
NVDA,2024-02-27,5,BUY,55,9.23,True
NVDA,2024-02-27,10,BUY,55,16.79,True
NVDA,2024-02-27,20,BUY,55,17.62,True
NVDA,2024-02-28,5,BUY,55,14.22,True
NVDA,2024-02-28,10,BUY,55,17.03,True
NVDA,2024-02-28,20,BUY,55,16.21,True
NVDA,2024-02-29,5,BUY,55,17.14,True
NVDA,2024-02-29,10,BUY,55,11.17,True
NVDA,2024-02-29,20,BUY,55,14.22,True
NVDA,2024-03-01,5,BUY,55,6.38,True
NVDA,2024-03-01,10,BUY,55,6.76,True
NVDA,2024-03-01,20,BUY,55,9.83,True
NVDA,2024-03-04,5,BUY,55,0.63,True
NVDA,2024-03-04,10,BUY,55,3.78,True
NVDA,2024-03-04,20,BUY,55,4.95,True
NVDA,2024-03-05,5,BUY,55,6.92,True
NVDA,2024-03-05,10,BUY,55,3.99,True
NVDA,2024-03-05,20,BUY,55,3.49,True
NVDA,2024-03-06,5,BUY,55,2.47,True
NVDA,2024-03-06,10,BUY,55,1.89,True
NVDA,2024-03-06,20,BUY,55,-3.15,False
NVDA,2024-03-08,5,BUY,55,0.35,True
NVDA,2024-03-08,10,BUY,55,7.72,True
NVDA,2024-03-08,20,BUY,55,-0.45,False
NVDA,2024-03-11,5,BUY,55,3.13,True
NVDA,2024-03-11,10,BUY,55,10.76,True
NVDA,2024-03-11,20,BUY,55,-0.49,False
NVDA,2024-03-12,5,BUY,55,-2.74,False
NVDA,2024-03-12,10,BUY,55,0.71,True
NVDA,2024-03-12,20,BUY,55,-5.3,False
NVDA,2024-03-13,5,BUY,55,-0.57,False
NVDA,2024-03-13,10,BUY,55,-0.7,False
NVDA,2024-03-13,20,BUY,55,-0.3,False
NVDA,2024-03-14,5,BUY,55,3.97,True
NVDA,2024-03-14,10,BUY,55,2.74,True
NVDA,2024-03-14,20,BUY,55,0.28,True
NVDA,2024-03-15,5,BUY,55,7.35,True
NVDA,2024-03-15,10,BUY,55,2.88,True
NVDA,2024-03-15,20,BUY,55,-2.09,False
NVDA,2024-03-18,5,BUY,55,7.4,True
NVDA,2024-03-18,10,BUY,55,1.13,True
NVDA,2024-03-18,20,BUY,55,-1.18,False
NVDA,2024-03-19,5,BUY,55,3.54,True
NVDA,2024-03-19,10,BUY,55,-0.49,False
NVDA,2024-03-19,20,BUY,55,-6.0,False
NVDA,2024-03-20,5,BUY,55,-0.13,False
NVDA,2024-03-20,10,BUY,55,-4.94,False
NVDA,2024-03-20,20,BUY,55,-6.31,False
NVDA,2024-03-21,5,BUY,55,-1.18,False
NVDA,2024-03-21,10,BUY,55,-3.75,False
NVDA,2024-03-21,20,BUY,55,-16.66,False
NVDA,2024-03-28,5,SELL,55,-2.6,True
NVDA,2024-03-28,10,SELL,55,-2.4,True
NVDA,2024-03-28,20,SELL,55,-2.9,True
NVDA,2024-04-04,5,BUY,55,5.48,True
NVDA,2024-04-04,10,BUY,55,-1.44,False
NVDA,2024-04-04,20,BUY,55,-0.1,False
NVDA,2024-04-08,5,SELL,55,-1.3,True
NVDA,2024-04-08,10,SELL,55,-8.74,True
NVDA,2024-04-08,20,SELL,55,5.75,False
NVDA,2024-04-09,5,SELL,55,2.41,False
NVDA,2024-04-09,10,SELL,55,-3.43,True
NVDA,2024-04-09,20,SELL,55,6.09,False
NVDA,2024-04-10,5,SELL,55,-3.45,True
NVDA,2024-04-10,10,SELL,55,-8.46,True
NVDA,2024-04-10,20,SELL,55,3.88,False
NVDA,2024-04-11,5,SELL,55,-6.56,True
NVDA,2024-04-11,10,SELL,55,-8.81,True
NVDA,2024-04-11,20,SELL,55,-2.06,True
NVDA,2024-04-12,5,SELL,55,-13.59,True
NVDA,2024-04-12,10,SELL,55,-0.51,True
NVDA,2024-04-12,20,SELL,55,1.92,False
NVDA,2024-04-15,5,SELL,55,-7.54,True
NVDA,2024-04-15,10,SELL,55,2.04,False
NVDA,2024-04-15,20,SELL,55,5.11,False
NVDA,2024-04-16,5,SELL,55,-5.71,True
NVDA,2024-04-16,10,SELL,55,-1.16,True
NVDA,2024-04-16,20,SELL,55,4.51,False
NVDA,2024-04-17,5,SELL,55,-5.19,True
NVDA,2024-04-17,10,SELL,55,-1.18,True
NVDA,2024-04-17,20,SELL,55,12.61,False
NVDA,2024-04-18,5,SELL,55,-2.41,True
NVDA,2024-04-18,10,SELL,55,1.35,False
NVDA,2024-04-18,20,SELL,55,11.44,False
NVDA,2024-04-24,5,BUY,55,4.22,True
NVDA,2024-04-24,10,BUY,55,13.47,True
NVDA,2024-04-24,20,BUY,55,19.17,True
NVDA,2024-04-25,5,BUY,55,3.85,True
NVDA,2024-04-25,10,BUY,55,7.4,True
NVDA,2024-04-25,20,BUY,55,25.62,True
NVDA,2024-04-26,5,BUY,55,1.2,True
NVDA,2024-04-26,10,BUY,55,2.44,True
NVDA,2024-04-26,20,BUY,55,21.35,True
NVDA,2024-04-29,5,BUY,55,4.99,True
NVDA,2024-04-29,10,BUY,55,3.01,True
NVDA,2024-04-29,20,BUY,55,29.79,True
NVDA,2024-05-01,5,BUY,55,8.88,True
NVDA,2024-05-01,10,BUY,55,13.96,True
NVDA,2024-05-01,20,BUY,55,33.07,True
NVDA,2024-05-02,5,BUY,55,3.41,True
NVDA,2024-05-02,10,BUY,55,9.95,True
NVDA,2024-05-02,20,BUY,55,27.75,True
NVDA,2024-05-06,5,BUY,55,-1.89,False
NVDA,2024-05-06,10,BUY,55,2.87,True
NVDA,2024-05-06,20,BUY,55,26.37,True
NVDA,2024-05-07,5,BUY,55,0.89,True
NVDA,2024-05-07,10,BUY,55,5.34,True
NVDA,2024-05-07,20,BUY,55,35.21,True
NVDA,2024-05-14,5,SELL,55,4.41,False
NVDA,2024-05-14,10,SELL,55,25.69,False
NVDA,2024-05-14,20,SELL,55,37.06,False
NVDA,2024-05-16,5,SELL,55,10.0,False
NVDA,2024-05-16,10,SELL,55,16.19,False
NVDA,2024-05-16,20,SELL,55,39.78,False
NVDA,2024-05-17,5,SELL,55,15.13,False
NVDA,2024-05-17,10,SELL,55,24.35,False
NVDA,2024-05-17,20,SELL,55,41.64,False
NVDA,2024-05-21,5,SELL,55,20.38,False
NVDA,2024-05-21,10,SELL,55,28.36,False
NVDA,2024-05-21,20,SELL,55,37.12,False
NVDA,2024-05-22,5,SELL,55,16.38,False
NVDA,2024-05-22,10,SELL,55,27.43,False
NVDA,2024-05-22,20,SELL,55,33.31,False
NVDA,2024-05-24,5,SELL,55,8.01,False
NVDA,2024-05-24,10,SELL,55,14.39,False
NVDA,2024-05-24,20,SELL,55,18.44,False
NVDA,2024-05-31,5,BUY,55,10.27,True
NVDA,2024-05-31,10,BUY,55,20.3,True
NVDA,2024-05-31,20,BUY,55,13.39,True
NVDA,2024-06-03,5,BUY,55,5.9,True
NVDA,2024-06-03,10,BUY,55,13.91,True
NVDA,2024-06-03,20,BUY,55,6.68,True
NVDA,2024-06-04,5,BUY,55,3.85,True
NVDA,2024-06-04,10,BUY,55,16.45,True
NVDA,2024-06-04,20,BUY,55,10.18,True
NVDA,2024-06-05,5,BUY,55,2.26,True
NVDA,2024-06-05,10,BUY,55,6.82,True
NVDA,2024-06-05,20,BUY,55,2.78,True
NVDA,2024-06-06,5,BUY,55,7.13,True
NVDA,2024-06-06,10,BUY,55,4.61,True
NVDA,2024-06-06,20,BUY,55,5.96,True
NVDA,2024-06-07,5,BUY,55,9.1,True
NVDA,2024-06-07,10,BUY,55,-2.29,False
NVDA,2024-06-07,20,BUY,55,8.69,True
NVDA,2024-06-10,5,BUY,55,7.55,True
NVDA,2024-06-10,10,BUY,55,3.54,True
NVDA,2024-06-10,20,BUY,55,10.78,True
NVDA,2024-06-11,5,BUY,55,12.13,True
NVDA,2024-06-11,10,BUY,55,4.54,True
NVDA,2024-06-11,20,BUY,55,5.37,True
NVDA,2024-06-12,5,BUY,55,4.46,True
NVDA,2024-06-12,10,BUY,55,-0.97,False
NVDA,2024-06-12,20,BUY,55,3.23,True
NVDA,2024-06-24,5,BUY,55,5.24,True
NVDA,2024-06-24,10,BUY,55,11.24,True
NVDA,2024-06-24,20,BUY,55,3.79,True
NVDA,2024-06-27,5,SELL,55,1.48,False
NVDA,2024-06-27,10,SELL,55,4.23,False
NVDA,2024-06-27,20,SELL,55,-8.82,True
NVDA,2024-06-28,5,SELL,55,3.77,False
NVDA,2024-06-28,10,SELL,55,3.97,False
NVDA,2024-06-28,20,SELL,55,-9.67,True
NVDA,2024-07-01,5,SELL,55,5.7,False
NVDA,2024-07-01,10,SELL,55,1.66,False
NVDA,2024-07-01,20,SELL,55,-16.55,True
NVDA,2024-07-02,5,SELL,55,9.98,False
NVDA,2024-07-02,10,SELL,55,-3.82,True
NVDA,2024-07-02,20,SELL,55,-4.61,True
NVDA,2024-07-03,5,SELL,55,-0.69,True
NVDA,2024-07-03,10,SELL,55,-5.6,True
NVDA,2024-07-03,20,SELL,55,-14.87,True
NVDA,2024-07-05,5,SELL,55,2.71,False
NVDA,2024-07-05,10,SELL,55,-6.28,True
NVDA,2024-07-05,20,SELL,55,-14.75,True
NVDA,2024-07-08,5,SELL,55,0.19,False
NVDA,2024-07-08,10,SELL,55,-3.63,True
NVDA,2024-07-08,20,SELL,55,-21.65,True
NVDA,2024-07-09,5,SELL,55,-3.82,True
NVDA,2024-07-09,10,SELL,55,-6.69,True
NVDA,2024-07-09,20,SELL,55,-20.65,True
NVDA,2024-07-10,5,SELL,55,-12.54,True
NVDA,2024-07-10,10,SELL,55,-15.31,True
NVDA,2024-07-10,20,SELL,55,-26.68,True
NVDA,2024-07-11,5,SELL,55,-4.95,True
NVDA,2024-07-11,10,SELL,55,-11.87,True
NVDA,2024-07-11,20,SELL,55,-17.61,True
NVDA,2024-07-12,5,SELL,55,-8.75,True
NVDA,2024-07-12,10,SELL,55,-12.52,True
NVDA,2024-07-12,20,SELL,55,-18.95,True
NVDA,2024-07-15,5,SELL,55,-3.81,True
NVDA,2024-07-15,10,SELL,55,-13.12,True
NVDA,2024-07-15,20,SELL,55,-15.12,True
NVDA,2024-07-16,5,SELL,55,-2.98,True
NVDA,2024-07-16,10,SELL,55,-17.91,True
NVDA,2024-07-16,20,SELL,55,-8.09,True
NVDA,2024-07-18,5,BUY,55,-7.28,False
NVDA,2024-07-18,10,BUY,55,-9.81,False
NVDA,2024-07-18,20,BUY,55,1.46,True
NVDA,2024-07-19,5,BUY,55,-4.13,False
NVDA,2024-07-19,10,BUY,55,-9.04,False
NVDA,2024-07-19,20,BUY,55,5.64,True
NVDA,2024-07-23,5,SELL,55,-15.38,True
NVDA,2024-07-23,10,SELL,55,-14.96,True
NVDA,2024-07-23,20,SELL,55,3.8,False
NVDA,2024-07-26,5,SELL,55,-5.12,True
NVDA,2024-07-26,10,SELL,55,-7.35,True
NVDA,2024-07-26,20,SELL,55,14.43,False
NVDA,2024-07-29,5,SELL,55,-9.98,True
NVDA,2024-07-29,10,SELL,55,-2.3,True
NVDA,2024-07-29,20,SELL,55,13.33,False
NVDA,2024-07-30,5,BUY,55,0.5,True
NVDA,2024-07-30,10,BUY,55,11.96,True
NVDA,2024-07-30,20,BUY,55,23.69,True
NVDA,2024-07-31,5,BUY,55,-15.48,False
NVDA,2024-07-31,10,BUY,55,0.91,True
NVDA,2024-07-31,20,BUY,55,7.34,True
NVDA,2024-08-01,5,BUY,55,-3.88,False
NVDA,2024-08-01,10,BUY,55,12.5,True
NVDA,2024-08-01,20,BUY,55,7.67,True
NVDA,2024-08-05,5,BUY,55,8.53,True
NVDA,2024-08-05,10,BUY,55,29.42,True
NVDA,2024-08-05,20,BUY,55,7.52,True
NVDA,2024-08-06,5,BUY,55,11.41,True
NVDA,2024-08-06,10,BUY,55,22.06,True
NVDA,2024-08-06,20,BUY,55,1.88,True
NVDA,2024-08-07,5,BUY,55,19.38,True
NVDA,2024-08-07,10,BUY,55,29.92,True
NVDA,2024-08-07,20,BUY,55,8.39,True
NVDA,2024-08-08,5,BUY,55,17.04,True
NVDA,2024-08-08,10,BUY,55,17.88,True
NVDA,2024-08-08,20,BUY,55,-2.04,False
NVDA,2024-08-09,5,BUY,55,18.93,True
NVDA,2024-08-09,10,BUY,55,23.5,True
NVDA,2024-08-09,20,BUY,55,1.64,True
NVDA,2024-08-12,5,BUY,55,19.24,True
NVDA,2024-08-12,10,BUY,55,16.0,True
NVDA,2024-08-12,20,BUY,55,-0.84,False
NVDA,2024-08-13,5,BUY,55,9.57,True
NVDA,2024-08-13,10,BUY,55,10.47,True
NVDA,2024-08-13,20,BUY,55,0.66,True
NVDA,2024-08-14,5,BUY,55,8.82,True
NVDA,2024-08-14,10,BUY,55,6.38,True
NVDA,2024-08-14,20,BUY,55,0.91,True
NVDA,2024-08-15,5,BUY,55,0.72,True
NVDA,2024-08-15,10,BUY,55,-4.29,False
NVDA,2024-08-15,20,BUY,55,-3.05,False
NVDA,2024-08-16,5,BUY,55,3.84,True
NVDA,2024-08-16,10,BUY,55,-4.18,False
NVDA,2024-08-16,20,BUY,55,-6.25,False
NVDA,2024-08-19,5,BUY,55,-2.72,False
NVDA,2024-08-19,10,BUY,55,-16.92,False
NVDA,2024-08-19,20,BUY,55,-11.08,False
NVDA,2024-08-20,5,BUY,55,0.83,True
NVDA,2024-08-20,10,BUY,55,-16.53,False
NVDA,2024-08-20,20,BUY,55,-10.9,False
NVDA,2024-08-21,5,BUY,55,-2.25,False
NVDA,2024-08-21,10,BUY,55,-16.57,False
NVDA,2024-08-21,20,BUY,55,-8.26,False
NVDA,2024-08-22,5,BUY,55,-4.97,False
NVDA,2024-08-22,10,BUY,55,-16.9,False
NVDA,2024-08-22,20,BUY,55,-6.25,False
NVDA,2024-09-03,5,BUY,55,0.09,True
NVDA,2024-09-03,10,BUY,55,7.04,True
NVDA,2024-09-03,20,BUY,55,8.34,True
NVDA,2024-09-04,5,BUY,55,10.07,True
NVDA,2024-09-04,10,BUY,55,6.75,True
NVDA,2024-09-04,20,BUY,55,11.91,True
NVDA,2024-09-05,5,BUY,55,11.14,True
NVDA,2024-09-05,10,BUY,55,9.95,True
NVDA,2024-09-05,20,BUY,55,14.6,True
NVDA,2024-09-09,5,BUY,55,9.69,True
NVDA,2024-09-09,10,BUY,55,9.2,True
NVDA,2024-09-09,20,BUY,55,19.97,True
NVDA,2024-09-10,5,BUY,55,6.94,True
NVDA,2024-09-10,10,BUY,55,11.82,True
NVDA,2024-09-10,20,BUY,55,22.94,True
NVDA,2024-09-11,5,BUY,55,-3.02,False
NVDA,2024-09-11,10,BUY,55,5.65,True
NVDA,2024-09-11,20,BUY,55,13.47,True
NVDA,2024-09-12,5,BUY,55,-1.07,False
NVDA,2024-09-12,10,BUY,55,4.11,True
NVDA,2024-09-12,20,BUY,55,13.15,True
NVDA,2024-09-13,5,BUY,55,-2.6,False
NVDA,2024-09-13,10,BUY,55,1.93,True
NVDA,2024-09-13,20,BUY,55,13.18,True
NVDA,2024-09-16,5,BUY,55,-0.45,False
NVDA,2024-09-16,10,BUY,55,3.99,True
NVDA,2024-09-16,20,BUY,55,18.23,True
NVDA,2024-09-17,5,BUY,55,4.57,True
NVDA,2024-09-17,10,BUY,55,1.22,True
NVDA,2024-09-17,20,BUY,55,13.85,True
NVDA,2024-09-18,5,BUY,55,8.94,True
NVDA,2024-09-18,10,BUY,55,4.83,True
NVDA,2024-09-18,20,BUY,55,19.71,True
NVDA,2024-09-20,5,BUY,55,4.66,True
NVDA,2024-09-20,10,BUY,55,7.69,True
NVDA,2024-09-20,20,BUY,55,18.97,True
NVDA,2024-10-03,5,SELL,55,9.74,False
NVDA,2024-10-03,10,SELL,55,11.46,False
NVDA,2024-10-03,20,SELL,55,8.07,False
NVDA,2024-10-04,5,SELL,55,7.91,False
NVDA,2024-10-04,10,SELL,55,10.47,False
NVDA,2024-10-04,20,SELL,55,8.39,False
NVDA,2024-10-07,5,SELL,55,8.1,False
NVDA,2024-10-07,10,SELL,55,12.52,False
NVDA,2024-10-07,20,SELL,55,6.52,False
NVDA,2024-10-08,5,SELL,55,-0.97,True
NVDA,2024-10-08,10,SELL,55,8.05,False
NVDA,2024-10-08,20,SELL,55,5.28,False
NVDA,2024-10-09,5,SELL,55,2.31,False
NVDA,2024-10-09,10,SELL,55,5.21,False
NVDA,2024-10-09,20,SELL,55,9.77,False
NVDA,2024-10-10,5,SELL,55,1.57,False
NVDA,2024-10-10,10,SELL,55,4.15,False
NVDA,2024-10-10,20,SELL,55,10.44,False
NVDA,2024-10-11,5,SELL,55,2.37,False
NVDA,2024-10-11,10,SELL,55,5.0,False
NVDA,2024-10-11,20,SELL,55,9.52,False
NVDA,2024-10-14,5,SELL,55,4.08,False
NVDA,2024-10-14,10,SELL,55,1.77,False
NVDA,2024-10-14,20,SELL,55,5.21,False
NVDA,2024-10-28,5,SELL,55,-3.18,True
NVDA,2024-10-28,10,SELL,55,3.37,False
NVDA,2024-10-28,20,SELL,55,-3.2,True
NVDA,2024-10-29,5,SELL,55,-0.95,True
NVDA,2024-10-29,10,SELL,55,4.98,False
NVDA,2024-10-29,20,SELL,55,-3.07,True
NVDA,2024-10-30,5,SELL,55,4.5,False
NVDA,2024-10-30,10,SELL,55,4.97,False
NVDA,2024-10-30,20,SELL,55,-2.87,True
NVDA,2024-11-05,5,SELL,55,5.99,False
NVDA,2024-11-05,10,SELL,55,5.07,False
NVDA,2024-11-05,20,SELL,55,3.74,False
NVDA,2024-11-08,5,SELL,55,-3.83,True
NVDA,2024-11-08,10,SELL,55,-3.85,True
NVDA,2024-11-08,20,SELL,55,-5.97,True
NVDA,2024-11-22,5,BUY,55,-2.34,False
NVDA,2024-11-22,10,BUY,55,-2.21,False
NVDA,2024-11-22,20,BUY,55,-1.6,False
NVDA,2024-11-25,5,BUY,55,3.12,True
NVDA,2024-11-25,10,BUY,55,-0.69,False
NVDA,2024-11-25,20,BUY,55,3.09,True
NVDA,2024-11-26,5,BUY,55,6.0,True
NVDA,2024-11-26,10,BUY,55,1.75,True
NVDA,2024-11-26,20,BUY,55,2.21,True
NVDA,2024-11-27,5,BUY,55,7.19,True
NVDA,2024-11-27,10,BUY,55,1.48,True
NVDA,2024-11-27,20,BUY,55,1.24,True
NVDA,2024-11-29,5,BUY,55,3.04,True
NVDA,2024-11-29,10,BUY,55,-2.89,False
NVDA,2024-11-29,20,BUY,55,-0.54,False
NVDA,2024-12-02,5,BUY,55,0.14,True
NVDA,2024-12-02,10,BUY,55,-4.78,False
NVDA,2024-12-02,20,BUY,55,-3.12,False
NVDA,2024-12-03,5,BUY,55,-3.69,False
NVDA,2024-12-03,10,BUY,55,-7.03,False
NVDA,2024-12-03,20,BUY,55,-1.38,False
NVDA,2024-12-04,5,BUY,55,-4.01,False
NVDA,2024-12-04,10,BUY,55,-11.18,False
NVDA,2024-12-04,20,BUY,55,-0.45,False
NVDA,2024-12-05,5,BUY,55,-5.32,False
NVDA,2024-12-05,10,BUY,55,-9.91,False
NVDA,2024-12-05,20,BUY,55,3.01,True
NVDA,2024-12-06,5,BUY,55,-5.75,False
NVDA,2024-12-06,10,BUY,55,-5.43,False
NVDA,2024-12-06,20,BUY,55,-1.61,False
NVDA,2024-12-09,5,BUY,55,-4.91,False
NVDA,2024-12-09,10,BUY,55,0.62,True
NVDA,2024-12-09,20,BUY,55,0.94,True
NVDA,2024-12-10,5,BUY,55,-3.46,False
NVDA,2024-12-10,10,BUY,55,3.81,True
NVDA,2024-12-10,20,BUY,55,0.62,True
NVDA,2024-12-11,5,BUY,55,-7.47,False
NVDA,2024-12-11,10,BUY,55,0.45,True
NVDA,2024-12-11,20,BUY,55,-4.36,False
NVDA,2024-12-12,5,BUY,55,-4.85,False
NVDA,2024-12-12,10,BUY,55,-0.24,False
NVDA,2024-12-12,20,BUY,55,-4.06,False
NVDA,2024-12-13,5,BUY,55,0.34,True
NVDA,2024-12-13,10,BUY,55,2.41,True
NVDA,2024-12-13,20,BUY,55,1.48,True
NVDA,2024-12-16,5,BUY,55,5.81,True
NVDA,2024-12-16,10,BUY,55,1.73,True
NVDA,2024-12-16,20,BUY,55,1.19,True
NVDA,2024-12-18,5,BUY,55,8.55,True
NVDA,2024-12-18,10,BUY,55,12.07,True
NVDA,2024-12-18,20,BUY,55,9.25,True
NVDA,2024-12-19,5,BUY,55,4.84,True
NVDA,2024-12-19,10,BUY,55,14.35,True
NVDA,2024-12-19,20,BUY,55,12.54,True
NVDA,2024-12-20,5,BUY,55,2.07,True
NVDA,2024-12-20,10,BUY,55,4.04,True
NVDA,2024-12-20,20,BUY,55,9.29,True
NVDA,2024-12-23,5,BUY,55,-3.85,False
NVDA,2024-12-23,10,BUY,55,0.32,True
NVDA,2024-12-23,20,BUY,55,2.11,True
NVDA,2024-12-26,5,SELL,55,3.24,False
NVDA,2024-12-26,10,SELL,55,-4.79,True
NVDA,2024-12-26,20,SELL,55,-7.82,True
NVDA,2024-12-31,5,SELL,55,4.33,False
NVDA,2024-12-31,10,SELL,55,-0.54,True
NVDA,2024-12-31,20,SELL,55,-10.59,True
NVDA,2025-01-07,5,BUY,55,-2.78,False
NVDA,2025-01-07,10,BUY,55,5.05,True
NVDA,2025-01-07,20,BUY,55,-8.18,False
NVDA,2025-01-08,5,BUY,55,-4.67,False
NVDA,2025-01-08,10,BUY,55,1.79,True
NVDA,2025-01-08,20,BUY,55,-7.33,False
NVDA,2025-01-10,5,BUY,55,1.32,True
NVDA,2025-01-10,10,BUY,55,-12.87,False
NVDA,2025-01-10,20,BUY,55,-1.72,False
NVDA,2025-01-13,5,BUY,55,5.7,True
NVDA,2025-01-13,10,BUY,55,-3.18,False
NVDA,2025-01-13,20,BUY,55,-0.32,False
NVDA,2025-01-14,5,BUY,55,11.62,True
NVDA,2025-01-14,10,BUY,55,-6.12,False
NVDA,2025-01-14,20,BUY,55,-0.47,False
NVDA,2025-01-15,5,BUY,55,8.06,True
NVDA,2025-01-15,10,BUY,55,-8.51,False
NVDA,2025-01-15,20,BUY,55,-0.7,False
NVDA,2025-01-16,5,BUY,55,6.78,True
NVDA,2025-01-16,10,BUY,55,-10.11,False
NVDA,2025-01-16,20,BUY,55,3.95,True
NVDA,2025-01-17,5,BUY,55,-14.01,False
NVDA,2025-01-17,10,BUY,55,-15.29,False
NVDA,2025-01-17,20,BUY,55,1.23,True
NVDA,2025-01-21,5,BUY,55,-8.41,False
NVDA,2025-01-21,10,BUY,55,-15.75,False
NVDA,2025-01-21,20,BUY,55,-1.14,False
NVDA,2025-01-27,5,BUY,55,-1.49,False
NVDA,2025-01-27,10,BUY,55,12.79,True
NVDA,2025-01-27,20,BUY,55,6.93,True
NVDA,2025-01-28,5,BUY,55,-8.02,False
NVDA,2025-01-28,10,BUY,55,2.95,True
NVDA,2025-01-28,20,BUY,55,1.78,True
NVDA,2025-01-29,5,BUY,55,0.91,True
NVDA,2025-01-29,10,BUY,55,6.01,True
NVDA,2025-01-29,20,BUY,55,-2.87,False
NVDA,2025-01-30,5,BUY,55,3.23,True
NVDA,2025-01-30,10,BUY,55,8.54,True
NVDA,2025-01-30,20,BUY,55,0.22,True
NVDA,2025-01-31,5,BUY,55,8.14,True
NVDA,2025-01-31,10,BUY,55,15.64,True
NVDA,2025-01-31,20,BUY,55,-5.01,False
NVDA,2025-02-03,5,BUY,55,14.5,True
NVDA,2025-02-03,10,BUY,55,19.49,True
NVDA,2025-02-03,20,BUY,55,-0.57,False
NVDA,2025-02-04,5,BUY,55,11.93,True
NVDA,2025-02-04,10,BUY,55,17.35,True
NVDA,2025-02-04,20,BUY,55,-1.14,False
NVDA,2025-02-05,5,BUY,55,5.05,True
NVDA,2025-02-05,10,BUY,55,12.24,True
NVDA,2025-02-05,20,BUY,55,-11.42,False
NVDA,2025-02-06,5,BUY,55,5.14,True
NVDA,2025-02-06,10,BUY,55,4.47,True
NVDA,2025-02-06,20,BUY,55,-12.43,False
NVDA,2025-02-07,5,BUY,55,6.94,True
NVDA,2025-02-07,10,BUY,55,0.34,True
NVDA,2025-02-07,20,BUY,55,-17.61,False
NVDA,2025-02-10,5,BUY,55,4.36,True
NVDA,2025-02-10,10,BUY,55,-5.2,False
NVDA,2025-02-10,20,BUY,55,-18.57,False
NVDA,2025-02-11,5,BUY,55,4.84,True
NVDA,2025-02-11,10,BUY,55,-1.14,False
NVDA,2025-02-11,20,BUY,55,-12.84,False
NVDA,2025-02-12,5,BUY,55,6.84,True
NVDA,2025-02-12,10,BUY,55,-8.38,False
NVDA,2025-02-12,20,BUY,55,-11.86,False
NVDA,2025-02-13,5,BUY,55,-0.64,False
NVDA,2025-02-13,10,BUY,55,-7.67,False
NVDA,2025-02-13,20,BUY,55,-10.06,False
NVDA,2025-03-06,5,BUY,55,4.54,True
NVDA,2025-03-06,10,BUY,55,7.21,True
NVDA,2025-03-06,20,BUY,55,-7.92,False
NVDA,2025-03-07,5,BUY,55,7.98,True
NVDA,2025-03-07,10,BUY,55,4.46,True
NVDA,2025-03-07,20,BUY,55,-16.3,False
NVDA,2025-03-10,5,BUY,55,11.74,True
NVDA,2025-03-10,10,BUY,55,13.5,True
NVDA,2025-03-10,20,BUY,55,-8.72,False
NVDA,2025-03-11,5,BUY,55,6.14,True
NVDA,2025-03-11,10,BUY,55,10.98,True
NVDA,2025-03-11,20,BUY,55,-11.45,False
NVDA,2025-03-12,5,BUY,55,1.54,True
NVDA,2025-03-12,10,BUY,55,-1.71,False
NVDA,2025-03-12,20,BUY,55,-1.22,False
NVDA,2025-03-13,5,BUY,55,2.55,True
NVDA,2025-03-13,10,BUY,55,-3.59,False
NVDA,2025-03-13,20,BUY,55,-6.93,False
NVDA,2025-03-14,5,BUY,55,-3.26,False
NVDA,2025-03-14,10,BUY,55,-9.86,False
NVDA,2025-03-14,20,BUY,55,-8.83,False
NVDA,2025-03-17,5,BUY,55,1.57,True
NVDA,2025-03-17,10,BUY,55,-9.33,False
NVDA,2025-03-17,20,BUY,55,-7.38,False
NVDA,2025-03-18,5,BUY,55,4.56,True
NVDA,2025-03-18,10,BUY,55,-4.57,False
NVDA,2025-03-18,20,BUY,55,-2.8,False
NVDA,2025-03-19,5,BUY,55,-3.2,False
NVDA,2025-03-19,10,BUY,55,-6.04,False
NVDA,2025-03-19,20,BUY,55,-11.09,False
NVDA,2025-03-20,5,BUY,55,-5.99,False
NVDA,2025-03-20,10,BUY,55,-14.11,False
NVDA,2025-03-20,20,BUY,55,-14.38,False
NVDA,2025-03-21,5,BUY,55,-6.82,False
NVDA,2025-03-21,10,BUY,55,-19.87,False
NVDA,2025-03-21,20,BUY,55,-17.66,False
NVDA,2025-03-24,5,BUY,55,-10.73,False
NVDA,2025-03-24,10,BUY,55,-19.58,False
NVDA,2025-03-24,20,BUY,55,-18.55,False
NVDA,2025-03-25,5,BUY,55,-8.73,False
NVDA,2025-03-25,10,BUY,55,-20.21,False
NVDA,2025-03-25,20,BUY,55,-14.9,False
NVDA,2025-03-26,5,BUY,55,-2.94,False
NVDA,2025-03-26,10,BUY,55,0.5,True
NVDA,2025-03-26,20,BUY,55,-6.44,False
NVDA,2025-03-27,5,BUY,55,-8.64,False
NVDA,2025-03-27,10,BUY,55,-3.46,False
NVDA,2025-03-27,20,BUY,55,-0.38,False
NVDA,2025-04-02,5,SELL,55,3.54,False
NVDA,2025-04-02,10,SELL,55,-5.37,True
NVDA,2025-04-02,20,SELL,55,1.08,False
NVDA,2025-04-04,5,BUY,55,17.62,True
NVDA,2025-04-04,10,BUY,55,2.76,True
NVDA,2025-04-04,20,BUY,55,20.69,True
NVDA,2025-04-07,5,BUY,55,13.39,True
NVDA,2025-04-07,10,BUY,55,1.28,True
NVDA,2025-04-07,20,BUY,55,16.28,True
NVDA,2025-04-08,5,BUY,55,16.51,True
NVDA,2025-04-08,10,BUY,55,6.66,True
NVDA,2025-04-08,20,BUY,55,21.56,True
NVDA,2025-04-09,5,BUY,55,-8.61,False
NVDA,2025-04-09,10,BUY,55,-6.91,False
NVDA,2025-04-09,20,BUY,55,2.66,True
NVDA,2025-04-10,5,BUY,55,-5.65,False
NVDA,2025-04-10,10,BUY,55,3.2,True
NVDA,2025-04-10,20,BUY,55,8.44,True
NVDA,2025-04-11,5,BUY,55,-12.64,False
NVDA,2025-04-11,10,BUY,55,-1.98,False
NVDA,2025-04-11,20,BUY,55,10.88,True
NVDA,2025-04-14,5,BUY,55,-10.68,False
NVDA,2025-04-14,10,BUY,55,-1.53,False
NVDA,2025-04-14,20,BUY,55,17.36,True
NVDA,2025-04-15,5,BUY,55,-8.46,False
NVDA,2025-04-15,10,BUY,55,-2.92,False
NVDA,2025-04-15,20,BUY,55,20.62,True
NVDA,2025-04-16,5,BUY,55,1.86,True
NVDA,2025-04-16,10,BUY,55,6.81,True
NVDA,2025-04-16,20,BUY,55,29.04,True
NVDA,2025-04-17,5,BUY,55,9.38,True
NVDA,2025-04-17,10,BUY,55,12.82,True
NVDA,2025-04-17,20,BUY,55,33.41,True
NVDA,2025-04-21,5,BUY,55,12.2,True
NVDA,2025-04-21,10,BUY,55,17.45,True
NVDA,2025-04-21,20,BUY,55,39.89,True
NVDA,2025-04-22,5,BUY,55,10.24,True
NVDA,2025-04-22,10,BUY,55,14.81,True
NVDA,2025-04-22,20,BUY,55,35.89,True
NVDA,2025-04-23,5,BUY,55,6.05,True
NVDA,2025-04-23,10,BUY,55,13.97,True
NVDA,2025-04-23,20,BUY,55,28.32,True
NVDA,2025-04-24,5,BUY,55,4.87,True
NVDA,2025-04-24,10,BUY,55,10.28,True
NVDA,2025-04-24,20,BUY,55,24.81,True
NVDA,2025-04-30,5,BUY,55,7.47,True
NVDA,2025-04-30,10,BUY,55,24.26,True
NVDA,2025-04-30,20,BUY,55,27.79,True
NVDA,2025-05-05,5,SELL,55,8.07,False
NVDA,2025-05-05,10,SELL,55,19.11,False
NVDA,2025-05-05,20,SELL,55,24.07,False
NVDA,2025-05-06,5,SELL,55,14.44,False
NVDA,2025-05-06,10,SELL,55,18.35,False
NVDA,2025-05-06,20,SELL,55,25.0,False
NVDA,2025-05-07,5,SELL,55,15.62,False
NVDA,2025-05-07,10,SELL,55,12.59,False
NVDA,2025-05-07,20,SELL,55,19.59,False
NVDA,2025-05-08,5,SELL,55,14.88,False
NVDA,2025-05-08,10,SELL,55,13.17,False
NVDA,2025-05-08,20,SELL,55,20.75,False
NVDA,2025-05-09,5,SELL,55,16.07,False
NVDA,2025-05-09,10,SELL,55,12.55,False
NVDA,2025-05-09,20,SELL,55,22.27,False
NVDA,2025-05-12,5,SELL,55,10.22,False
NVDA,2025-05-12,10,SELL,55,10.16,False
NVDA,2025-05-12,20,SELL,55,17.04,False
NVDA,2025-05-13,5,SELL,55,3.42,False
NVDA,2025-05-13,10,SELL,55,3.76,False
NVDA,2025-05-13,20,SELL,55,9.94,False
NVDA,2025-05-15,5,SELL,55,-1.48,True
NVDA,2025-05-15,10,SELL,55,0.22,False
NVDA,2025-05-15,20,SELL,55,5.3,False
NVDA,2025-05-16,5,SELL,55,-3.04,True
NVDA,2025-05-16,10,SELL,55,1.46,False
NVDA,2025-05-16,20,SELL,55,6.87,False
NVDA,2025-05-19,5,SELL,55,-0.05,True
NVDA,2025-05-19,10,SELL,55,4.17,False
NVDA,2025-05-19,20,SELL,55,6.31,False
NVDA,2025-05-20,5,SELL,55,0.32,False
NVDA,2025-05-20,10,SELL,55,5.61,False
NVDA,2025-05-20,20,SELL,55,8.27,False
NVDA,2025-06-03,5,BUY,55,1.94,True
NVDA,2025-06-03,10,BUY,55,2.06,True
NVDA,2025-06-03,20,BUY,55,11.36,True
NVDA,2025-06-04,5,BUY,55,0.65,True
NVDA,2025-06-04,10,BUY,55,2.52,True
NVDA,2025-06-04,20,BUY,55,12.28,True
NVDA,2025-06-05,5,BUY,55,3.59,True
NVDA,2025-06-05,10,BUY,55,2.76,True
NVDA,2025-06-05,20,BUY,55,13.04,True
NVDA,2025-06-06,5,BUY,55,0.18,True
NVDA,2025-06-06,10,BUY,55,1.74,True
NVDA,2025-06-06,20,BUY,55,12.91,True
NVDA,2025-06-09,5,BUY,55,1.45,True
NVDA,2025-06-09,10,BUY,55,3.7,True
NVDA,2025-06-09,20,BUY,55,14.21,True
NVDA,2025-06-10,5,BUY,55,0.12,True
NVDA,2025-06-10,10,BUY,55,7.2,True
NVDA,2025-06-10,20,BUY,55,14.0,True
NVDA,2025-06-17,5,SELL,55,7.07,False
NVDA,2025-06-17,10,SELL,55,9.11,False
NVDA,2025-06-17,20,SELL,55,20.04,False
NVDA,2025-07-08,5,SELL,55,6.69,False
NVDA,2025-07-08,10,SELL,55,4.39,False
NVDA,2025-07-08,20,SELL,55,11.41,False
NVDA,2025-08-19,5,BUY,55,3.49,True
NVDA,2025-08-19,10,BUY,55,-2.86,False
NVDA,2025-08-19,20,BUY,55,-3.04,False
NVDA,2025-08-20,5,BUY,55,3.53,True
NVDA,2025-08-20,10,BUY,55,-2.13,False
NVDA,2025-08-20,20,BUY,55,0.48,True
NVDA,2025-08-21,5,BUY,55,2.97,True
NVDA,2025-08-21,10,BUY,55,-4.55,False
NVDA,2025-08-21,20,BUY,55,0.97,True
NVDA,2025-08-22,5,BUY,55,-2.14,False
NVDA,2025-08-22,10,BUY,55,-5.44,False
NVDA,2025-08-22,20,BUY,55,3.16,True
NVDA,2025-08-25,5,BUY,55,-5.02,False
NVDA,2025-08-25,10,BUY,55,-5.03,False
NVDA,2025-08-25,20,BUY,55,-0.76,False
NVDA,2025-08-26,5,BUY,55,-6.13,False
NVDA,2025-08-26,10,BUY,55,-2.44,False
NVDA,2025-08-26,20,BUY,55,-2.64,False
NVDA,2025-08-27,5,BUY,55,-5.47,False
NVDA,2025-08-27,10,BUY,55,-2.43,False
NVDA,2025-08-27,20,BUY,55,-2.15,False
NVDA,2025-08-28,5,BUY,55,-7.3,False
NVDA,2025-08-28,10,BUY,55,-1.3,False
NVDA,2025-08-28,20,BUY,55,-1.09,False
NVDA,2025-08-29,5,BUY,55,-3.37,False
NVDA,2025-08-29,10,BUY,55,2.06,True
NVDA,2025-08-29,20,BUY,55,4.41,True
NVDA,2025-09-02,5,BUY,55,-0.01,False
NVDA,2025-09-02,10,BUY,55,2.41,True
NVDA,2025-09-02,20,BUY,55,9.26,True
NVDA,2025-09-03,5,BUY,55,3.93,True
NVDA,2025-09-03,10,BUY,55,-0.19,False
NVDA,2025-09-03,20,BUY,55,9.75,True
NVDA,2025-09-04,5,BUY,55,3.22,True
NVDA,2025-09-04,10,BUY,55,2.67,True
NVDA,2025-09-04,20,BUY,55,10.04,True
NVDA,2025-09-05,5,BUY,55,6.47,True
NVDA,2025-09-05,10,BUY,55,5.78,True
NVDA,2025-09-05,20,BUY,55,12.34,True
NVDA,2025-09-08,5,BUY,55,5.61,True
NVDA,2025-09-08,10,BUY,55,9.1,True
NVDA,2025-09-08,20,BUY,55,10.24,True
NVDA,2025-09-09,5,BUY,55,2.42,True
NVDA,2025-09-09,10,BUY,55,4.5,True
NVDA,2025-09-09,20,BUY,55,8.37,True
NVDA,2025-09-10,5,BUY,55,-3.96,False
NVDA,2025-09-10,10,BUY,55,-0.2,False
NVDA,2025-09-10,20,BUY,55,6.65,True
NVDA,2025-09-11,5,BUY,55,-0.52,False
NVDA,2025-09-11,10,BUY,55,0.29,True
NVDA,2025-09-11,20,BUY,55,8.69,True
NVDA,2025-09-12,5,BUY,55,-0.65,False
NVDA,2025-09-12,10,BUY,55,0.21,True
NVDA,2025-09-12,20,BUY,55,3.0,True
NVDA,2025-09-15,5,BUY,55,3.3,True
NVDA,2025-09-15,10,BUY,55,2.31,True
NVDA,2025-09-15,20,BUY,55,5.95,True
NVDA,2025-09-16,5,BUY,55,2.03,True
NVDA,2025-09-16,10,BUY,55,6.69,True
NVDA,2025-09-16,20,BUY,55,2.94,True
NVDA,2025-09-18,5,BUY,55,0.82,True
NVDA,2025-09-18,10,BUY,55,7.18,True
NVDA,2025-09-18,20,BUY,55,3.16,True
NVDA,2025-09-19,5,BUY,55,0.86,True
NVDA,2025-09-19,10,BUY,55,6.2,True
NVDA,2025-09-19,20,BUY,55,3.71,True
NVDA,2025-09-22,5,BUY,55,-0.96,False
NVDA,2025-09-22,10,BUY,55,1.05,True
NVDA,2025-09-22,20,BUY,55,-0.53,False
NVDA,2025-09-23,5,BUY,55,4.57,True
NVDA,2025-09-23,10,BUY,55,3.7,True
NVDA,2025-09-23,20,BUY,55,1.53,True
NVDA,2025-09-24,5,BUY,55,5.8,True
NVDA,2025-09-24,10,BUY,55,6.86,True
NVDA,2025-09-24,20,BUY,55,1.87,True
NVDA,2025-09-25,5,BUY,55,6.3,True
NVDA,2025-09-25,10,BUY,55,8.37,True
NVDA,2025-09-25,20,BUY,55,2.52,True
NVDA,2025-09-26,5,BUY,55,5.29,True
NVDA,2025-09-26,10,BUY,55,2.79,True
NVDA,2025-09-26,20,BUY,55,4.53,True
NVDA,2025-10-10,5,BUY,55,0.03,True
NVDA,2025-10-10,10,BUY,55,1.69,True
NVDA,2025-10-10,20,BUY,55,2.72,True
NVDA,2025-10-14,5,BUY,55,0.63,True
NVDA,2025-10-14,10,BUY,55,11.66,True
NVDA,2025-10-14,20,BUY,55,7.29,True
NVDA,2025-10-15,5,BUY,55,0.25,True
NVDA,2025-10-15,10,BUY,55,15.13,True
NVDA,2025-10-15,20,BUY,55,7.77,True
NVDA,2025-10-16,5,BUY,55,0.19,True
NVDA,2025-10-16,10,BUY,55,11.59,True
NVDA,2025-10-16,20,BUY,55,2.78,True
NVDA,2025-10-17,5,BUY,55,1.66,True
NVDA,2025-10-17,10,BUY,55,10.52,True
NVDA,2025-10-17,20,BUY,55,3.79,True
NVDA,2025-10-20,5,BUY,55,4.85,True
NVDA,2025-10-20,10,BUY,55,13.27,True
NVDA,2025-10-20,20,BUY,55,2.17,True
NVDA,2025-10-21,5,BUY,55,10.97,True
NVDA,2025-10-21,10,BUY,55,9.68,True
NVDA,2025-10-21,20,BUY,55,0.11,True
NVDA,2025-10-22,5,BUY,55,14.84,True
NVDA,2025-10-22,10,BUY,55,8.28,True
NVDA,2025-10-22,20,BUY,55,3.46,True
NVDA,2025-11-04,5,BUY,55,-2.78,False
NVDA,2025-11-04,10,BUY,55,-8.72,False
NVDA,2025-11-04,20,BUY,55,-9.61,False
NVDA,2025-11-05,5,BUY,55,-0.72,False
NVDA,2025-11-05,10,BUY,55,-4.45,False
NVDA,2025-11-05,20,BUY,55,-6.05,False
NVDA,2025-11-06,5,BUY,55,-0.65,False
NVDA,2025-11-06,10,BUY,55,-3.96,False
NVDA,2025-11-06,20,BUY,55,-3.01,False
NVDA,2025-11-07,5,BUY,55,1.07,True
NVDA,2025-11-07,10,BUY,55,-4.93,False
NVDA,2025-11-07,20,BUY,55,-1.38,False
NVDA,2025-11-10,5,BUY,55,-6.25,False
NVDA,2025-11-10,10,BUY,55,-8.29,False
NVDA,2025-11-10,20,BUY,55,-7.07,False
NVDA,2025-11-11,5,BUY,55,-6.11,False
NVDA,2025-11-11,10,BUY,55,-7.94,False
NVDA,2025-11-11,20,BUY,55,-4.85,False
NVDA,2025-11-12,5,BUY,55,-3.76,False
NVDA,2025-11-12,10,BUY,55,-6.99,False
NVDA,2025-11-12,20,BUY,55,-6.64,False
NVDA,2025-11-13,5,BUY,55,-3.33,False
NVDA,2025-11-13,10,BUY,55,-5.28,False
NVDA,2025-11-13,20,BUY,55,-6.33,False
NVDA,2025-11-14,5,BUY,55,-5.94,False
NVDA,2025-11-14,10,BUY,55,-5.39,False
NVDA,2025-11-14,20,BUY,55,-7.29,False
NVDA,2025-11-17,5,BUY,55,-2.17,False
NVDA,2025-11-17,10,BUY,55,-2.75,False
NVDA,2025-11-17,20,BUY,55,-4.75,False
NVDA,2025-11-18,5,BUY,55,-1.95,False
NVDA,2025-11-18,10,BUY,55,-0.98,False
NVDA,2025-11-18,20,BUY,55,-5.74,False
NVDA,2025-11-19,5,BUY,55,-3.36,False
NVDA,2025-11-19,10,BUY,55,-1.68,False
NVDA,2025-11-19,20,BUY,55,-6.63,False
NVDA,2025-11-20,5,BUY,55,-2.02,False
NVDA,2025-11-20,10,BUY,55,0.99,True
NVDA,2025-11-20,20,BUY,55,0.2,True
NVDA,2025-11-21,5,BUY,55,0.58,True
NVDA,2025-11-21,10,BUY,55,3.73,True
NVDA,2025-11-21,20,BUY,55,2.69,True
NVDA,2025-11-24,5,BUY,55,-0.6,False
NVDA,2025-11-24,10,BUY,55,1.33,True
NVDA,2025-11-24,20,BUY,55,3.65,True
NVDA,2025-11-25,5,BUY,55,1.0,True
NVDA,2025-11-25,10,BUY,55,3.36,True
NVDA,2025-11-25,20,BUY,55,6.07,True
NVDA,2025-11-26,5,BUY,55,1.74,True
NVDA,2025-11-26,10,BUY,55,0.38,True
NVDA,2025-11-26,20,BUY,55,5.7,True
NVDA,2025-11-28,5,BUY,55,3.06,True
NVDA,2025-11-28,10,BUY,55,-1.11,False
NVDA,2025-11-28,20,BUY,55,6.34,True
NVDA,2025-12-01,5,BUY,55,3.13,True
NVDA,2025-12-01,10,BUY,55,-2.01,False
NVDA,2025-12-01,20,BUY,55,4.24,True
NVDA,2025-12-03,5,BUY,55,2.34,True
NVDA,2025-12-03,10,BUY,55,-4.81,False
NVDA,2025-12-03,20,BUY,55,5.16,True
NVDA,2025-12-04,5,BUY,55,-1.34,False
NVDA,2025-12-04,10,BUY,55,-5.04,False
NVDA,2025-12-04,20,BUY,55,2.58,True
NVDA,2025-12-05,5,BUY,55,-4.05,False
NVDA,2025-12-05,10,BUY,55,-0.78,False
NVDA,2025-12-05,20,BUY,55,2.65,True
NVDA,2025-12-12,5,BUY,55,3.41,True
NVDA,2025-12-12,10,BUY,55,7.54,True
NVDA,2025-12-12,20,BUY,55,6.17,True
NVDA,2025-12-15,5,BUY,55,4.2,True
NVDA,2025-12-15,10,BUY,55,6.38,True
NVDA,2025-12-15,20,BUY,55,3.89,True
NVDA,2025-12-17,5,BUY,55,10.34,True
NVDA,2025-12-17,10,BUY,55,10.48,True
NVDA,2025-12-17,20,BUY,55,8.94,True
NVDA,2025-12-18,5,BUY,55,9.41,True
NVDA,2025-12-18,10,BUY,55,8.03,True
NVDA,2025-12-18,20,BUY,55,2.26,True
NVDA,2025-12-19,5,BUY,55,3.99,True
NVDA,2025-12-19,10,BUY,55,3.45,True
NVDA,2025-12-19,20,BUY,55,1.29,True
NVDA,2025-12-24,5,SELL,55,0.13,False
NVDA,2025-12-24,10,SELL,55,-1.99,True
NVDA,2025-12-24,20,SELL,55,-1.13,True
NVDA,2025-12-26,5,SELL,55,-1.26,True
NVDA,2025-12-26,10,SELL,55,-2.93,True
NVDA,2025-12-26,20,SELL,55,-1.05,True
NVDA,2025-12-29,5,SELL,55,-0.52,True
NVDA,2025-12-29,10,SELL,55,-1.28,True
NVDA,2025-12-29,20,SELL,55,1.75,False
NVDA,2025-12-30,5,SELL,55,0.84,False
NVDA,2025-12-30,10,SELL,55,-2.35,True
NVDA,2025-12-30,20,SELL,55,2.65,False
NVDA,2025-12-31,5,SELL,55,-0.78,True
NVDA,2025-12-31,10,SELL,55,0.29,False
NVDA,2025-12-31,20,SELL,55,2.48,False
NVDA,2026-01-02,5,SELL,55,-2.11,True
NVDA,2026-01-02,10,SELL,55,-1.39,True
NVDA,2026-01-02,20,SELL,55,-1.72,True
NVDA,2026-01-13,5,BUY,55,-1.34,False
NVDA,2026-01-13,10,BUY,55,3.07,True
NVDA,2026-01-13,20,BUY,55,2.28,True
NVDA,2026-01-14,5,BUY,55,0.93,True
NVDA,2026-01-14,10,BUY,55,5.12,True
NVDA,2026-01-14,20,BUY,55,2.07,True
NVDA,2026-01-16,5,BUY,55,0.13,True
NVDA,2026-01-16,10,BUY,55,-0.33,False
NVDA,2026-01-16,20,BUY,55,-0.68,False
NVDA,2026-01-20,5,BUY,55,5.87,True
NVDA,2026-01-20,10,BUY,55,1.27,True
NVDA,2026-01-20,20,BUY,55,5.57,True
NVDA,2026-01-21,5,BUY,55,4.47,True
NVDA,2026-01-21,10,BUY,55,-4.98,False
NVDA,2026-01-21,20,BUY,55,2.5,True
NVDA,2026-01-22,5,BUY,55,4.15,True
NVDA,2026-01-22,10,BUY,55,-7.01,False
NVDA,2026-01-22,20,BUY,55,2.69,True
NVDA,2026-01-23,5,BUY,55,1.84,True
NVDA,2026-01-23,10,BUY,55,-1.2,False
NVDA,2026-01-23,20,BUY,55,2.07,True
NVDA,2026-01-26,5,BUY,55,-0.46,False
NVDA,2026-01-26,10,BUY,55,1.91,True
NVDA,2026-01-26,20,BUY,55,3.42,True
NVDA,2026-01-27,5,BUY,55,-4.34,False
NVDA,2026-01-27,10,BUY,55,0.01,True
NVDA,2026-01-27,20,BUY,55,3.73,True
NVDA,2026-01-28,5,BUY,55,-9.05,False
NVDA,2026-01-28,10,BUY,55,-0.77,False
NVDA,2026-01-28,20,BUY,55,-3.46,False
NVDA,2026-01-30,5,BUY,55,-2.99,False
NVDA,2026-01-30,10,BUY,55,-4.35,False
NVDA,2026-01-30,20,BUY,55,-4.53,False
NVDA,2026-02-02,5,BUY,55,2.39,True
NVDA,2026-02-02,10,BUY,55,-0.34,False
NVDA,2026-02-02,20,BUY,55,-3.0,False
NVDA,2026-02-03,5,BUY,55,4.55,True
NVDA,2026-02-03,10,BUY,55,4.24,True
NVDA,2026-02-03,20,BUY,55,1.5,True
NVDA,2026-02-04,5,BUY,55,9.11,True
NVDA,2026-02-04,10,BUY,55,7.87,True
NVDA,2026-02-04,20,BUY,55,5.25,True
NVDA,2026-02-05,5,BUY,55,8.76,True
NVDA,2026-02-05,10,BUY,55,10.44,True
NVDA,2026-02-05,20,BUY,55,3.46,True
NVDA,2026-02-06,5,BUY,55,-1.4,False
NVDA,2026-02-06,10,BUY,55,3.31,True
NVDA,2026-02-06,20,BUY,55,-1.49,False
NVDA,2026-02-09,5,BUY,55,-2.67,False
NVDA,2026-02-09,10,BUY,55,1.48,True
NVDA,2026-02-09,20,BUY,55,-2.77,False
NVDA,2026-02-10,5,BUY,55,-0.3,False
NVDA,2026-02-10,10,BUY,55,3.72,True
NVDA,2026-02-10,20,BUY,55,-1.33,False
NVDA,2026-02-11,5,BUY,55,-1.13,False
NVDA,2026-02-11,10,BUY,55,-2.72,False
NVDA,2026-02-11,20,BUY,55,-3.63,False
NVDA,2026-02-12,5,BUY,55,1.54,True
NVDA,2026-02-12,10,BUY,55,-5.22,False
NVDA,2026-02-12,20,BUY,55,-3.57,False
NVDA,2026-02-13,5,BUY,55,4.78,True
NVDA,2026-02-13,10,BUY,55,-0.18,False
NVDA,2026-02-13,20,BUY,55,0.23,True
NVDA,2026-02-17,5,BUY,55,4.26,True
NVDA,2026-02-17,10,BUY,55,-2.66,False
NVDA,2026-02-17,20,BUY,55,-1.64,False
NVDA,2026-02-18,5,BUY,55,4.03,True
NVDA,2026-02-18,10,BUY,55,-2.63,False
NVDA,2026-02-18,20,BUY,55,-4.03,False
NVDA,2026-02-19,5,BUY,55,-1.6,False
NVDA,2026-02-19,10,BUY,55,-2.43,False
NVDA,2026-02-19,20,BUY,55,-4.97,False
NVDA,2026-02-20,5,BUY,55,-6.65,False
NVDA,2026-02-20,10,BUY,55,-6.32,False
NVDA,2026-02-20,20,BUY,55,-9.01,False
NVDA,2026-02-26,5,BUY,55,-0.84,False
NVDA,2026-02-26,10,BUY,55,-0.94,False
NVDA,2026-02-26,20,BUY,55,-7.38,False
NVDA,2026-02-27,5,BUY,55,0.36,True
NVDA,2026-02-27,10,BUY,55,1.73,True
NVDA,2026-02-27,20,BUY,55,-5.45,False
NVDA,2026-03-03,5,BUY,55,2.62,True
NVDA,2026-03-03,10,BUY,55,1.05,True
NVDA,2026-03-03,20,BUY,55,-3.13,False
NVDA,2026-03-04,5,BUY,55,1.64,True
NVDA,2026-03-04,10,BUY,55,-1.44,False
NVDA,2026-03-04,20,BUY,55,-3.98,False
NVDA,2026-03-05,5,BUY,55,-0.1,False
NVDA,2026-03-05,10,BUY,55,-2.6,False
NVDA,2026-03-05,20,BUY,55,-3.24,False
NVDA,2026-03-09,5,BUY,55,0.32,True
NVDA,2026-03-09,10,BUY,55,-3.83,False
NVDA,2026-03-09,20,BUY,55,-2.49,False
NVDA,2026-03-11,5,BUY,55,-3.03,False
NVDA,2026-03-11,10,BUY,55,-3.95,False
NVDA,2026-03-11,20,BUY,55,-1.14,False
NVDA,2026-03-12,5,BUY,55,-2.5,False
NVDA,2026-03-12,10,BUY,55,-6.5,False
NVDA,2026-03-12,20,BUY,55,3.0,True
NVDA,2026-03-13,5,BUY,55,-4.19,False
NVDA,2026-03-13,10,BUY,55,-7.06,False
NVDA,2026-03-13,20,BUY,55,5.03,True
JPM,2022-01-27,5,BUY,55,2.33,True
JPM,2022-01-27,10,BUY,55,7.32,True
JPM,2022-01-27,20,BUY,55,1.83,True
JPM,2022-01-28,5,BUY,55,4.06,True
JPM,2022-01-28,10,BUY,55,4.99,True
JPM,2022-01-28,20,BUY,55,-3.28,False
JPM,2022-01-31,5,BUY,55,3.01,True
JPM,2022-01-31,10,BUY,55,2.62,True
JPM,2022-01-31,20,BUY,55,-8.18,False
JPM,2022-02-01,5,BUY,55,3.18,True
JPM,2022-02-01,10,BUY,55,2.36,True
JPM,2022-02-01,20,BUY,55,-7.85,False
JPM,2022-02-02,5,BUY,55,4.44,True
JPM,2022-02-02,10,BUY,55,3.37,True
JPM,2022-02-02,20,BUY,55,-7.77,False
JPM,2022-02-03,5,BUY,55,4.88,True
JPM,2022-02-03,10,BUY,55,1.84,True
JPM,2022-02-03,20,BUY,55,-9.62,False
JPM,2022-02-04,5,BUY,55,0.89,True
JPM,2022-02-04,10,BUY,55,-0.28,False
JPM,2022-02-04,20,BUY,55,-15.31,False
JPM,2022-02-07,5,BUY,55,-0.38,False
JPM,2022-02-07,10,BUY,55,-0.78,False
JPM,2022-02-07,20,BUY,55,-16.18,False
JPM,2022-02-08,5,BUY,55,-0.79,False
JPM,2022-02-08,10,BUY,55,-4.66,False
JPM,2022-02-08,20,BUY,55,-14.43,False
JPM,2022-02-09,5,BUY,55,-1.02,False
JPM,2022-02-09,10,BUY,55,-7.69,False
JPM,2022-02-09,20,BUY,55,-15.8,False
JPM,2022-02-10,5,BUY,55,-2.9,False
JPM,2022-02-10,10,BUY,55,-5.12,False
JPM,2022-02-10,20,BUY,55,-17.35,False
JPM,2022-02-11,5,BUY,55,-1.16,False
JPM,2022-02-11,10,BUY,55,-7.87,False
JPM,2022-02-11,20,BUY,55,-15.43,False
JPM,2022-02-14,5,BUY,55,-0.41,False
JPM,2022-02-14,10,BUY,55,-10.52,False
JPM,2022-02-14,20,BUY,55,-13.12,False
JPM,2022-02-15,5,BUY,55,-3.9,False
JPM,2022-02-15,10,BUY,55,-9.98,False
JPM,2022-02-15,20,BUY,55,-10.55,False
JPM,2022-02-16,5,BUY,55,-6.74,False
JPM,2022-02-16,10,BUY,55,-10.78,False
JPM,2022-02-16,20,BUY,55,-9.58,False
JPM,2022-02-17,5,SELL,55,-2.28,True
JPM,2022-02-17,10,SELL,55,-11.25,True
JPM,2022-02-17,20,SELL,55,-7.48,True
JPM,2022-02-18,5,SELL,55,-6.8,True
JPM,2022-02-18,10,SELL,55,-15.07,True
JPM,2022-02-18,20,SELL,55,-8.21,True
JPM,2022-02-22,5,SELL,55,-10.15,True
JPM,2022-02-22,10,SELL,55,-15.52,True
JPM,2022-02-22,20,SELL,55,-6.09,True
JPM,2022-02-23,5,SELL,55,-6.33,True
JPM,2022-02-23,10,SELL,55,-10.26,True
JPM,2022-02-23,20,SELL,55,-5.99,True
JPM,2022-02-24,5,SELL,55,-4.33,True
JPM,2022-02-24,10,SELL,55,-8.78,True
JPM,2022-02-24,20,SELL,55,-2.67,True
JPM,2022-02-25,5,SELL,55,-9.17,True
JPM,2022-02-25,10,SELL,55,-12.89,True
JPM,2022-02-25,20,SELL,55,-4.09,True
JPM,2022-02-28,5,BUY,55,-8.88,False
JPM,2022-02-28,10,BUY,55,-8.2,False
JPM,2022-02-28,20,BUY,55,-0.66,False
JPM,2022-03-01,5,BUY,55,-5.97,False
JPM,2022-03-01,10,BUY,55,-2.91,False
JPM,2022-03-01,20,BUY,55,3.47,True
JPM,2022-03-02,5,BUY,55,-4.19,False
JPM,2022-03-02,10,BUY,55,-0.63,False
JPM,2022-03-02,20,BUY,55,0.9,True
JPM,2022-03-03,5,BUY,55,-4.65,False
JPM,2022-03-03,10,BUY,55,1.35,True
JPM,2022-03-03,20,BUY,55,-1.42,False
JPM,2022-03-04,5,BUY,55,-4.1,False
JPM,2022-03-04,10,BUY,55,4.24,True
JPM,2022-03-04,20,BUY,55,0.68,True
JPM,2022-03-07,5,BUY,55,0.74,True
JPM,2022-03-07,10,BUY,55,8.08,True
JPM,2022-03-07,20,BUY,55,5.19,True
JPM,2022-03-08,5,BUY,55,3.26,True
JPM,2022-03-08,10,BUY,55,11.16,True
JPM,2022-03-08,20,BUY,55,4.7,True
JPM,2022-03-09,5,BUY,55,3.72,True
JPM,2022-03-09,10,BUY,55,4.75,True
JPM,2022-03-09,20,BUY,55,-0.73,False
JPM,2022-03-10,5,BUY,55,6.29,True
JPM,2022-03-10,10,BUY,55,6.7,True
JPM,2022-03-10,20,BUY,55,0.15,True
JPM,2022-03-11,5,BUY,55,8.7,True
JPM,2022-03-11,10,BUY,55,10.11,True
JPM,2022-03-11,20,BUY,55,4.34,True
JPM,2022-03-14,5,BUY,55,7.28,True
JPM,2022-03-14,10,BUY,55,8.22,True
JPM,2022-03-14,20,BUY,55,2.93,True
JPM,2022-03-15,5,BUY,55,7.65,True
JPM,2022-03-15,10,BUY,55,6.57,True
JPM,2022-03-15,20,BUY,55,0.03,True
JPM,2022-03-16,5,BUY,55,1.0,True
JPM,2022-03-16,10,BUY,55,1.55,True
JPM,2022-03-16,20,BUY,55,-7.34,False
JPM,2022-03-17,5,BUY,55,0.39,True
JPM,2022-03-17,10,BUY,55,-2.73,False
JPM,2022-03-17,20,BUY,55,-9.34,False
JPM,2022-03-18,5,BUY,55,1.3,True
JPM,2022-03-18,10,BUY,55,-3.42,False
JPM,2022-03-18,20,BUY,55,-7.63,False
JPM,2022-03-21,5,BUY,55,0.87,True
JPM,2022-03-21,10,BUY,55,-2.68,False
JPM,2022-03-21,20,BUY,55,-5.41,False
JPM,2022-03-22,5,BUY,55,-1.01,False
JPM,2022-03-22,10,BUY,55,-5.81,False
JPM,2022-03-22,20,BUY,55,-7.06,False
JPM,2022-03-23,5,BUY,55,0.54,True
JPM,2022-03-23,10,BUY,55,-5.23,False
JPM,2022-03-23,20,BUY,55,-5.9,False
JPM,2022-03-24,5,BUY,55,-3.11,False
JPM,2022-03-24,10,BUY,55,-6.13,False
JPM,2022-03-24,20,BUY,55,-9.2,False
JPM,2022-03-25,5,BUY,55,-4.66,False
JPM,2022-03-25,10,BUY,55,-5.24,False
JPM,2022-03-25,20,BUY,55,-10.01,False
JPM,2022-03-28,5,BUY,55,-3.52,False
JPM,2022-03-28,10,BUY,55,-4.89,False
JPM,2022-03-28,20,BUY,55,-12.02,False
JPM,2022-03-29,5,BUY,55,-4.85,False
JPM,2022-03-29,10,BUY,55,-6.14,False
JPM,2022-03-29,20,BUY,55,-13.36,False
JPM,2022-03-30,5,SELL,55,-5.75,True
JPM,2022-03-30,10,SELL,55,-8.75,True
JPM,2022-03-30,20,SELL,55,-11.59,True
JPM,2022-03-31,5,SELL,55,-3.12,True
JPM,2022-03-31,10,SELL,55,-6.8,True
JPM,2022-03-31,20,SELL,55,-11.79,True
JPM,2022-04-01,5,SELL,55,-0.61,True
JPM,2022-04-01,10,SELL,55,-4.36,True
JPM,2022-04-01,20,SELL,55,-10.32,True
JPM,2022-04-04,5,SELL,55,-1.42,True
JPM,2022-04-04,10,SELL,55,-2.81,True
JPM,2022-04-04,20,SELL,55,-8.81,True
JPM,2022-04-05,5,SELL,55,-1.35,True
JPM,2022-04-05,10,SELL,55,-1.32,True
JPM,2022-04-05,20,SELL,55,-4.68,True
JPM,2022-04-06,5,SELL,55,-3.19,True
JPM,2022-04-06,10,SELL,55,-0.71,True
JPM,2022-04-06,20,SELL,55,-5.76,True
JPM,2022-04-07,5,SELL,55,-3.79,True
JPM,2022-04-07,10,SELL,55,-3.26,True
JPM,2022-04-07,20,SELL,55,-5.62,True
JPM,2022-04-08,5,SELL,55,-3.77,True
JPM,2022-04-08,10,SELL,55,-5.03,True
JPM,2022-04-08,20,SELL,55,-8.71,True
JPM,2022-04-11,5,SELL,55,-1.41,True
JPM,2022-04-11,10,SELL,55,-7.5,True
JPM,2022-04-11,20,SELL,55,-10.61,True
JPM,2022-04-12,5,SELL,55,0.03,False
JPM,2022-04-12,10,SELL,55,-7.69,True
JPM,2022-04-12,20,SELL,55,-10.19,True
JPM,2022-04-13,5,BUY,55,2.56,True
JPM,2022-04-13,10,BUY,55,-3.11,False
JPM,2022-04-13,20,BUY,55,-7.27,False
JPM,2022-04-14,5,BUY,55,0.55,True
JPM,2022-04-14,10,BUY,55,-5.36,False
JPM,2022-04-14,20,BUY,55,-5.57,False
JPM,2022-04-18,5,BUY,55,-1.32,False
JPM,2022-04-18,10,BUY,55,-6.24,False
JPM,2022-04-18,20,BUY,55,-7.94,False
JPM,2022-04-19,5,BUY,55,-6.18,False
JPM,2022-04-19,10,BUY,55,-6.17,False
JPM,2022-04-19,20,BUY,55,-6.82,False
JPM,2022-04-20,5,BUY,55,-7.72,False
JPM,2022-04-20,10,BUY,55,-3.4,False
JPM,2022-04-20,20,BUY,55,-8.73,False
JPM,2022-04-21,5,BUY,55,-5.53,False
JPM,2022-04-21,10,BUY,55,-5.09,False
JPM,2022-04-21,20,BUY,55,-9.38,False
JPM,2022-04-22,5,BUY,55,-5.87,False
JPM,2022-04-22,10,BUY,55,-2.44,False
JPM,2022-04-22,20,BUY,55,-7.47,False
JPM,2022-04-25,5,BUY,55,-4.99,False
JPM,2022-04-25,10,BUY,55,-3.87,False
JPM,2022-04-25,20,BUY,55,-1.71,False
JPM,2022-04-26,5,BUY,55,0.01,True
JPM,2022-04-26,10,BUY,55,-3.36,False
JPM,2022-04-26,20,BUY,55,2.72,True
JPM,2022-04-27,5,BUY,55,4.68,True
JPM,2022-04-27,10,BUY,55,-2.7,False
JPM,2022-04-27,20,BUY,55,4.79,True
JPM,2022-04-28,5,BUY,55,0.47,True
JPM,2022-04-28,10,BUY,55,-4.3,False
JPM,2022-04-28,20,BUY,55,4.95,True
JPM,2022-04-29,5,BUY,55,3.65,True
JPM,2022-04-29,10,BUY,55,-0.23,False
JPM,2022-04-29,20,BUY,55,9.98,True
JPM,2022-05-02,5,BUY,55,1.17,True
JPM,2022-05-02,10,BUY,55,-1.82,False
JPM,2022-05-02,20,BUY,55,9.78,True
JPM,2022-05-03,5,BUY,55,-3.37,False
JPM,2022-05-03,10,BUY,55,-0.69,False
JPM,2022-05-03,20,BUY,55,5.59,True
JPM,2022-05-04,5,BUY,55,-7.05,False
JPM,2022-05-04,10,BUY,55,-5.52,False
JPM,2022-05-04,20,BUY,55,3.86,True
JPM,2022-05-05,5,BUY,55,-4.74,False
JPM,2022-05-05,10,BUY,55,-4.53,False
JPM,2022-05-05,20,BUY,55,5.04,True
JPM,2022-05-06,5,BUY,55,-3.74,False
JPM,2022-05-06,10,BUY,55,-5.16,False
JPM,2022-05-06,20,BUY,55,4.86,True
JPM,2022-05-09,5,BUY,55,-2.95,False
JPM,2022-05-09,10,BUY,55,2.25,True
JPM,2022-05-09,20,BUY,55,6.74,True
JPM,2022-05-10,5,BUY,55,2.77,True
JPM,2022-05-10,10,BUY,55,6.28,True
JPM,2022-05-10,20,BUY,55,7.66,True
JPM,2022-05-11,5,BUY,55,1.65,True
JPM,2022-05-11,10,BUY,55,7.7,True
JPM,2022-05-11,20,BUY,55,6.07,True
JPM,2022-05-12,5,BUY,55,0.23,True
JPM,2022-05-12,10,BUY,55,9.66,True
JPM,2022-05-12,20,BUY,55,1.28,True
JPM,2022-05-13,5,BUY,55,-1.47,False
JPM,2022-05-13,10,BUY,55,10.23,True
JPM,2022-05-13,20,BUY,55,-2.6,False
JPM,2022-05-16,5,BUY,55,5.36,True
JPM,2022-05-16,10,BUY,55,11.81,True
JPM,2022-05-16,20,BUY,55,-3.55,False
JPM,2022-05-17,5,BUY,55,3.42,True
JPM,2022-05-17,10,BUY,55,6.33,True
JPM,2022-05-17,20,BUY,55,-5.54,False
JPM,2022-05-18,5,BUY,55,5.95,True
JPM,2022-05-18,10,BUY,55,9.92,True
JPM,2022-05-18,20,BUY,55,-5.55,False
JPM,2022-05-19,5,BUY,55,9.41,True
JPM,2022-05-19,10,BUY,55,10.02,True
JPM,2022-05-19,20,BUY,55,-4.46,False
JPM,2022-05-20,5,BUY,55,11.87,True
JPM,2022-05-20,10,BUY,55,10.56,True
JPM,2022-05-20,20,BUY,55,-1.29,False
JPM,2022-05-23,5,BUY,55,6.12,True
JPM,2022-05-23,10,BUY,55,4.39,True
JPM,2022-05-23,20,BUY,55,-7.56,False
JPM,2022-05-24,5,BUY,55,2.81,True
JPM,2022-05-24,10,BUY,55,1.3,True
JPM,2022-05-24,20,BUY,55,-9.84,False
JPM,2022-05-25,5,BUY,55,3.74,True
JPM,2022-05-25,10,BUY,55,-1.52,False
JPM,2022-05-25,20,BUY,55,-7.8,False
JPM,2022-05-26,5,BUY,55,0.56,True
JPM,2022-05-26,10,BUY,55,-7.64,False
JPM,2022-05-26,20,BUY,55,-10.09,False
JPM,2022-05-27,5,BUY,55,-1.17,False
JPM,2022-05-27,10,BUY,55,-11.64,False
JPM,2022-05-27,20,BUY,55,-11.77,False
JPM,2022-05-31,5,BUY,55,-1.63,False
JPM,2022-05-31,10,BUY,55,-13.74,False
JPM,2022-05-31,20,BUY,55,-12.8,False
JPM,2022-06-01,5,BUY,55,-1.47,False
JPM,2022-06-01,10,BUY,55,-11.16,False
JPM,2022-06-01,20,BUY,55,-13.32,False
JPM,2022-06-02,5,BUY,55,-5.07,False
JPM,2022-06-02,10,BUY,55,-14.07,False
JPM,2022-06-02,20,BUY,55,-13.6,False
JPM,2022-06-03,5,BUY,55,-8.15,False
JPM,2022-06-03,10,BUY,55,-13.16,False
JPM,2022-06-03,20,BUY,55,-12.71,False
JPM,2022-06-06,5,BUY,55,-10.59,False
JPM,2022-06-06,10,BUY,55,-10.71,False
JPM,2022-06-06,20,BUY,55,-12.99,False
JPM,2022-06-07,5,BUY,55,-12.31,False
JPM,2022-06-07,10,BUY,55,-11.45,False
JPM,2022-06-07,20,BUY,55,-11.02,False
JPM,2022-06-08,5,BUY,55,-9.84,False
JPM,2022-06-08,10,BUY,55,-11.0,False
JPM,2022-06-08,20,BUY,55,-9.87,False
JPM,2022-06-09,5,BUY,55,-9.48,False
JPM,2022-06-09,10,BUY,55,-6.38,False
JPM,2022-06-09,20,BUY,55,-9.14,False
JPM,2022-06-10,5,BUY,55,-5.45,False
JPM,2022-06-10,10,BUY,55,-2.65,False
JPM,2022-06-10,20,BUY,55,-4.67,False
JPM,2022-06-13,5,BUY,55,-0.14,False
JPM,2022-06-13,10,BUY,55,-0.15,False
JPM,2022-06-13,20,BUY,55,-2.66,False
JPM,2022-06-14,5,BUY,55,0.98,True
JPM,2022-06-14,10,BUY,55,1.09,True
JPM,2022-06-14,20,BUY,55,-4.48,False
JPM,2022-06-15,5,BUY,55,-1.29,False
JPM,2022-06-15,10,BUY,55,-2.43,False
JPM,2022-06-15,20,BUY,55,-1.27,False
JPM,2022-06-16,5,BUY,55,3.43,True
JPM,2022-06-16,10,BUY,55,0.55,True
JPM,2022-06-16,20,BUY,55,-0.57,False
JPM,2022-06-17,5,BUY,55,2.96,True
JPM,2022-06-17,10,BUY,55,0.52,True
JPM,2022-06-17,20,BUY,55,2.25,True
JPM,2022-06-23,5,BUY,55,-1.15,False
JPM,2022-06-23,10,BUY,55,1.27,True
JPM,2022-06-23,20,BUY,55,1.63,True
JPM,2022-06-24,5,BUY,55,-2.79,False
JPM,2022-06-24,10,BUY,55,-2.95,False
JPM,2022-06-24,20,BUY,55,-0.92,False
JPM,2022-06-27,5,BUY,55,-2.37,False
JPM,2022-06-27,10,BUY,55,-2.07,False
JPM,2022-06-27,20,BUY,55,-1.68,False
JPM,2022-06-28,5,BUY,55,-2.54,False
JPM,2022-06-28,10,BUY,55,-2.52,False
JPM,2022-06-28,20,BUY,55,0.38,True
JPM,2022-06-29,5,BUY,55,0.38,True
JPM,2022-06-29,10,BUY,55,-5.5,False
JPM,2022-06-29,20,BUY,55,0.46,True
JPM,2022-06-30,5,BUY,55,2.45,True
JPM,2022-06-30,10,BUY,55,1.19,True
JPM,2022-06-30,20,BUY,55,3.35,True
JPM,2022-07-01,5,BUY,55,-0.17,False
JPM,2022-07-01,10,BUY,55,-1.11,False
JPM,2022-07-01,20,BUY,55,1.03,True
JPM,2022-07-05,5,BUY,55,0.31,True
JPM,2022-07-05,10,BUY,55,1.72,True
JPM,2022-07-05,20,BUY,55,-0.17,False
JPM,2022-07-06,5,BUY,55,0.02,True
JPM,2022-07-06,10,BUY,55,2.37,True
JPM,2022-07-06,20,BUY,55,1.54,True
JPM,2022-07-07,5,BUY,55,-5.86,False
JPM,2022-07-07,10,BUY,55,0.52,True
JPM,2022-07-07,20,BUY,55,-2.06,False
JPM,2022-07-08,5,BUY,55,-1.23,False
JPM,2022-07-08,10,BUY,55,0.35,True
JPM,2022-07-08,20,BUY,55,1.22,True
JPM,2022-07-11,5,BUY,55,-0.95,False
JPM,2022-07-11,10,BUY,55,2.09,True
JPM,2022-07-11,20,BUY,55,1.32,True
JPM,2022-07-12,5,BUY,55,1.41,True
JPM,2022-07-12,10,BUY,55,0.4,True
JPM,2022-07-12,20,BUY,55,2.13,True
JPM,2022-07-13,5,BUY,55,2.35,True
JPM,2022-07-13,10,BUY,55,2.98,True
JPM,2022-07-13,20,BUY,55,5.79,True
JPM,2022-07-14,5,BUY,55,6.78,True
JPM,2022-07-14,10,BUY,55,6.31,True
JPM,2022-07-14,20,BUY,55,11.24,True
JPM,2022-07-15,5,BUY,55,1.6,True
JPM,2022-07-15,10,BUY,55,2.13,True
JPM,2022-07-15,20,BUY,55,8.13,True
JPM,2022-07-18,5,BUY,55,3.07,True
JPM,2022-07-18,10,BUY,55,2.16,True
JPM,2022-07-18,20,BUY,55,9.54,True
JPM,2022-07-19,5,BUY,55,-1.0,False
JPM,2022-07-19,10,BUY,55,-1.86,False
JPM,2022-07-19,20,BUY,55,7.92,True
JPM,2022-07-20,5,BUY,55,0.61,True
JPM,2022-07-20,10,BUY,55,-0.81,False
JPM,2022-07-20,20,BUY,55,7.03,True
JPM,2022-07-21,5,BUY,55,-0.44,False
JPM,2022-07-21,10,BUY,55,-2.57,False
JPM,2022-07-21,20,BUY,55,5.48,True
JPM,2022-07-22,5,BUY,55,0.52,True
JPM,2022-07-22,10,BUY,55,0.87,True
JPM,2022-07-22,20,BUY,55,3.37,True
JPM,2022-07-25,5,BUY,55,-0.88,False
JPM,2022-07-25,10,BUY,55,-0.76,False
JPM,2022-07-25,20,BUY,55,1.26,True
JPM,2022-07-26,5,BUY,55,-0.87,False
JPM,2022-07-26,10,BUY,55,1.73,True
JPM,2022-07-26,20,BUY,55,1.85,True
JPM,2022-07-27,5,BUY,55,-1.41,False
JPM,2022-07-27,10,BUY,55,2.73,True
JPM,2022-07-27,20,BUY,55,0.49,True
JPM,2022-07-28,5,BUY,55,-2.13,False
JPM,2022-07-28,10,BUY,55,4.64,True
JPM,2022-07-28,20,BUY,55,3.26,True
JPM,2022-07-29,5,BUY,55,0.35,True
JPM,2022-07-29,10,BUY,55,5.87,True
JPM,2022-07-29,20,BUY,55,-0.6,False
JPM,2022-08-01,5,BUY,55,0.12,True
JPM,2022-08-01,10,BUY,55,7.22,True
JPM,2022-08-01,20,BUY,55,0.16,True
JPM,2022-08-02,5,BUY,55,2.62,True
JPM,2022-08-02,10,BUY,55,9.96,True
JPM,2022-08-02,20,BUY,55,1.76,True
JPM,2022-08-03,5,BUY,55,4.21,True
JPM,2022-08-03,10,BUY,55,7.9,True
JPM,2022-08-03,20,BUY,55,0.11,True
JPM,2022-08-04,5,BUY,55,6.92,True
JPM,2022-08-04,10,BUY,55,8.26,True
JPM,2022-08-04,20,BUY,55,1.91,True
JPM,2022-08-05,5,BUY,55,5.5,True
JPM,2022-08-05,10,BUY,55,2.48,True
JPM,2022-08-05,20,BUY,55,-1.77,False
JPM,2022-08-08,5,BUY,55,7.09,True
JPM,2022-08-08,10,BUY,55,2.03,True
JPM,2022-08-08,20,BUY,55,-0.53,False
JPM,2022-08-09,5,BUY,55,7.15,True
JPM,2022-08-09,10,BUY,55,0.12,True
JPM,2022-08-09,20,BUY,55,0.45,True
JPM,2022-08-10,5,BUY,55,3.55,True
JPM,2022-08-10,10,BUY,55,-2.19,False
JPM,2022-08-10,20,BUY,55,0.18,True
JPM,2022-08-11,5,BUY,55,1.25,True
JPM,2022-08-11,10,BUY,55,-1.32,False
JPM,2022-08-11,20,BUY,55,-0.81,False
JPM,2022-08-12,5,BUY,55,-2.87,False
JPM,2022-08-12,10,BUY,55,-6.11,False
JPM,2022-08-12,20,BUY,55,-1.27,False
JPM,2022-08-15,5,BUY,55,-4.73,False
JPM,2022-08-15,10,BUY,55,-6.59,False
JPM,2022-08-15,20,BUY,55,-4.96,False
JPM,2022-08-17,5,BUY,55,-5.54,False
JPM,2022-08-17,10,BUY,55,-7.23,False
JPM,2022-08-17,20,BUY,55,-3.85,False
JPM,2022-08-18,5,BUY,55,-2.54,False
JPM,2022-08-18,10,BUY,55,-5.86,False
JPM,2022-08-18,20,BUY,55,-3.75,False
JPM,2022-08-19,5,BUY,55,-3.34,False
JPM,2022-08-19,10,BUY,55,-4.15,False
JPM,2022-08-19,20,BUY,55,-0.4,False
JPM,2022-08-22,5,BUY,55,-1.95,False
JPM,2022-08-22,10,BUY,55,-2.51,False
JPM,2022-08-22,20,BUY,55,-0.72,False
JPM,2022-08-23,5,BUY,55,-0.96,False
JPM,2022-08-23,10,BUY,55,0.33,True
JPM,2022-08-23,20,BUY,55,-2.62,False
JPM,2022-08-24,5,BUY,55,-1.79,False
JPM,2022-08-24,10,BUY,55,2.42,True
JPM,2022-08-24,20,BUY,55,-3.96,False
JPM,2022-08-25,5,BUY,55,-3.41,False
JPM,2022-08-25,10,BUY,55,0.52,True
JPM,2022-08-25,20,BUY,55,-7.94,False
JPM,2022-08-26,5,BUY,55,-0.84,False
JPM,2022-08-26,10,BUY,55,5.15,True
JPM,2022-08-26,20,BUY,55,-6.87,False
JPM,2022-08-29,5,BUY,55,-0.57,False
JPM,2022-08-29,10,BUY,55,1.75,True
JPM,2022-08-29,20,BUY,55,-7.47,False
JPM,2022-08-30,5,BUY,55,1.3,True
JPM,2022-08-30,10,BUY,55,1.49,True
JPM,2022-08-30,20,BUY,55,-5.61,False
JPM,2022-08-31,5,BUY,55,4.28,True
JPM,2022-08-31,10,BUY,55,3.64,True
JPM,2022-08-31,20,BUY,55,-6.66,False
JPM,2022-09-01,5,BUY,55,4.07,True
JPM,2022-09-01,10,BUY,55,2.24,True
JPM,2022-09-01,20,BUY,55,-8.74,False
JPM,2022-09-02,5,BUY,55,6.04,True
JPM,2022-09-02,10,BUY,55,3.91,True
JPM,2022-09-02,20,BUY,55,-5.26,False
JPM,2022-09-06,5,SELL,55,2.33,False
JPM,2022-09-06,10,SELL,55,1.84,False
JPM,2022-09-06,20,SELL,55,-0.85,True
JPM,2022-09-07,5,BUY,55,0.19,True
JPM,2022-09-07,10,BUY,55,-2.94,False
JPM,2022-09-07,20,BUY,55,-3.9,False
JPM,2022-09-08,5,BUY,55,-0.62,False
JPM,2022-09-08,10,BUY,55,-6.23,False
JPM,2022-09-08,20,BUY,55,-8.0,False
JPM,2022-09-09,5,BUY,55,-1.75,False
JPM,2022-09-09,10,BUY,55,-8.42,False
JPM,2022-09-09,20,BUY,55,-10.27,False
JPM,2022-09-12,5,BUY,55,-2.01,False
JPM,2022-09-12,10,BUY,55,-11.44,False
JPM,2022-09-12,20,BUY,55,-12.15,False
JPM,2022-09-13,5,BUY,55,-0.48,False
JPM,2022-09-13,10,BUY,55,-9.06,False
JPM,2022-09-13,20,BUY,55,-11.61,False
JPM,2022-09-14,5,BUY,55,-3.13,False
JPM,2022-09-14,10,BUY,55,-7.0,False
JPM,2022-09-14,20,BUY,55,-9.98,False
JPM,2022-09-15,5,BUY,55,-5.65,False
JPM,2022-09-15,10,BUY,55,-9.93,False
JPM,2022-09-15,20,BUY,55,-6.38,False
JPM,2022-09-16,5,BUY,55,-6.78,False
JPM,2022-09-16,10,BUY,55,-10.74,False
JPM,2022-09-16,20,BUY,55,-4.18,False
JPM,2022-09-19,5,BUY,55,-9.62,False
JPM,2022-09-19,10,BUY,55,-8.83,False
JPM,2022-09-19,20,BUY,55,-1.07,False
JPM,2022-09-20,5,BUY,55,-8.62,False
JPM,2022-09-20,10,BUY,55,-2.64,False
JPM,2022-09-20,20,BUY,55,3.52,True
JPM,2022-09-21,5,BUY,55,-4.0,False
JPM,2022-09-21,10,BUY,55,-0.99,False
JPM,2022-09-21,20,BUY,55,4.5,True
JPM,2022-09-23,5,BUY,55,-4.25,False
JPM,2022-09-23,10,BUY,55,-2.03,False
JPM,2022-09-23,20,BUY,55,13.0,True
JPM,2022-09-26,5,BUY,55,0.88,True
JPM,2022-09-26,10,BUY,55,-0.81,False
JPM,2022-09-26,20,BUY,55,15.62,True
JPM,2022-09-27,5,BUY,55,6.54,True
JPM,2022-09-27,10,BUY,55,-2.81,False
JPM,2022-09-27,20,BUY,55,16.96,True
JPM,2022-09-28,5,BUY,55,3.14,True
JPM,2022-09-28,10,BUY,55,-3.2,False
JPM,2022-09-28,20,BUY,55,15.96,True
JPM,2022-09-29,5,BUY,55,2.78,True
JPM,2022-09-29,10,BUY,55,3.95,True
JPM,2022-09-29,20,BUY,55,18.42,True
JPM,2022-09-30,5,BUY,55,2.32,True
JPM,2022-09-30,10,BUY,55,7.35,True
JPM,2022-09-30,20,BUY,55,21.73,True
JPM,2022-10-03,5,BUY,55,-1.67,False
JPM,2022-10-03,10,BUY,55,8.51,True
JPM,2022-10-03,20,BUY,55,17.89,True
JPM,2022-10-04,5,BUY,55,-8.78,False
JPM,2022-10-04,10,BUY,55,6.33,True
JPM,2022-10-04,20,BUY,55,14.66,True
JPM,2022-10-05,5,BUY,55,-6.14,False
JPM,2022-10-05,10,BUY,55,5.54,True
JPM,2022-10-05,20,BUY,55,15.02,True
JPM,2022-10-06,5,BUY,55,1.14,True
JPM,2022-10-06,10,BUY,55,7.39,True
JPM,2022-10-06,20,BUY,55,17.63,True
JPM,2022-10-07,5,BUY,55,4.92,True
JPM,2022-10-07,10,BUY,55,15.33,True
JPM,2022-10-07,20,BUY,55,23.31,True
JPM,2022-10-10,5,BUY,55,10.35,True
JPM,2022-10-10,10,BUY,55,16.56,True
JPM,2022-10-10,20,BUY,55,25.13,True
JPM,2022-10-11,5,BUY,55,16.56,True
JPM,2022-10-11,10,BUY,55,20.34,True
JPM,2022-10-11,20,BUY,55,28.92,True
JPM,2022-10-12,5,BUY,55,12.45,True
JPM,2022-10-12,10,BUY,55,19.79,True
JPM,2022-10-12,20,BUY,55,25.22,True
JPM,2022-10-13,5,BUY,55,6.18,True
JPM,2022-10-13,10,BUY,55,13.93,True
JPM,2022-10-13,20,BUY,55,23.51,True
JPM,2022-10-14,5,BUY,55,9.93,True
JPM,2022-10-14,10,BUY,55,13.39,True
JPM,2022-10-14,20,BUY,55,21.68,True
JPM,2022-10-17,5,BUY,55,5.63,True
JPM,2022-10-17,10,BUY,55,8.65,True
JPM,2022-10-17,20,BUY,55,15.58,True
JPM,2022-10-18,5,BUY,55,3.25,True
JPM,2022-10-18,10,BUY,55,7.83,True
JPM,2022-10-18,20,BUY,55,11.86,True
JPM,2022-10-19,5,BUY,55,6.52,True
JPM,2022-10-19,10,BUY,55,8.98,True
JPM,2022-10-19,20,BUY,55,14.26,True
JPM,2022-10-20,5,BUY,55,7.29,True
JPM,2022-10-20,10,BUY,55,9.53,True
JPM,2022-10-20,20,BUY,55,14.13,True
JPM,2022-10-21,5,BUY,55,3.15,True
JPM,2022-10-21,10,BUY,55,6.91,True
JPM,2022-10-21,20,BUY,55,9.5,True
JPM,2022-10-24,5,BUY,55,2.86,True
JPM,2022-10-24,10,BUY,55,7.35,True
JPM,2022-10-24,20,BUY,55,8.72,True
JPM,2022-10-25,5,BUY,55,4.44,True
JPM,2022-10-25,10,BUY,55,7.13,True
JPM,2022-10-25,20,BUY,55,10.06,True
JPM,2022-10-26,5,BUY,55,2.3,True
JPM,2022-10-26,10,BUY,55,4.54,True
JPM,2022-10-26,20,BUY,55,9.97,True
JPM,2022-10-27,5,BUY,55,2.09,True
JPM,2022-10-27,10,BUY,55,8.41,True
JPM,2022-10-27,20,BUY,55,9.74,True
JPM,2022-10-31,5,BUY,55,4.36,True
JPM,2022-10-31,10,BUY,55,6.38,True
JPM,2022-10-31,20,BUY,55,8.48,True
JPM,2022-11-01,5,BUY,55,2.58,True
JPM,2022-11-01,10,BUY,55,3.74,True
JPM,2022-11-01,20,BUY,55,7.83,True
JPM,2022-11-02,5,BUY,55,2.18,True
JPM,2022-11-02,10,BUY,55,4.84,True
JPM,2022-11-02,20,BUY,55,7.3,True
JPM,2022-11-03,5,BUY,55,6.19,True
JPM,2022-11-03,10,BUY,55,4.2,True
JPM,2022-11-03,20,BUY,55,6.26,True
JPM,2022-11-04,5,BUY,55,3.54,True
JPM,2022-11-04,10,BUY,55,2.42,True
JPM,2022-11-04,20,BUY,55,0.53,True
JPM,2022-11-07,5,BUY,55,1.93,True
JPM,2022-11-07,10,BUY,55,1.28,True
JPM,2022-11-07,20,BUY,55,0.17,True
JPM,2022-11-08,5,BUY,55,1.13,True
JPM,2022-11-08,10,BUY,55,2.73,True
JPM,2022-11-08,20,BUY,55,0.04,True
JPM,2022-11-09,5,BUY,55,2.61,True
JPM,2022-11-09,10,BUY,55,5.19,True
JPM,2022-11-09,20,BUY,55,2.42,True
JPM,2022-11-10,5,BUY,55,-1.88,False
JPM,2022-11-10,10,BUY,55,1.23,True
JPM,2022-11-10,20,BUY,55,-2.16,False
JPM,2022-11-11,5,BUY,55,-1.08,False
JPM,2022-11-11,10,BUY,55,-0.7,False
JPM,2022-11-11,20,BUY,55,-0.81,False
JPM,2022-11-14,5,BUY,55,-0.64,False
JPM,2022-11-14,10,BUY,55,1.98,True
JPM,2022-11-14,20,BUY,55,0.13,True
JPM,2022-11-15,5,BUY,55,1.58,True
JPM,2022-11-15,10,BUY,55,3.94,True
JPM,2022-11-15,20,BUY,55,0.35,True
JPM,2022-11-16,5,SELL,55,2.52,False
JPM,2022-11-16,10,SELL,55,2.34,False
JPM,2022-11-16,20,SELL,55,-2.27,True
JPM,2022-11-17,5,SELL,55,3.17,False
JPM,2022-11-17,10,SELL,55,1.98,False
JPM,2022-11-17,20,SELL,55,-2.45,True
JPM,2022-11-18,5,SELL,55,0.38,False
JPM,2022-11-18,10,SELL,55,-1.85,True
JPM,2022-11-18,20,SELL,55,-2.82,True
JPM,2022-11-21,5,SELL,55,2.64,False
JPM,2022-11-21,10,SELL,55,-1.1,True
JPM,2022-11-21,20,SELL,55,-1.77,True
JPM,2022-11-22,5,SELL,55,2.33,False
JPM,2022-11-22,10,SELL,55,-2.62,True
JPM,2022-11-22,20,SELL,55,-2.13,True
JPM,2022-11-23,5,SELL,55,-0.18,True
JPM,2022-11-23,10,SELL,55,-2.64,True
JPM,2022-11-23,20,SELL,55,-4.26,True
JPM,2022-11-25,5,SELL,55,-1.16,True
JPM,2022-11-25,10,SELL,55,-3.35,True
JPM,2022-11-25,20,SELL,55,-3.99,True
JPM,2022-11-28,5,BUY,55,-2.22,False
JPM,2022-11-28,10,BUY,55,-0.1,False
JPM,2022-11-28,20,BUY,55,-1.94,False
JPM,2022-11-29,5,BUY,55,-3.64,False
JPM,2022-11-29,10,BUY,55,-1.82,False
JPM,2022-11-29,20,BUY,55,-3.0,False
JPM,2022-11-30,5,BUY,55,-4.83,False
JPM,2022-11-30,10,BUY,55,-3.45,False
JPM,2022-11-30,20,BUY,55,-3.59,False
JPM,2022-12-01,5,BUY,55,-2.47,False
JPM,2022-12-01,10,BUY,55,-4.51,False
JPM,2022-12-01,20,BUY,55,-1.57,False
JPM,2022-12-02,5,BUY,55,-2.22,False
JPM,2022-12-02,10,BUY,55,-4.34,False
JPM,2022-12-02,20,BUY,55,-0.03,False
JPM,2022-12-05,5,BUY,55,2.16,True
JPM,2022-12-05,10,BUY,55,-1.0,False
JPM,2022-12-05,20,BUY,55,3.81,True
JPM,2022-12-06,5,BUY,55,1.89,True
JPM,2022-12-06,10,BUY,55,-0.68,False
JPM,2022-12-06,20,BUY,55,3.62,True
JPM,2022-12-07,5,BUY,55,1.45,True
JPM,2022-12-07,10,BUY,55,0.5,True
JPM,2022-12-07,20,BUY,55,5.67,True
JPM,2022-12-08,5,BUY,55,-2.09,False
JPM,2022-12-08,10,BUY,55,-1.67,False
JPM,2022-12-08,20,BUY,55,4.14,True
JPM,2022-12-09,5,BUY,55,-2.17,False
JPM,2022-12-09,10,BUY,55,-0.67,False
JPM,2022-12-09,20,BUY,55,5.65,True
JPM,2022-12-12,5,BUY,55,-3.09,False
JPM,2022-12-12,10,BUY,55,-1.84,False
JPM,2022-12-12,20,BUY,55,4.81,True
JPM,2022-12-13,5,BUY,55,-2.53,False
JPM,2022-12-13,10,BUY,55,-1.21,False
JPM,2022-12-13,20,BUY,55,4.8,True
JPM,2022-12-14,5,BUY,55,-0.94,False
JPM,2022-12-14,10,BUY,55,-0.14,False
JPM,2022-12-14,20,BUY,55,7.99,True
JPM,2022-12-15,5,BUY,55,0.43,True
JPM,2022-12-15,10,BUY,55,3.07,True
JPM,2022-12-15,20,BUY,55,9.02,True
JPM,2022-12-16,5,BUY,55,1.54,True
JPM,2022-12-16,10,BUY,55,4.51,True
JPM,2022-12-16,20,BUY,55,6.41,True
JPM,2022-12-19,5,BUY,55,1.29,True
JPM,2022-12-19,10,BUY,55,4.86,True
JPM,2022-12-19,20,BUY,55,4.37,True
JPM,2022-12-20,5,BUY,55,1.35,True
JPM,2022-12-20,10,BUY,55,4.33,True
JPM,2022-12-20,20,BUY,55,4.12,True
JPM,2022-12-21,5,BUY,55,0.8,True
JPM,2022-12-21,10,BUY,55,5.14,True
JPM,2022-12-21,20,BUY,55,4.63,True
JPM,2022-12-22,5,BUY,55,2.63,True
JPM,2022-12-22,10,BUY,55,5.91,True
JPM,2022-12-22,20,BUY,55,6.74,True
JPM,2022-12-23,5,BUY,55,2.93,True
JPM,2022-12-23,10,BUY,55,6.36,True
JPM,2022-12-23,20,BUY,55,6.75,True
JPM,2022-12-27,5,BUY,55,3.52,True
JPM,2022-12-27,10,BUY,55,6.77,True
JPM,2022-12-27,20,BUY,55,7.04,True
JPM,2022-12-28,5,BUY,55,2.94,True
JPM,2022-12-28,10,BUY,55,6.09,True
JPM,2022-12-28,20,BUY,55,6.72,True
JPM,2022-12-29,5,BUY,55,4.31,True
JPM,2022-12-29,10,BUY,55,8.14,True
JPM,2022-12-29,20,BUY,55,5.21,True
JPM,2022-12-30,5,BUY,55,3.2,True
JPM,2022-12-30,10,BUY,55,5.77,True
JPM,2022-12-30,20,BUY,55,5.14,True
JPM,2023-01-03,5,BUY,55,3.33,True
JPM,2023-01-03,10,BUY,55,1.82,True
JPM,2023-01-03,20,BUY,55,4.07,True
JPM,2023-01-04,5,BUY,55,3.14,True
JPM,2023-01-04,10,BUY,55,-0.47,False
JPM,2023-01-04,20,BUY,55,2.63,True
JPM,2023-01-05,5,BUY,55,3.06,True
JPM,2023-01-05,10,BUY,55,-0.2,False
JPM,2023-01-05,20,BUY,55,4.24,True
JPM,2023-01-06,5,BUY,55,3.68,True
JPM,2023-01-06,10,BUY,55,-0.49,False
JPM,2023-01-06,20,BUY,55,2.89,True
JPM,2023-01-09,5,BUY,55,2.5,True
JPM,2023-01-09,10,BUY,55,0.79,True
JPM,2023-01-09,20,BUY,55,4.57,True
JPM,2023-01-10,5,BUY,55,-1.46,False
JPM,2023-01-10,10,BUY,55,0.38,True
JPM,2023-01-10,20,BUY,55,2.91,True
JPM,2023-01-11,5,BUY,55,-3.49,False
JPM,2023-01-11,10,BUY,55,0.25,True
JPM,2023-01-11,20,BUY,55,0.57,True
JPM,2023-01-12,5,BUY,55,-3.16,False
JPM,2023-01-12,10,BUY,55,0.6,True
JPM,2023-01-12,20,BUY,55,1.11,True
JPM,2023-01-13,5,BUY,55,-4.01,False
JPM,2023-01-13,10,BUY,55,-2.71,False
JPM,2023-01-13,20,BUY,55,-0.31,False
JPM,2023-01-17,5,BUY,55,-1.67,False
JPM,2023-01-17,10,BUY,55,-0.6,False
JPM,2023-01-17,20,BUY,55,1.7,True
JPM,2023-01-18,5,BUY,55,1.87,True
JPM,2023-01-18,10,BUY,55,2.21,True
JPM,2023-01-18,20,BUY,55,5.29,True
JPM,2023-01-19,5,BUY,55,3.88,True
JPM,2023-01-19,10,BUY,55,3.11,True
JPM,2023-01-19,20,BUY,55,5.25,True
JPM,2023-01-20,5,BUY,55,3.88,True
JPM,2023-01-20,10,BUY,55,4.45,True
JPM,2023-01-20,20,BUY,55,5.3,True
JPM,2023-01-23,5,BUY,55,1.35,True
JPM,2023-01-23,10,BUY,55,3.39,True
JPM,2023-01-23,20,BUY,55,1.72,True
JPM,2023-01-24,5,BUY,55,1.09,True
JPM,2023-01-24,10,BUY,55,3.76,True
JPM,2023-01-24,20,BUY,55,0.08,True
JPM,2023-01-25,5,BUY,55,0.34,True
JPM,2023-01-25,10,BUY,55,2.53,True
JPM,2023-01-25,20,BUY,55,0.4,True
JPM,2023-01-26,5,BUY,55,-0.74,False
JPM,2023-01-26,10,BUY,55,0.31,True
JPM,2023-01-26,20,BUY,55,0.68,True
JPM,2023-01-27,5,BUY,55,0.55,True
JPM,2023-01-27,10,BUY,55,0.51,True
JPM,2023-01-27,20,BUY,55,1.31,True
JPM,2023-01-30,5,BUY,55,2.01,True
JPM,2023-01-30,10,BUY,55,2.47,True
JPM,2023-01-30,20,BUY,55,3.03,True
JPM,2023-01-31,5,BUY,55,2.64,True
JPM,2023-01-31,10,BUY,55,2.31,True
JPM,2023-01-31,20,BUY,55,1.85,True
JPM,2023-02-01,5,BUY,55,2.18,True
JPM,2023-02-01,10,BUY,55,3.02,True
JPM,2023-02-01,20,BUY,55,1.06,True
JPM,2023-02-02,5,BUY,55,1.07,True
JPM,2023-02-02,10,BUY,55,2.07,True
JPM,2023-02-02,20,BUY,55,3.4,True
JPM,2023-02-03,5,BUY,55,-0.04,False
JPM,2023-02-03,10,BUY,55,0.82,True
JPM,2023-02-03,20,BUY,55,1.23,True
JPM,2023-02-06,5,BUY,55,0.46,True
JPM,2023-02-06,10,BUY,55,-1.61,False
JPM,2023-02-06,20,BUY,55,-2.33,False
JPM,2023-02-07,5,BUY,55,-0.31,False
JPM,2023-02-07,10,BUY,55,-3.54,False
JPM,2023-02-07,20,BUY,55,-4.07,False
JPM,2023-02-08,5,BUY,55,0.81,True
JPM,2023-02-08,10,BUY,55,-2.08,False
JPM,2023-02-08,20,BUY,55,-8.62,False
JPM,2023-02-09,5,BUY,55,1.0,True
JPM,2023-02-09,10,BUY,55,0.36,True
JPM,2023-02-09,20,BUY,55,-4.82,False
JPM,2023-02-10,5,BUY,55,0.85,True
JPM,2023-02-10,10,BUY,55,0.79,True
JPM,2023-02-10,20,BUY,55,-6.94,False
JPM,2023-02-13,5,BUY,55,-2.06,False
JPM,2023-02-13,10,BUY,55,0.55,True
JPM,2023-02-13,20,BUY,55,-5.58,False
JPM,2023-02-14,5,BUY,55,-3.24,False
JPM,2023-02-14,10,BUY,55,-0.45,False
JPM,2023-02-14,20,BUY,55,-10.43,False
JPM,2023-02-15,5,BUY,55,-2.87,False
JPM,2023-02-15,10,BUY,55,-1.9,False
JPM,2023-02-15,20,BUY,55,-9.08,False
JPM,2023-02-16,5,BUY,55,-0.63,False
JPM,2023-02-16,10,BUY,55,1.3,True
JPM,2023-02-16,20,BUY,55,-11.29,False
JPM,2023-02-17,5,BUY,55,-0.06,False
JPM,2023-02-17,10,BUY,55,0.41,True
JPM,2023-02-17,20,BUY,55,-10.62,False
JPM,2023-02-21,5,BUY,55,2.66,True
JPM,2023-02-21,10,BUY,55,-0.72,False
JPM,2023-02-21,20,BUY,55,-6.5,False
JPM,2023-02-22,5,BUY,55,2.88,True
JPM,2023-02-22,10,BUY,55,-0.55,False
JPM,2023-02-22,20,BUY,55,-8.21,False
JPM,2023-02-23,5,BUY,55,1.0,True
JPM,2023-02-23,10,BUY,55,-6.68,False
JPM,2023-02-23,20,BUY,55,-9.19,False
JPM,2023-02-24,5,BUY,55,1.94,True
JPM,2023-02-24,10,BUY,55,-5.17,False
JPM,2023-02-24,20,BUY,55,-11.37,False
JPM,2023-02-27,5,BUY,55,0.46,True
JPM,2023-02-27,10,BUY,55,-7.67,False
JPM,2023-02-27,20,BUY,55,-9.62,False
JPM,2023-02-28,5,BUY,55,-3.3,False
JPM,2023-02-28,10,BUY,55,-6.09,False
JPM,2023-02-28,20,BUY,55,-10.09,False
JPM,2023-03-01,5,BUY,55,-3.33,False
JPM,2023-03-01,10,BUY,55,-10.02,False
JPM,2023-03-01,20,BUY,55,-9.41,False
JPM,2023-03-02,5,BUY,55,-7.61,False
JPM,2023-03-02,10,BUY,55,-7.32,False
JPM,2023-03-02,20,BUY,55,-8.73,False
JPM,2023-03-03,5,BUY,55,-6.97,False
JPM,2023-03-03,10,BUY,55,-12.43,False
JPM,2023-03-03,20,BUY,55,-9.29,False
JPM,2023-03-06,5,BUY,55,-8.1,False
JPM,2023-03-06,10,BUY,55,-10.98,False
JPM,2023-03-06,20,BUY,55,-8.86,False
JPM,2023-03-07,5,BUY,55,-2.89,False
JPM,2023-03-07,10,BUY,55,-5.82,False
JPM,2023-03-07,20,BUY,55,-7.36,False
JPM,2023-03-08,5,BUY,55,-6.92,False
JPM,2023-03-08,10,BUY,55,-7.71,False
JPM,2023-03-08,20,BUY,55,-6.67,False
JPM,2023-03-09,5,BUY,55,0.31,True
JPM,2023-03-09,10,BUY,55,-2.69,False
JPM,2023-03-09,20,BUY,55,-1.43,False
JPM,2023-03-10,5,BUY,55,-5.87,False
JPM,2023-03-10,10,BUY,55,-6.54,False
JPM,2023-03-10,20,BUY,55,-3.56,False
JPM,2023-03-13,5,BUY,55,-3.13,False
JPM,2023-03-13,10,BUY,55,-2.1,False
JPM,2023-03-13,20,BUY,55,-1.31,False
JPM,2023-03-14,5,BUY,55,-3.02,False
JPM,2023-03-14,10,BUY,55,-4.26,False
JPM,2023-03-14,20,BUY,55,-3.8,False
JPM,2023-03-16,5,BUY,55,-2.99,False
JPM,2023-03-16,10,BUY,55,-1.53,False
JPM,2023-03-16,20,BUY,55,6.94,True
JPM,2023-03-17,5,BUY,55,-0.72,False
JPM,2023-03-17,10,BUY,55,3.58,True
JPM,2023-03-17,20,BUY,55,12.02,True
JPM,2023-03-20,5,BUY,55,1.06,True
JPM,2023-03-20,10,BUY,55,2.38,True
JPM,2023-03-20,20,BUY,55,12.09,True
JPM,2023-03-21,5,BUY,55,-1.28,False
JPM,2023-03-21,10,BUY,55,-1.63,False
JPM,2023-03-21,20,BUY,55,9.02,True
JPM,2023-03-22,5,BUY,55,1.54,True
JPM,2023-03-22,10,BUY,55,1.13,True
JPM,2023-03-22,20,BUY,55,11.59,True
JPM,2023-03-23,5,BUY,55,1.51,True
JPM,2023-03-23,10,BUY,55,1.29,True
JPM,2023-03-23,20,BUY,55,11.67,True
JPM,2023-03-24,5,BUY,55,4.32,True
JPM,2023-03-24,10,BUY,55,3.19,True
JPM,2023-03-24,20,BUY,55,13.55,True
JPM,2023-03-27,5,BUY,55,1.3,True
JPM,2023-03-27,10,BUY,55,0.81,True
JPM,2023-03-27,20,BUY,55,7.99,True
JPM,2023-03-28,5,BUY,55,-0.36,False
JPM,2023-03-28,10,BUY,55,0.49,True
JPM,2023-03-28,20,BUY,55,5.75,True
JPM,2023-03-29,5,BUY,55,-0.41,False
JPM,2023-03-29,10,BUY,55,0.67,True
JPM,2023-03-29,20,BUY,55,6.96,True
JPM,2023-03-30,5,BUY,55,-0.22,False
JPM,2023-03-30,10,BUY,55,8.6,True
JPM,2023-03-30,20,BUY,55,8.21,True
JPM,2023-03-31,5,BUY,55,-1.09,False
JPM,2023-03-31,10,BUY,55,8.15,True
JPM,2023-03-31,20,BUY,55,9.21,True
JPM,2023-04-03,5,BUY,55,-0.49,False
JPM,2023-04-03,10,BUY,55,9.49,True
JPM,2023-04-03,20,BUY,55,7.57,True
JPM,2023-04-04,5,BUY,55,0.85,True
JPM,2023-04-04,10,BUY,55,10.83,True
JPM,2023-04-04,20,BUY,55,6.72,True
JPM,2023-04-05,5,BUY,55,1.08,True
JPM,2023-04-05,10,BUY,55,10.34,True
JPM,2023-04-05,20,BUY,55,5.1,True
JPM,2023-04-06,5,BUY,55,8.83,True
JPM,2023-04-06,10,BUY,55,10.25,True
JPM,2023-04-06,20,BUY,55,7.27,True
JPM,2023-04-10,5,BUY,55,9.34,True
JPM,2023-04-10,10,BUY,55,10.04,True
JPM,2023-04-10,20,BUY,55,7.18,True
JPM,2023-04-11,5,SELL,55,10.02,False
JPM,2023-04-11,10,SELL,55,7.12,False
JPM,2023-04-11,20,SELL,55,6.14,False
JPM,2023-04-12,5,SELL,55,9.9,False
JPM,2023-04-12,10,SELL,55,5.24,False
JPM,2023-04-12,20,SELL,55,6.21,False
JPM,2023-04-13,5,SELL,55,9.16,False
JPM,2023-04-13,10,SELL,55,6.25,False
JPM,2023-04-13,20,SELL,55,5.47,False
JPM,2023-04-14,5,BUY,55,1.3,True
JPM,2023-04-14,10,BUY,55,-0.35,False
JPM,2023-04-14,20,BUY,55,-3.34,False
JPM,2023-04-17,5,SELL,55,0.64,False
JPM,2023-04-17,10,SELL,55,0.98,False
JPM,2023-04-17,20,SELL,55,-3.29,True
JPM,2023-04-18,5,SELL,55,-2.64,True
JPM,2023-04-18,10,SELL,55,-1.75,True
JPM,2023-04-18,20,SELL,55,-5.01,True
JPM,2023-04-19,5,SELL,55,-4.24,True
JPM,2023-04-19,10,SELL,55,-3.71,True
JPM,2023-04-19,20,SELL,55,-1.96,True
JPM,2023-04-20,5,SELL,55,-2.67,True
JPM,2023-04-20,10,SELL,55,-4.75,True
JPM,2023-04-20,20,SELL,55,-0.93,True
JPM,2023-04-21,5,SELL,55,-1.64,True
JPM,2023-04-21,10,SELL,55,-2.7,True
JPM,2023-04-21,20,SELL,55,-0.97,True
JPM,2023-04-24,5,BUY,55,0.33,True
JPM,2023-04-24,10,BUY,55,-2.6,False
JPM,2023-04-24,20,BUY,55,-1.92,False
JPM,2023-04-25,5,BUY,55,0.91,True
JPM,2023-04-25,10,BUY,55,-0.92,False
JPM,2023-04-25,20,BUY,55,-0.78,False
JPM,2023-04-26,5,BUY,55,0.55,True
JPM,2023-04-26,10,BUY,55,0.92,True
JPM,2023-04-26,20,BUY,55,0.08,True
JPM,2023-04-27,5,SELL,55,-2.14,True
JPM,2023-04-27,10,SELL,55,-0.73,True
JPM,2023-04-27,20,SELL,55,-1.01,True
JPM,2023-05-01,5,BUY,55,-2.92,False
JPM,2023-05-01,10,BUY,55,-4.23,False
JPM,2023-05-01,20,BUY,55,-2.65,False
JPM,2023-05-02,5,BUY,55,-1.81,False
JPM,2023-05-02,10,BUY,55,-3.31,False
JPM,2023-05-02,20,BUY,55,-2.31,False
JPM,2023-05-03,5,BUY,55,0.37,True
JPM,2023-05-03,10,BUY,55,1.82,True
JPM,2023-05-03,20,BUY,55,1.18,True
JPM,2023-05-04,5,BUY,55,1.44,True
JPM,2023-05-04,10,BUY,55,4.01,True
JPM,2023-05-04,20,BUY,55,4.73,True
JPM,2023-05-05,5,BUY,55,-1.93,False
JPM,2023-05-05,10,BUY,55,1.78,True
JPM,2023-05-05,20,BUY,55,1.72,True
JPM,2023-05-08,5,BUY,55,-1.34,False
JPM,2023-05-08,10,BUY,55,0.7,True
JPM,2023-05-08,20,BUY,55,1.66,True
JPM,2023-05-09,5,BUY,55,-1.53,False
JPM,2023-05-09,10,BUY,55,0.13,True
JPM,2023-05-09,20,BUY,55,3.14,True
JPM,2023-05-10,5,BUY,55,1.44,True
JPM,2023-05-10,10,BUY,55,-0.84,False
JPM,2023-05-10,20,BUY,55,3.11,True
JPM,2023-05-11,5,BUY,55,2.54,True
JPM,2023-05-11,10,BUY,55,-0.28,False
JPM,2023-05-11,20,BUY,55,3.65,True
JPM,2023-05-12,5,BUY,55,3.79,True
JPM,2023-05-12,10,BUY,55,2.12,True
JPM,2023-05-12,20,BUY,55,5.15,True
JPM,2023-05-15,5,BUY,55,2.07,True
JPM,2023-05-15,10,BUY,55,1.65,True
JPM,2023-05-15,20,BUY,55,5.02,True
JPM,2023-05-16,5,SELL,55,1.69,False
JPM,2023-05-16,10,SELL,55,1.03,False
JPM,2023-05-16,20,SELL,55,5.34,False
JPM,2023-05-17,5,SELL,55,-2.25,True
JPM,2023-05-17,10,SELL,55,-0.63,True
JPM,2023-05-17,20,SELL,55,3.35,False
JPM,2023-05-18,5,SELL,55,-2.75,True
JPM,2023-05-18,10,SELL,55,0.7,False
JPM,2023-05-18,20,SELL,55,2.7,False
JPM,2023-05-19,5,SELL,55,-1.61,True
JPM,2023-05-19,10,SELL,55,-0.06,True
JPM,2023-05-19,20,SELL,55,2.41,False
JPM,2023-05-22,5,BUY,55,-0.41,False
JPM,2023-05-22,10,BUY,55,0.95,True
JPM,2023-05-22,20,BUY,55,3.11,True
JPM,2023-05-23,5,BUY,55,-0.64,False
JPM,2023-05-23,10,BUY,55,3.0,True
JPM,2023-05-23,20,BUY,55,2.19,True
JPM,2023-05-24,5,BUY,55,1.66,True
JPM,2023-05-24,10,BUY,55,3.98,True
JPM,2023-05-24,20,BUY,55,2.59,True
JPM,2023-05-25,5,BUY,55,3.54,True
JPM,2023-05-25,10,BUY,55,3.94,True
JPM,2023-05-25,20,BUY,55,2.59,True
JPM,2023-05-26,5,BUY,55,1.57,True
JPM,2023-05-26,10,BUY,55,2.96,True
JPM,2023-05-26,20,BUY,55,1.65,True
JPM,2023-05-30,5,BUY,55,1.37,True
JPM,2023-05-30,10,BUY,55,3.32,True
JPM,2023-05-30,20,BUY,55,0.82,True
JPM,2023-05-31,5,BUY,55,3.67,True
JPM,2023-05-31,10,BUY,55,4.26,True
JPM,2023-05-31,20,BUY,55,5.69,True
JPM,2023-06-01,5,BUY,55,2.29,True
JPM,2023-06-01,10,BUY,55,4.0,True
JPM,2023-06-01,20,BUY,55,5.71,True
JPM,2023-06-02,5,BUY,55,0.38,True
JPM,2023-06-02,10,BUY,55,1.99,True
JPM,2023-06-02,20,BUY,55,4.37,True
JPM,2023-06-05,5,BUY,55,1.37,True
JPM,2023-06-05,10,BUY,55,2.47,True
JPM,2023-06-05,20,BUY,55,4.7,True
JPM,2023-06-06,5,BUY,55,1.92,True
JPM,2023-06-06,10,BUY,55,2.14,True
JPM,2023-06-06,20,BUY,55,3.48,True
JPM,2023-06-07,5,BUY,55,0.57,True
JPM,2023-06-07,10,BUY,55,-0.79,False
JPM,2023-06-07,20,BUY,55,3.3,True
JPM,2023-06-08,5,BUY,55,1.68,True
JPM,2023-06-08,10,BUY,55,-1.34,False
JPM,2023-06-08,20,BUY,55,3.85,True
JPM,2023-06-09,5,BUY,55,1.6,True
JPM,2023-06-09,10,BUY,55,-1.29,False
JPM,2023-06-09,20,BUY,55,5.26,True
JPM,2023-06-12,5,BUY,55,1.09,True
JPM,2023-06-12,10,BUY,55,-1.28,False
JPM,2023-06-12,20,BUY,55,5.79,True
JPM,2023-06-13,5,BUY,55,0.21,True
JPM,2023-06-13,10,BUY,55,-2.42,False
JPM,2023-06-13,20,BUY,55,5.54,True
JPM,2023-06-14,5,BUY,55,-1.35,False
JPM,2023-06-14,10,BUY,55,1.37,True
JPM,2023-06-14,20,BUY,55,6.58,True
JPM,2023-06-15,5,BUY,55,-2.96,False
JPM,2023-06-15,10,BUY,55,1.64,True
JPM,2023-06-15,20,BUY,55,7.93,True
JPM,2023-06-16,5,BUY,55,-2.84,False
JPM,2023-06-16,10,BUY,55,2.34,True
JPM,2023-06-16,20,BUY,55,8.0,True
JPM,2023-06-20,5,BUY,55,-2.34,False
JPM,2023-06-20,10,BUY,55,2.18,True
JPM,2023-06-20,20,BUY,55,8.97,True
JPM,2023-06-21,5,BUY,55,-2.62,False
JPM,2023-06-21,10,BUY,55,1.32,True
JPM,2023-06-21,20,BUY,55,10.47,True
JPM,2023-06-22,5,BUY,55,2.76,True
JPM,2023-06-22,10,BUY,55,4.12,True
JPM,2023-06-22,20,BUY,55,11.77,True
JPM,2023-06-23,5,BUY,55,4.75,True
JPM,2023-06-23,10,BUY,55,5.26,True
JPM,2023-06-23,20,BUY,55,14.57,True
JPM,2023-06-26,5,BUY,55,5.33,True
JPM,2023-06-26,10,BUY,55,6.64,True
JPM,2023-06-26,20,BUY,55,13.44,True
JPM,2023-06-27,5,BUY,55,4.62,True
JPM,2023-06-27,10,BUY,55,7.16,True
JPM,2023-06-27,20,BUY,55,14.11,True
JPM,2023-06-28,5,BUY,55,4.04,True
JPM,2023-06-28,10,BUY,55,8.16,True
JPM,2023-06-28,20,BUY,55,13.35,True
JPM,2023-06-29,5,BUY,55,1.33,True
JPM,2023-06-29,10,BUY,55,5.14,True
JPM,2023-06-29,20,BUY,55,10.15,True
JPM,2023-06-30,5,BUY,55,0.49,True
JPM,2023-06-30,10,BUY,55,6.18,True
JPM,2023-06-30,20,BUY,55,9.35,True
JPM,2023-07-03,5,BUY,55,1.24,True
JPM,2023-07-03,10,BUY,55,5.53,True
JPM,2023-07-03,20,BUY,55,7.95,True
JPM,2023-07-05,5,BUY,55,2.43,True
JPM,2023-07-05,10,BUY,55,6.64,True
JPM,2023-07-05,20,BUY,55,7.44,True
JPM,2023-07-06,5,BUY,55,3.95,True
JPM,2023-07-06,10,BUY,55,9.04,True
JPM,2023-07-06,20,BUY,55,9.18,True
JPM,2023-07-07,5,BUY,55,3.76,True
JPM,2023-07-07,10,BUY,55,7.35,True
JPM,2023-07-07,20,BUY,55,8.09,True
JPM,2023-07-10,5,BUY,55,5.67,True
JPM,2023-07-10,10,BUY,55,8.85,True
JPM,2023-07-10,20,BUY,55,8.0,True
JPM,2023-07-11,5,BUY,55,4.23,True
JPM,2023-07-11,10,BUY,55,6.38,True
JPM,2023-07-11,20,BUY,55,5.74,True
JPM,2023-07-12,5,BUY,55,4.12,True
JPM,2023-07-12,10,BUY,55,6.49,True
JPM,2023-07-12,20,BUY,55,3.81,True
JPM,2023-07-13,5,BUY,55,4.89,True
JPM,2023-07-13,10,BUY,55,4.8,True
JPM,2023-07-13,20,BUY,55,3.15,True
JPM,2023-07-14,5,BUY,55,3.46,True
JPM,2023-07-14,10,BUY,55,4.77,True
JPM,2023-07-14,20,BUY,55,3.12,True
JPM,2023-07-17,5,BUY,55,3.01,True
JPM,2023-07-17,10,BUY,55,2.99,True
JPM,2023-07-17,20,BUY,55,0.91,True
JPM,2023-07-18,5,BUY,55,2.06,True
JPM,2023-07-18,10,BUY,55,2.29,True
JPM,2023-07-18,20,BUY,55,-1.84,False
JPM,2023-07-19,5,BUY,55,2.28,True
JPM,2023-07-19,10,BUY,55,0.75,True
JPM,2023-07-19,20,BUY,55,-2.63,False
JPM,2023-07-20,5,BUY,55,-0.08,False
JPM,2023-07-20,10,BUY,55,0.13,True
JPM,2023-07-20,20,BUY,55,-4.82,False
JPM,2023-07-21,5,BUY,55,1.26,True
JPM,2023-07-21,10,BUY,55,0.69,True
JPM,2023-07-21,20,BUY,55,-3.86,False
JPM,2023-07-24,5,BUY,55,-0.03,False
JPM,2023-07-24,10,BUY,55,-0.78,False
JPM,2023-07-24,20,BUY,55,-5.39,False
JPM,2023-07-25,5,BUY,55,0.23,True
JPM,2023-07-25,10,BUY,55,-0.6,False
JPM,2023-07-25,20,BUY,55,-6.66,False
JPM,2023-07-26,5,BUY,55,-1.5,False
JPM,2023-07-26,10,BUY,55,-2.52,False
JPM,2023-07-26,20,BUY,55,-6.59,False
JPM,2023-07-27,5,BUY,55,0.21,True
JPM,2023-07-27,10,BUY,55,-1.58,False
JPM,2023-07-27,20,BUY,55,-5.63,False
JPM,2023-07-28,5,BUY,55,-0.57,False
JPM,2023-07-28,10,BUY,55,-1.57,False
JPM,2023-07-28,20,BUY,55,-6.28,False
JPM,2023-07-31,5,BUY,55,-0.76,False
JPM,2023-07-31,10,BUY,55,-2.02,False
JPM,2023-07-31,20,BUY,55,-6.58,False
JPM,2023-08-01,5,BUY,55,-0.83,False
JPM,2023-08-01,10,BUY,55,-4.04,False
JPM,2023-08-01,20,BUY,55,-5.36,False
JPM,2023-08-02,5,BUY,55,-1.04,False
JPM,2023-08-02,10,BUY,55,-3.35,False
JPM,2023-08-02,20,BUY,55,-4.66,False
JPM,2023-08-03,5,BUY,55,-1.78,False
JPM,2023-08-03,10,BUY,55,-4.94,False
JPM,2023-08-03,20,BUY,55,-6.41,False
JPM,2023-08-04,5,BUY,55,-1.01,False
JPM,2023-08-04,10,BUY,55,-4.52,False
JPM,2023-08-04,20,BUY,55,-5.9,False
JPM,2023-08-07,5,BUY,55,-1.27,False
JPM,2023-08-07,10,BUY,55,-4.64,False
JPM,2023-08-07,20,BUY,55,-7.37,False
JPM,2023-08-08,5,BUY,55,-3.24,False
JPM,2023-08-08,10,BUY,55,-6.09,False
JPM,2023-08-08,20,BUY,55,-7.01,False
JPM,2023-08-09,5,BUY,55,-2.34,False
JPM,2023-08-09,10,BUY,55,-4.17,False
JPM,2023-08-09,20,BUY,55,-6.55,False
JPM,2023-08-10,5,BUY,55,-3.21,False
JPM,2023-08-10,10,BUY,55,-4.12,False
JPM,2023-08-10,20,BUY,55,-6.34,False
JPM,2023-08-11,5,SELL,55,-3.55,True
JPM,2023-08-11,10,SELL,55,-4.79,True
JPM,2023-08-11,20,SELL,55,-6.47,True
JPM,2023-08-14,5,SELL,55,-3.42,True
JPM,2023-08-14,10,SELL,55,-4.66,True
JPM,2023-08-14,20,SELL,55,-5.45,True
JPM,2023-08-15,5,SELL,55,-2.95,True
JPM,2023-08-15,10,SELL,55,-1.37,True
JPM,2023-08-15,20,SELL,55,-2.93,True
JPM,2023-08-16,5,SELL,55,-1.88,True
JPM,2023-08-16,10,SELL,55,-1.35,True
JPM,2023-08-16,20,SELL,55,-0.63,True
JPM,2023-08-17,5,SELL,55,-0.94,True
JPM,2023-08-17,10,SELL,55,-1.55,True
JPM,2023-08-17,20,SELL,55,0.12,False
JPM,2023-08-18,5,SELL,55,-1.29,True
JPM,2023-08-18,10,SELL,55,-1.44,True
JPM,2023-08-18,20,SELL,55,0.1,False
JPM,2023-08-21,5,SELL,55,-1.28,True
JPM,2023-08-21,10,SELL,55,-2.86,True
JPM,2023-08-21,20,SELL,55,-0.37,True
JPM,2023-08-22,5,SELL,55,1.63,False
JPM,2023-08-22,10,SELL,55,-0.97,True
JPM,2023-08-22,20,SELL,55,1.31,False
JPM,2023-08-23,5,SELL,55,0.54,False
JPM,2023-08-23,10,SELL,55,-2.48,True
JPM,2023-08-23,20,SELL,55,-0.16,True
JPM,2023-08-24,5,BUY,55,-0.61,False
JPM,2023-08-24,10,BUY,55,-2.31,False
JPM,2023-08-24,20,BUY,55,-1.02,False
JPM,2023-08-25,5,BUY,55,-0.16,False
JPM,2023-08-25,10,BUY,55,-1.76,False
JPM,2023-08-25,20,BUY,55,-0.41,False
JPM,2023-08-28,5,BUY,55,-1.6,False
JPM,2023-08-28,10,BUY,55,-0.83,False
JPM,2023-08-28,20,BUY,55,-1.78,False
JPM,2023-08-29,5,BUY,55,-2.55,False
JPM,2023-08-29,10,BUY,55,-1.58,False
JPM,2023-08-29,20,BUY,55,-2.0,False
JPM,2023-08-30,5,BUY,55,-3.0,False
JPM,2023-08-30,10,BUY,55,0.74,True
JPM,2023-08-30,20,BUY,55,-0.38,False
JPM,2023-08-31,5,BUY,55,-1.71,False
JPM,2023-08-31,10,BUY,55,1.69,True
JPM,2023-08-31,20,BUY,55,-0.9,False
JPM,2023-09-01,5,BUY,55,-1.61,False
JPM,2023-09-01,10,BUY,55,1.57,True
JPM,2023-09-01,20,BUY,55,-2.08,False
JPM,2023-09-06,5,BUY,55,1.0,True
JPM,2023-09-06,10,BUY,55,2.3,True
JPM,2023-09-06,20,BUY,55,-1.11,False
JPM,2023-09-07,5,BUY,55,3.85,True
JPM,2023-09-07,10,BUY,55,2.38,True
JPM,2023-09-07,20,BUY,55,0.16,True
JPM,2023-09-08,5,BUY,55,3.46,True
JPM,2023-09-08,10,BUY,55,1.32,True
JPM,2023-09-08,20,BUY,55,1.63,True
JPM,2023-09-11,5,BUY,55,3.23,True
JPM,2023-09-11,10,BUY,55,1.38,True
JPM,2023-09-11,20,BUY,55,0.95,True
JPM,2023-09-12,5,BUY,55,1.77,True
JPM,2023-09-12,10,BUY,55,-0.96,False
JPM,2023-09-12,20,BUY,55,0.26,True
JPM,2023-09-13,5,BUY,55,1.29,True
JPM,2023-09-13,10,BUY,55,-0.43,False
JPM,2023-09-13,20,BUY,55,0.56,True
JPM,2023-09-14,5,BUY,55,-1.41,False
JPM,2023-09-14,10,BUY,55,-1.11,False
JPM,2023-09-14,20,BUY,55,-1.58,False
JPM,2023-09-15,5,BUY,55,-2.07,False
JPM,2023-09-15,10,BUY,55,-2.55,False
JPM,2023-09-15,20,BUY,55,0.19,True
JPM,2023-09-18,5,BUY,55,-1.79,False
JPM,2023-09-18,10,BUY,55,-3.59,False
JPM,2023-09-18,20,BUY,55,-0.12,False
JPM,2023-09-19,5,BUY,55,-2.69,False
JPM,2023-09-19,10,BUY,55,-4.18,False
JPM,2023-09-19,20,BUY,55,-0.21,False
JPM,2023-09-20,5,BUY,55,-1.7,False
JPM,2023-09-20,10,BUY,55,-3.34,False
JPM,2023-09-20,20,BUY,55,-0.89,False
JPM,2023-09-21,5,BUY,55,0.31,True
JPM,2023-09-21,10,BUY,55,-2.16,False
JPM,2023-09-21,20,BUY,55,-0.53,False
JPM,2023-09-22,5,BUY,55,-0.49,False
JPM,2023-09-22,10,BUY,55,0.3,True
JPM,2023-09-22,20,BUY,55,-1.18,False
JPM,2023-09-25,5,BUY,55,-1.83,False
JPM,2023-09-25,10,BUY,55,-0.42,False
JPM,2023-09-25,20,BUY,55,-3.01,False
JPM,2023-09-26,5,BUY,55,-1.53,False
JPM,2023-09-26,10,BUY,55,1.24,True
JPM,2023-09-26,20,BUY,55,-1.88,False
JPM,2023-09-27,5,BUY,55,-1.67,False
JPM,2023-09-27,10,BUY,55,0.99,True
JPM,2023-09-27,20,BUY,55,-2.98,False
JPM,2023-09-28,5,BUY,55,-2.46,False
JPM,2023-09-28,10,BUY,55,-0.48,False
JPM,2023-09-28,20,BUY,55,-3.92,False
JPM,2023-09-29,5,BUY,55,0.79,True
JPM,2023-09-29,10,BUY,55,2.81,True
JPM,2023-09-29,20,BUY,55,-5.74,False
JPM,2023-10-02,5,BUY,55,1.44,True
JPM,2023-10-02,10,BUY,55,3.6,True
JPM,2023-10-02,20,BUY,55,-3.71,False
JPM,2023-10-03,5,BUY,55,2.81,True
JPM,2023-10-03,10,BUY,55,4.14,True
JPM,2023-10-03,20,BUY,55,-1.84,False
JPM,2023-10-04,5,BUY,55,2.71,True
JPM,2023-10-04,10,BUY,55,2.54,True
JPM,2023-10-04,20,BUY,55,-2.36,False
JPM,2023-10-05,5,BUY,55,2.04,True
JPM,2023-10-05,10,BUY,55,1.67,True
JPM,2023-10-05,20,BUY,55,-1.04,False
JPM,2023-10-06,5,BUY,55,2.0,True
JPM,2023-10-06,10,BUY,55,-1.48,False
JPM,2023-10-06,20,BUY,55,-1.45,False
JPM,2023-10-09,5,BUY,55,2.13,True
JPM,2023-10-09,10,BUY,55,-2.6,False
JPM,2023-10-09,20,BUY,55,-0.48,False
JPM,2023-10-10,5,BUY,55,1.29,True
JPM,2023-10-10,10,BUY,55,-3.08,False
JPM,2023-10-10,20,BUY,55,-1.13,False
JPM,2023-10-11,5,BUY,55,-0.16,False
JPM,2023-10-11,10,BUY,55,-3.93,False
JPM,2023-10-11,20,BUY,55,-0.98,False
JPM,2023-10-12,5,BUY,55,-0.36,False
JPM,2023-10-12,10,BUY,55,-3.46,False
JPM,2023-10-12,20,BUY,55,-1.04,False
JPM,2023-10-13,5,BUY,55,-3.41,False
JPM,2023-10-13,10,BUY,55,-8.32,False
JPM,2023-10-13,20,BUY,55,-1.06,False
JPM,2023-10-16,5,BUY,55,-4.63,False
JPM,2023-10-16,10,BUY,55,-7.05,False
JPM,2023-10-16,20,BUY,55,-1.4,False
JPM,2023-10-17,5,BUY,55,-4.31,False
JPM,2023-10-17,10,BUY,55,-5.74,False
JPM,2023-10-17,20,BUY,55,0.62,True
JPM,2023-10-18,5,BUY,55,-3.78,False
JPM,2023-10-18,10,BUY,55,-4.78,False
JPM,2023-10-18,20,BUY,55,2.62,True
JPM,2023-10-19,5,BUY,55,-3.12,False
JPM,2023-10-19,10,BUY,55,-2.66,False
JPM,2023-10-19,20,BUY,55,4.24,True
JPM,2023-10-20,5,BUY,55,-5.08,False
JPM,2023-10-20,10,BUY,55,0.03,True
JPM,2023-10-20,20,BUY,55,6.9,True
JPM,2023-10-23,5,BUY,55,-2.54,False
JPM,2023-10-23,10,BUY,55,2.18,True
JPM,2023-10-23,20,BUY,55,8.72,True
JPM,2023-10-24,5,BUY,55,-1.49,False
JPM,2023-10-24,10,BUY,55,2.01,True
JPM,2023-10-24,20,BUY,55,8.36,True
JPM,2023-10-25,5,BUY,55,-1.04,False
JPM,2023-10-25,10,BUY,55,3.08,True
JPM,2023-10-25,20,BUY,55,9.21,True
JPM,2023-10-26,5,BUY,55,0.47,True
JPM,2023-10-26,10,BUY,55,2.51,True
JPM,2023-10-26,20,BUY,55,9.08,True
JPM,2023-10-27,5,BUY,55,5.39,True
JPM,2023-10-27,10,BUY,55,7.92,True
JPM,2023-10-27,20,BUY,55,12.9,True
JPM,2023-10-30,5,BUY,55,4.85,True
JPM,2023-10-30,10,BUY,55,6.08,True
JPM,2023-10-30,20,BUY,55,11.73,True
JPM,2023-10-31,5,BUY,55,3.56,True
JPM,2023-10-31,10,BUY,55,6.75,True
JPM,2023-10-31,20,BUY,55,10.97,True
JPM,2023-11-01,5,BUY,55,4.16,True
JPM,2023-11-01,10,BUY,55,7.77,True
JPM,2023-11-01,20,BUY,55,12.34,True
JPM,2023-11-02,5,BUY,55,2.03,True
JPM,2023-11-02,10,BUY,55,7.09,True
JPM,2023-11-02,20,BUY,55,10.9,True
JPM,2023-11-03,5,BUY,55,2.4,True
JPM,2023-11-03,10,BUY,55,6.87,True
JPM,2023-11-03,20,BUY,55,10.48,True
JPM,2023-11-06,5,BUY,55,1.18,True
JPM,2023-11-06,10,BUY,55,6.39,True
JPM,2023-11-06,20,BUY,55,9.64,True
JPM,2023-11-07,5,BUY,55,3.08,True
JPM,2023-11-07,10,BUY,55,6.22,True
JPM,2023-11-07,20,BUY,55,8.54,True
JPM,2023-11-08,5,BUY,55,3.47,True
JPM,2023-11-08,10,BUY,55,5.95,True
JPM,2023-11-08,20,BUY,55,8.34,True
JPM,2023-11-09,5,BUY,55,4.96,True
JPM,2023-11-09,10,BUY,55,6.41,True
JPM,2023-11-09,20,BUY,55,9.86,True
JPM,2023-11-10,5,BUY,55,4.36,True
JPM,2023-11-10,10,BUY,55,4.62,True
JPM,2023-11-10,20,BUY,55,8.65,True
JPM,2023-11-13,5,BUY,55,5.15,True
JPM,2023-11-13,10,BUY,55,5.32,True
JPM,2023-11-13,20,BUY,55,10.11,True
JPM,2023-11-14,5,BUY,55,3.05,True
JPM,2023-11-14,10,BUY,55,3.96,True
JPM,2023-11-14,20,BUY,55,8.5,True
JPM,2023-11-15,5,BUY,55,2.4,True
JPM,2023-11-15,10,BUY,55,4.23,True
JPM,2023-11-15,20,BUY,55,9.52,True
JPM,2023-11-16,5,BUY,55,1.38,True
JPM,2023-11-16,10,BUY,55,3.56,True
JPM,2023-11-16,20,BUY,55,9.1,True
JPM,2023-11-17,5,BUY,55,0.24,True
JPM,2023-11-17,10,BUY,55,3.38,True
JPM,2023-11-17,20,BUY,55,8.78,True
JPM,2023-11-20,5,BUY,55,0.16,True
JPM,2023-11-20,10,BUY,55,3.05,True
JPM,2023-11-20,20,BUY,55,9.89,True
JPM,2023-11-21,5,BUY,55,0.88,True
JPM,2023-11-21,10,BUY,55,2.18,True
JPM,2023-11-21,20,BUY,55,8.88,True
JPM,2023-11-24,5,BUY,55,2.15,True
JPM,2023-11-24,10,BUY,55,3.24,True
JPM,2023-11-24,20,BUY,55,9.03,True
JPM,2023-11-27,5,BUY,55,3.13,True
JPM,2023-11-27,10,BUY,55,3.86,True
JPM,2023-11-27,20,BUY,55,9.92,True
JPM,2023-11-28,5,BUY,55,2.89,True
JPM,2023-11-28,10,BUY,55,4.55,True
JPM,2023-11-28,20,BUY,55,10.33,True
JPM,2023-11-29,5,BUY,55,1.29,True
JPM,2023-11-29,10,BUY,55,4.37,True
JPM,2023-11-29,20,BUY,55,10.36,True
JPM,2023-11-30,5,BUY,55,0.45,True
JPM,2023-11-30,10,BUY,55,5.07,True
JPM,2023-11-30,20,BUY,55,8.98,True
JPM,2023-12-01,5,BUY,55,1.07,True
JPM,2023-12-01,10,BUY,55,5.35,True
JPM,2023-12-01,20,BUY,55,9.72,True
JPM,2023-12-04,5,BUY,55,0.7,True
JPM,2023-12-04,10,BUY,55,5.22,True
JPM,2023-12-04,20,BUY,55,8.44,True
JPM,2023-12-05,5,BUY,55,1.61,True
JPM,2023-12-05,10,BUY,55,6.63,True
JPM,2023-12-05,20,BUY,55,9.18,True
JPM,2023-12-06,5,BUY,55,3.04,True
JPM,2023-12-06,10,BUY,55,6.55,True
JPM,2023-12-06,20,BUY,55,10.89,True
JPM,2023-12-07,5,BUY,55,4.59,True
JPM,2023-12-07,10,BUY,55,6.83,True
JPM,2023-12-07,20,BUY,55,10.39,True
JPM,2023-12-08,5,BUY,55,4.23,True
JPM,2023-12-08,10,BUY,55,5.6,True
JPM,2023-12-08,20,BUY,55,8.32,True
JPM,2023-12-11,5,BUY,55,4.48,True
JPM,2023-12-11,10,BUY,55,5.84,True
JPM,2023-12-11,20,BUY,55,8.15,True
JPM,2023-12-12,5,BUY,55,4.94,True
JPM,2023-12-12,10,BUY,55,5.53,True
JPM,2023-12-12,20,BUY,55,6.75,True
JPM,2023-12-13,5,BUY,55,3.41,True
JPM,2023-12-13,10,BUY,55,5.74,True
JPM,2023-12-13,20,BUY,55,5.61,True
JPM,2023-12-14,5,BUY,55,2.14,True
JPM,2023-12-14,10,BUY,55,3.73,True
JPM,2023-12-14,20,BUY,55,3.07,True
JPM,2023-12-15,5,BUY,55,1.31,True
JPM,2023-12-15,10,BUY,55,4.15,True
JPM,2023-12-15,20,BUY,55,1.75,True
JPM,2023-12-18,5,BUY,55,1.3,True
JPM,2023-12-18,10,BUY,55,3.07,True
JPM,2023-12-18,20,BUY,55,1.34,True
JPM,2023-12-19,5,BUY,55,0.56,True
JPM,2023-12-19,10,BUY,55,2.38,True
JPM,2023-12-19,20,BUY,55,1.73,True
JPM,2023-12-20,5,BUY,55,2.25,True
JPM,2023-12-20,10,BUY,55,4.07,True
JPM,2023-12-20,20,BUY,55,2.77,True
JPM,2023-12-21,5,BUY,55,1.55,True
JPM,2023-12-21,10,BUY,55,3.33,True
JPM,2023-12-21,20,BUY,55,1.51,True
JPM,2023-12-22,5,BUY,55,2.8,True
JPM,2023-12-22,10,BUY,55,2.58,True
JPM,2023-12-22,20,BUY,55,2.48,True
JPM,2023-12-26,5,BUY,55,1.75,True
JPM,2023-12-26,10,BUY,55,2.19,True
JPM,2023-12-26,20,BUY,55,3.34,True
JPM,2023-12-27,5,BUY,55,1.81,True
JPM,2023-12-27,10,BUY,55,1.15,True
JPM,2023-12-27,20,BUY,55,2.33,True
JPM,2023-12-28,5,BUY,55,1.78,True
JPM,2023-12-28,10,BUY,55,-0.12,False
JPM,2023-12-28,20,BUY,55,2.05,True
JPM,2023-12-29,5,BUY,55,1.75,True
JPM,2023-12-29,10,BUY,55,-0.63,False
JPM,2023-12-29,20,BUY,55,4.27,True
JPM,2024-01-02,5,BUY,55,-0.21,False
JPM,2024-01-02,10,BUY,55,-2.3,False
JPM,2024-01-02,20,BUY,55,1.95,True
JPM,2024-01-03,5,BUY,55,0.43,True
JPM,2024-01-03,10,BUY,55,-1.68,False
JPM,2024-01-03,20,BUY,55,2.03,True
JPM,2024-01-04,5,BUY,55,-0.65,False
JPM,2024-01-04,10,BUY,55,-0.64,False
JPM,2024-01-04,20,BUY,55,1.94,True
JPM,2024-01-05,5,BUY,55,-1.87,False
JPM,2024-01-05,10,BUY,55,-1.25,False
JPM,2024-01-05,20,BUY,55,1.29,True
JPM,2024-01-08,5,BUY,55,-2.34,False
JPM,2024-01-08,10,BUY,55,-1.76,False
JPM,2024-01-08,20,BUY,55,1.79,True
JPM,2024-01-09,5,BUY,55,-2.09,False
JPM,2024-01-09,10,BUY,55,-0.09,False
JPM,2024-01-09,20,BUY,55,2.8,True
JPM,2024-01-10,5,BUY,55,-2.11,False
JPM,2024-01-10,10,BUY,55,1.12,True
JPM,2024-01-10,20,BUY,55,2.21,True
JPM,2024-01-11,5,BUY,55,0.01,True
JPM,2024-01-11,10,BUY,55,1.16,True
JPM,2024-01-11,20,BUY,55,2.77,True
JPM,2024-01-12,5,BUY,55,0.63,True
JPM,2024-01-12,10,BUY,55,2.18,True
JPM,2024-01-12,20,BUY,55,3.99,True
JPM,2024-01-16,5,BUY,55,0.6,True
JPM,2024-01-16,10,BUY,55,4.93,True
JPM,2024-01-16,20,BUY,55,3.73,True
JPM,2024-01-17,5,BUY,55,2.04,True
JPM,2024-01-17,10,BUY,55,4.35,True
JPM,2024-01-17,20,BUY,55,5.35,True
JPM,2024-01-18,5,BUY,55,3.3,True
JPM,2024-01-18,10,BUY,55,3.77,True
JPM,2024-01-18,20,BUY,55,7.44,True
JPM,2024-01-19,5,BUY,55,1.16,True
JPM,2024-01-19,10,BUY,55,2.6,True
JPM,2024-01-19,20,BUY,55,5.12,True
JPM,2024-01-22,5,BUY,55,1.54,True
JPM,2024-01-22,10,BUY,55,2.58,True
JPM,2024-01-22,20,BUY,55,5.66,True
JPM,2024-01-23,5,BUY,55,4.31,True
JPM,2024-01-23,10,BUY,55,3.62,True
JPM,2024-01-23,20,BUY,55,7.05,True
JPM,2024-01-24,5,BUY,55,2.26,True
JPM,2024-01-24,10,BUY,55,2.89,True
JPM,2024-01-24,20,BUY,55,7.37,True
JPM,2024-01-25,5,BUY,55,0.46,True
JPM,2024-01-25,10,BUY,55,1.08,True
JPM,2024-01-25,20,BUY,55,6.39,True
JPM,2024-01-26,5,BUY,55,1.42,True
JPM,2024-01-26,10,BUY,55,1.58,True
JPM,2024-01-26,20,BUY,55,6.43,True
JPM,2024-01-29,5,BUY,55,1.02,True
JPM,2024-01-29,10,BUY,55,1.77,True
JPM,2024-01-29,20,BUY,55,6.21,True
JPM,2024-01-30,5,BUY,55,-0.66,False
JPM,2024-01-30,10,BUY,55,-1.14,False
JPM,2024-01-30,20,BUY,55,4.6,True
JPM,2024-01-31,5,BUY,55,0.61,True
JPM,2024-01-31,10,BUY,55,0.96,True
JPM,2024-01-31,20,BUY,55,6.71,True
JPM,2024-02-01,5,BUY,55,0.62,True
JPM,2024-02-01,10,BUY,55,3.53,True
JPM,2024-02-01,20,BUY,55,6.65,True
JPM,2024-02-02,5,BUY,55,0.16,True
JPM,2024-02-02,10,BUY,55,2.46,True
JPM,2024-02-02,20,BUY,55,6.84,True
JPM,2024-02-05,5,BUY,55,0.74,True
JPM,2024-02-05,10,BUY,55,3.0,True
JPM,2024-02-05,20,BUY,55,8.05,True
JPM,2024-02-06,5,BUY,55,-0.48,False
JPM,2024-02-06,10,BUY,55,3.31,True
JPM,2024-02-06,20,BUY,55,8.24,True
JPM,2024-02-07,5,BUY,55,0.34,True
JPM,2024-02-07,10,BUY,55,4.36,True
JPM,2024-02-07,20,BUY,55,7.09,True
JPM,2024-02-08,5,BUY,55,2.9,True
JPM,2024-02-08,10,BUY,55,5.26,True
JPM,2024-02-08,20,BUY,55,7.68,True
JPM,2024-02-09,5,BUY,55,2.3,True
JPM,2024-02-09,10,BUY,55,4.77,True
JPM,2024-02-09,20,BUY,55,7.59,True
JPM,2024-02-12,5,BUY,55,2.24,True
JPM,2024-02-12,10,BUY,55,4.36,True
JPM,2024-02-12,20,BUY,55,7.99,True
JPM,2024-02-13,5,BUY,55,3.81,True
JPM,2024-02-13,10,BUY,55,5.81,True
JPM,2024-02-13,20,BUY,55,9.82,True
JPM,2024-02-14,5,BUY,55,4.0,True
JPM,2024-02-14,10,BUY,55,5.7,True
JPM,2024-02-14,20,BUY,55,6.78,True
JPM,2024-02-15,5,BUY,55,2.29,True
JPM,2024-02-15,10,BUY,55,3.01,True
JPM,2024-02-15,20,BUY,55,5.8,True
JPM,2024-02-16,5,BUY,55,2.42,True
JPM,2024-02-16,10,BUY,55,4.27,True
JPM,2024-02-16,20,BUY,55,7.61,True
JPM,2024-02-20,5,BUY,55,2.07,True
JPM,2024-02-20,10,BUY,55,4.91,True
JPM,2024-02-20,20,BUY,55,7.82,True
JPM,2024-02-21,5,BUY,55,1.92,True
JPM,2024-02-21,10,BUY,55,4.77,True
JPM,2024-02-21,20,BUY,55,8.53,True
JPM,2024-02-22,5,BUY,55,1.63,True
JPM,2024-02-22,10,BUY,55,2.62,True
JPM,2024-02-22,20,BUY,55,8.73,True
JPM,2024-02-23,5,BUY,55,0.71,True
JPM,2024-02-23,10,BUY,55,2.3,True
JPM,2024-02-23,20,BUY,55,6.86,True
JPM,2024-02-26,5,BUY,55,1.81,True
JPM,2024-02-26,10,BUY,55,2.69,True
JPM,2024-02-26,20,BUY,55,6.25,True
JPM,2024-02-27,5,BUY,55,2.78,True
JPM,2024-02-27,10,BUY,55,3.48,True
JPM,2024-02-27,20,BUY,55,6.69,True
JPM,2024-02-28,5,BUY,55,2.79,True
JPM,2024-02-28,10,BUY,55,3.8,True
JPM,2024-02-28,20,BUY,55,8.21,True
JPM,2024-02-29,5,BUY,55,0.97,True
JPM,2024-02-29,10,BUY,55,1.03,True
JPM,2024-02-29,20,BUY,55,7.65,True
JPM,2024-03-01,5,BUY,55,1.58,True
JPM,2024-03-01,10,BUY,55,2.7,True
JPM,2024-03-01,20,BUY,55,7.37,True
JPM,2024-03-04,5,BUY,55,0.86,True
JPM,2024-03-04,10,BUY,55,3.2,True
JPM,2024-03-04,20,BUY,55,6.52,True
JPM,2024-03-05,5,BUY,55,0.68,True
JPM,2024-03-05,10,BUY,55,2.78,True
JPM,2024-03-05,20,BUY,55,5.17,True
JPM,2024-03-06,5,BUY,55,0.98,True
JPM,2024-03-06,10,BUY,55,3.59,True
JPM,2024-03-06,20,BUY,55,3.83,True
JPM,2024-03-07,5,BUY,55,0.05,True
JPM,2024-03-07,10,BUY,55,5.96,True
JPM,2024-03-07,20,BUY,55,5.71,True
JPM,2024-03-08,5,BUY,55,1.11,True
JPM,2024-03-08,10,BUY,55,4.46,True
JPM,2024-03-08,20,BUY,55,6.07,True
JPM,2024-03-11,5,BUY,55,2.32,True
JPM,2024-03-11,10,BUY,55,3.47,True
JPM,2024-03-11,20,BUY,55,5.32,True
JPM,2024-03-12,5,BUY,55,2.08,True
JPM,2024-03-12,10,BUY,55,3.1,True
JPM,2024-03-12,20,BUY,55,3.57,True
JPM,2024-03-13,5,BUY,55,2.59,True
JPM,2024-03-13,10,BUY,55,4.25,True
JPM,2024-03-13,20,BUY,55,2.71,True
JPM,2024-03-14,5,BUY,55,5.9,True
JPM,2024-03-14,10,BUY,55,6.56,True
JPM,2024-03-14,20,BUY,55,-2.19,False
JPM,2024-03-15,5,BUY,55,3.32,True
JPM,2024-03-15,10,BUY,55,4.54,True
JPM,2024-03-15,20,BUY,55,-3.33,False
JPM,2024-03-18,5,BUY,55,1.12,True
JPM,2024-03-18,10,BUY,55,3.22,True
JPM,2024-03-18,20,BUY,55,-5.61,False
JPM,2024-03-19,5,BUY,55,1.0,True
JPM,2024-03-19,10,BUY,55,2.33,True
JPM,2024-03-19,20,BUY,55,-6.53,False
JPM,2024-03-20,5,BUY,55,1.62,True
JPM,2024-03-20,10,BUY,55,0.23,True
JPM,2024-03-20,20,BUY,55,-7.14,False
JPM,2024-03-21,5,BUY,55,0.62,True
JPM,2024-03-21,10,BUY,55,-0.23,False
JPM,2024-03-21,20,BUY,55,-6.12,False
JPM,2024-03-22,5,BUY,55,1.18,True
JPM,2024-03-22,10,BUY,55,1.53,True
JPM,2024-03-22,20,BUY,55,-3.11,False
JPM,2024-03-25,5,BUY,55,2.07,True
JPM,2024-03-25,10,BUY,55,1.79,True
JPM,2024-03-25,20,BUY,55,-0.8,False
JPM,2024-03-26,5,BUY,55,1.31,True
JPM,2024-03-26,10,BUY,55,0.45,True
JPM,2024-03-26,20,BUY,55,-0.78,False
JPM,2024-03-27,5,BUY,55,-1.37,False
JPM,2024-03-27,10,BUY,55,-1.48,False
JPM,2024-03-27,20,BUY,55,-2.52,False
JPM,2024-03-28,5,BUY,55,-0.85,False
JPM,2024-03-28,10,BUY,55,-8.21,False
JPM,2024-03-28,20,BUY,55,-2.84,False
JPM,2024-04-01,5,BUY,55,0.35,True
JPM,2024-04-01,10,BUY,55,-7.53,False
JPM,2024-04-01,20,BUY,55,-2.28,False
JPM,2024-04-02,5,BUY,55,-0.28,False
JPM,2024-04-02,10,BUY,55,-8.55,False
JPM,2024-04-02,20,BUY,55,-3.02,False
JPM,2024-04-03,5,BUY,55,-0.85,False
JPM,2024-04-03,10,BUY,55,-8.66,False
JPM,2024-04-03,20,BUY,55,-2.68,False
JPM,2024-04-04,5,BUY,55,-0.11,False
JPM,2024-04-04,10,BUY,55,-7.36,False
JPM,2024-04-04,20,BUY,55,-2.04,False
JPM,2024-04-05,5,BUY,55,-7.42,False
JPM,2024-04-05,10,BUY,55,-5.9,False
JPM,2024-04-05,20,BUY,55,-3.51,False
JPM,2024-04-08,5,BUY,55,-7.85,False
JPM,2024-04-08,10,BUY,55,-4.57,False
JPM,2024-04-08,20,BUY,55,-3.26,False
JPM,2024-04-09,5,BUY,55,-8.29,False
JPM,2024-04-09,10,BUY,55,-2.54,False
JPM,2024-04-09,20,BUY,55,-2.74,False
JPM,2024-04-10,5,BUY,55,-7.87,False
JPM,2024-04-10,10,BUY,55,-1.22,False
JPM,2024-04-10,20,BUY,55,0.09,True
JPM,2024-04-11,5,BUY,55,-7.26,False
JPM,2024-04-11,10,BUY,55,-1.05,False
JPM,2024-04-11,20,BUY,55,1.06,True
JPM,2024-04-12,5,BUY,55,1.65,True
JPM,2024-04-12,10,BUY,55,5.85,True
JPM,2024-04-12,20,BUY,55,8.74,True
JPM,2024-04-15,5,BUY,55,3.56,True
JPM,2024-04-15,10,BUY,55,5.68,True
JPM,2024-04-15,20,BUY,55,8.66,True
JPM,2024-04-16,5,BUY,55,6.27,True
JPM,2024-04-16,10,BUY,55,6.05,True
JPM,2024-04-16,20,BUY,55,11.45,True
JPM,2024-04-17,5,BUY,55,7.22,True
JPM,2024-04-17,10,BUY,55,6.54,True
JPM,2024-04-17,20,BUY,55,12.23,True
JPM,2024-04-18,5,BUY,55,6.69,True
JPM,2024-04-18,10,BUY,55,5.74,True
JPM,2024-04-18,20,BUY,55,11.71,True
JPM,2024-04-19,5,BUY,55,4.14,True
JPM,2024-04-19,10,BUY,55,2.53,True
JPM,2024-04-19,20,BUY,55,10.22,True
JPM,2024-04-22,5,BUY,55,2.04,True
JPM,2024-04-22,10,BUY,55,1.37,True
JPM,2024-04-22,20,BUY,55,3.26,True
JPM,2024-04-23,5,BUY,55,-0.21,False
JPM,2024-04-23,10,BUY,55,-0.2,False
JPM,2024-04-23,20,BUY,55,3.84,True
JPM,2024-04-24,5,BUY,55,-0.63,False
JPM,2024-04-24,10,BUY,55,1.33,True
JPM,2024-04-24,20,BUY,55,2.71,True
JPM,2024-04-25,5,BUY,55,-0.88,False
JPM,2024-04-25,10,BUY,55,2.14,True
JPM,2024-04-25,20,BUY,55,1.84,True
JPM,2024-04-26,5,BUY,55,-1.54,False
JPM,2024-04-26,10,BUY,55,2.73,True
JPM,2024-04-26,20,BUY,55,3.73,True
JPM,2024-04-29,5,BUY,55,-0.66,False
JPM,2024-04-29,10,BUY,55,2.82,True
JPM,2024-04-29,20,BUY,55,3.22,True
JPM,2024-04-30,5,BUY,55,0.01,True
JPM,2024-04-30,10,BUY,55,5.1,True
JPM,2024-04-30,20,BUY,55,3.32,True
JPM,2024-05-01,5,BUY,55,1.98,True
JPM,2024-05-01,10,BUY,55,5.34,True
JPM,2024-05-01,20,BUY,55,3.89,True
JPM,2024-05-02,5,BUY,55,3.05,True
JPM,2024-05-02,10,BUY,55,5.64,True
JPM,2024-05-02,20,BUY,55,5.72,True
JPM,2024-05-06,5,BUY,55,3.51,True
JPM,2024-05-06,10,BUY,55,1.86,True
JPM,2024-05-06,20,BUY,55,3.73,True
JPM,2024-05-07,5,BUY,55,5.09,True
JPM,2024-05-07,10,BUY,55,4.05,True
JPM,2024-05-07,20,BUY,55,2.87,True
JPM,2024-05-08,5,BUY,55,3.3,True
JPM,2024-05-08,10,BUY,55,1.36,True
JPM,2024-05-08,20,BUY,55,0.64,True
JPM,2024-05-09,5,BUY,55,2.52,True
JPM,2024-05-09,10,BUY,55,-0.29,False
JPM,2024-05-09,20,BUY,55,1.24,True
JPM,2024-05-10,5,BUY,55,3.03,True
JPM,2024-05-10,10,BUY,55,0.98,True
JPM,2024-05-10,20,BUY,55,0.42,True
JPM,2024-05-13,5,BUY,55,-1.59,False
JPM,2024-05-13,10,BUY,55,0.39,True
JPM,2024-05-13,20,BUY,55,-2.2,False
JPM,2024-05-14,5,BUY,55,-0.99,False
JPM,2024-05-14,10,BUY,55,-1.69,False
JPM,2024-05-14,20,BUY,55,-4.95,False
JPM,2024-05-16,5,BUY,55,-2.74,False
JPM,2024-05-16,10,BUY,55,0.08,True
JPM,2024-05-16,20,BUY,55,-4.29,False
JPM,2024-05-17,5,BUY,55,-1.99,False
JPM,2024-05-17,10,BUY,55,-1.45,False
JPM,2024-05-17,20,BUY,55,-4.79,False
JPM,2024-05-20,5,BUY,55,2.0,True
JPM,2024-05-20,10,BUY,55,1.83,True
JPM,2024-05-20,20,BUY,55,0.73,True
JPM,2024-05-21,5,BUY,55,-0.71,False
JPM,2024-05-21,10,BUY,55,-1.13,False
JPM,2024-05-21,20,BUY,55,-0.43,False
JPM,2024-05-22,5,BUY,55,0.51,True
JPM,2024-05-22,10,BUY,55,-0.71,False
JPM,2024-05-22,20,BUY,55,-1.01,False
JPM,2024-05-23,5,BUY,55,2.9,True
JPM,2024-05-23,10,BUY,55,1.54,True
JPM,2024-05-23,20,BUY,55,1.0,True
JPM,2024-05-24,5,BUY,55,0.55,True
JPM,2024-05-24,10,BUY,55,-0.55,False
JPM,2024-05-24,20,BUY,55,-1.32,False
JPM,2024-05-28,5,BUY,55,-0.17,False
JPM,2024-05-28,10,BUY,55,-2.58,False
JPM,2024-05-28,20,BUY,55,-1.04,False
JPM,2024-05-29,5,BUY,55,-0.43,False
JPM,2024-05-29,10,BUY,55,-3.32,False
JPM,2024-05-29,20,BUY,55,0.54,True
JPM,2024-05-30,5,BUY,55,-1.21,False
JPM,2024-05-30,10,BUY,55,-2.84,False
JPM,2024-05-30,20,BUY,55,1.47,True
JPM,2024-05-31,5,BUY,55,-1.32,False
JPM,2024-05-31,10,BUY,55,-4.37,False
JPM,2024-05-31,20,BUY,55,1.39,True
JPM,2024-06-03,5,BUY,55,-1.1,False
JPM,2024-06-03,10,BUY,55,-3.39,False
JPM,2024-06-03,20,BUY,55,3.47,True
JPM,2024-06-04,5,BUY,55,-2.41,False
JPM,2024-06-04,10,BUY,55,-1.08,False
JPM,2024-06-04,20,BUY,55,4.79,True
JPM,2024-06-05,5,BUY,55,-2.9,False
JPM,2024-06-05,10,BUY,55,0.71,True
JPM,2024-06-05,20,BUY,55,4.39,True
JPM,2024-06-06,5,BUY,55,-1.65,False
JPM,2024-06-06,10,BUY,55,-0.31,False
JPM,2024-06-06,20,BUY,55,4.77,True
JPM,2024-06-07,5,BUY,55,-3.09,False
JPM,2024-06-07,10,BUY,55,-0.54,False
JPM,2024-06-07,20,BUY,55,4.42,True
JPM,2024-06-10,5,BUY,55,-2.32,False
JPM,2024-06-10,10,BUY,55,-0.77,False
JPM,2024-06-10,20,BUY,55,4.68,True
JPM,2024-06-11,5,BUY,55,1.36,True
JPM,2024-06-11,10,BUY,55,1.58,True
JPM,2024-06-11,20,BUY,55,7.33,True
JPM,2024-06-12,5,BUY,55,3.73,True
JPM,2024-06-12,10,BUY,55,3.99,True
JPM,2024-06-12,20,BUY,55,7.59,True
JPM,2024-06-13,5,BUY,55,1.36,True
JPM,2024-06-13,10,BUY,55,4.44,True
JPM,2024-06-13,20,BUY,55,9.06,True
JPM,2024-06-14,5,BUY,55,2.63,True
JPM,2024-06-14,10,BUY,55,6.02,True
JPM,2024-06-14,20,BUY,55,10.85,True
JPM,2024-06-17,5,BUY,55,1.58,True
JPM,2024-06-17,10,BUY,55,7.1,True
JPM,2024-06-17,20,BUY,55,11.84,True
JPM,2024-06-18,5,BUY,55,0.22,True
JPM,2024-06-18,10,BUY,55,5.93,True
JPM,2024-06-18,20,BUY,55,7.18,True
JPM,2024-06-20,5,BUY,55,0.25,True
JPM,2024-06-20,10,BUY,55,3.65,True
JPM,2024-06-20,20,BUY,55,6.18,True
JPM,2024-06-21,5,BUY,55,3.04,True
JPM,2024-06-21,10,BUY,55,5.1,True
JPM,2024-06-21,20,BUY,55,7.72,True
JPM,2024-06-24,5,BUY,55,3.3,True
JPM,2024-06-24,10,BUY,55,4.98,True
JPM,2024-06-24,20,BUY,55,6.34,True
JPM,2024-06-25,5,BUY,55,5.43,True
JPM,2024-06-25,10,BUY,55,5.49,True
JPM,2024-06-25,20,BUY,55,5.89,True
JPM,2024-06-26,5,BUY,55,5.7,True
JPM,2024-06-26,10,BUY,55,5.66,True
JPM,2024-06-26,20,BUY,55,6.28,True
JPM,2024-06-27,5,BUY,55,3.39,True
JPM,2024-06-27,10,BUY,55,3.47,True
JPM,2024-06-27,20,BUY,55,7.15,True
JPM,2024-06-28,5,BUY,55,2.0,True
JPM,2024-06-28,10,BUY,55,4.43,True
JPM,2024-06-28,20,BUY,55,4.82,True
JPM,2024-07-01,5,BUY,55,1.62,True
JPM,2024-07-01,10,BUY,55,4.55,True
JPM,2024-07-01,20,BUY,55,5.32,True
JPM,2024-07-02,5,BUY,55,0.06,True
JPM,2024-07-02,10,BUY,55,4.43,True
JPM,2024-07-02,20,BUY,55,2.47,True
JPM,2024-07-03,5,BUY,55,-0.04,False
JPM,2024-07-03,10,BUY,55,1.18,True
JPM,2024-07-03,20,BUY,55,0.2,True
JPM,2024-07-05,5,BUY,55,0.07,True
JPM,2024-07-05,10,BUY,55,2.44,True
JPM,2024-07-05,20,BUY,55,-2.76,False
JPM,2024-07-08,5,BUY,55,2.38,True
JPM,2024-07-08,10,BUY,55,2.49,True
JPM,2024-07-08,20,BUY,55,-5.01,False
JPM,2024-07-09,5,BUY,55,2.88,True
JPM,2024-07-09,10,BUY,55,1.3,True
JPM,2024-07-09,20,BUY,55,-3.51,False
JPM,2024-07-10,5,BUY,55,4.36,True
JPM,2024-07-10,10,BUY,55,0.38,True
JPM,2024-07-10,20,BUY,55,-3.56,False
JPM,2024-07-11,5,BUY,55,1.22,True
JPM,2024-07-11,10,BUY,55,0.59,True
JPM,2024-07-11,20,BUY,55,-1.63,False
JPM,2024-07-12,5,BUY,55,2.36,True
JPM,2024-07-12,10,BUY,55,3.56,True
JPM,2024-07-12,20,BUY,55,0.42,True
JPM,2024-07-15,5,BUY,55,0.11,True
JPM,2024-07-15,10,BUY,55,0.38,True
JPM,2024-07-15,20,BUY,55,-1.84,False
JPM,2024-07-16,5,BUY,55,-1.54,False
JPM,2024-07-16,10,BUY,55,0.73,True
JPM,2024-07-16,20,BUY,55,-2.66,False
JPM,2024-07-17,5,BUY,55,-3.82,False
JPM,2024-07-17,10,BUY,55,-1.88,False
JPM,2024-07-17,20,BUY,55,-3.06,False
JPM,2024-07-18,5,BUY,55,-0.62,False
JPM,2024-07-18,10,BUY,55,-0.96,False
JPM,2024-07-18,20,BUY,55,0.75,True
JPM,2024-07-19,5,BUY,55,1.17,True
JPM,2024-07-19,10,BUY,55,-5.07,False
JPM,2024-07-19,20,BUY,55,2.0,True
JPM,2024-07-22,5,BUY,55,0.27,True
JPM,2024-07-22,10,BUY,55,-7.31,False
JPM,2024-07-22,20,BUY,55,2.46,True
JPM,2024-07-23,5,BUY,55,2.31,True
JPM,2024-07-23,10,BUY,55,-4.75,False
JPM,2024-07-23,20,BUY,55,1.99,True
JPM,2024-07-24,5,BUY,55,2.02,True
JPM,2024-07-24,10,BUY,55,-3.93,False
JPM,2024-07-24,20,BUY,55,2.88,True
JPM,2024-07-25,5,BUY,55,-0.34,False
JPM,2024-07-25,10,BUY,55,-2.21,False
JPM,2024-07-25,20,BUY,55,3.81,True
JPM,2024-07-26,5,BUY,55,-6.17,False
JPM,2024-07-26,10,BUY,55,-3.03,False
JPM,2024-07-26,20,BUY,55,2.86,True
JPM,2024-07-29,5,BUY,55,-7.56,False
JPM,2024-07-29,10,BUY,55,-2.21,False
JPM,2024-07-29,20,BUY,55,3.95,True
JPM,2024-07-30,5,BUY,55,-6.9,False
JPM,2024-07-30,10,BUY,55,-3.37,False
JPM,2024-07-30,20,BUY,55,2.32,True
JPM,2024-07-31,5,BUY,55,-5.83,False
JPM,2024-07-31,10,BUY,55,-1.2,False
JPM,2024-07-31,20,BUY,55,3.99,True
JPM,2024-08-01,5,BUY,55,-1.88,False
JPM,2024-08-01,10,BUY,55,1.73,True
JPM,2024-08-01,20,BUY,55,6.85,True
JPM,2024-08-02,5,BUY,55,3.34,True
JPM,2024-08-02,10,BUY,55,7.45,True
JPM,2024-08-02,20,BUY,55,12.89,True
JPM,2024-08-05,5,BUY,55,5.79,True
JPM,2024-08-05,10,BUY,55,10.54,True
JPM,2024-08-05,20,BUY,55,13.03,True
JPM,2024-08-06,5,BUY,55,3.79,True
JPM,2024-08-06,10,BUY,55,7.08,True
JPM,2024-08-06,20,BUY,55,9.48,True
JPM,2024-08-07,5,BUY,55,4.91,True
JPM,2024-08-07,10,BUY,55,7.09,True
JPM,2024-08-07,20,BUY,55,8.6,True
JPM,2024-08-08,5,BUY,55,3.67,True
JPM,2024-08-08,10,BUY,55,6.16,True
JPM,2024-08-08,20,BUY,55,4.12,True
JPM,2024-08-09,5,BUY,55,3.97,True
JPM,2024-08-09,10,BUY,55,6.08,True
JPM,2024-08-09,20,BUY,55,5.35,True
JPM,2024-08-12,5,BUY,55,4.49,True
JPM,2024-08-12,10,BUY,55,6.3,True
JPM,2024-08-12,20,BUY,55,-0.31,False
JPM,2024-08-13,5,BUY,55,3.16,True
JPM,2024-08-13,10,BUY,55,5.89,True
JPM,2024-08-13,20,BUY,55,-0.34,False
JPM,2024-08-14,5,BUY,55,2.07,True
JPM,2024-08-14,10,BUY,55,5.26,True
JPM,2024-08-14,20,BUY,55,-1.73,False
JPM,2024-08-15,5,BUY,55,2.4,True
JPM,2024-08-15,10,BUY,55,5.04,True
JPM,2024-08-15,20,BUY,55,-3.42,False
JPM,2024-08-16,5,BUY,55,2.03,True
JPM,2024-08-16,10,BUY,55,5.06,True
JPM,2024-08-16,20,BUY,55,-2.86,False
JPM,2024-08-19,5,BUY,55,1.73,True
JPM,2024-08-19,10,BUY,55,2.25,True
JPM,2024-08-19,20,BUY,55,-2.88,False
JPM,2024-08-20,5,BUY,55,2.64,True
JPM,2024-08-20,10,BUY,55,2.24,True
JPM,2024-08-20,20,BUY,55,-3.26,False
JPM,2024-08-21,5,BUY,55,3.12,True
JPM,2024-08-21,10,BUY,55,1.41,True
JPM,2024-08-21,20,BUY,55,-1.92,False
JPM,2024-08-22,5,BUY,55,2.58,True
JPM,2024-08-22,10,BUY,55,-1.92,False
JPM,2024-08-22,20,BUY,55,-2.56,False
JPM,2024-08-23,5,BUY,55,2.97,True
JPM,2024-08-23,10,BUY,55,-0.69,False
JPM,2024-08-23,20,BUY,55,-3.15,False
JPM,2024-08-26,5,BUY,55,0.52,True
JPM,2024-08-26,10,BUY,55,-6.21,False
JPM,2024-08-26,20,BUY,55,-3.46,False
JPM,2024-08-27,5,BUY,55,-0.39,False
JPM,2024-08-27,10,BUY,55,-5.88,False
JPM,2024-08-27,20,BUY,55,-4.54,False
JPM,2024-08-28,5,BUY,55,-1.65,False
JPM,2024-08-28,10,BUY,55,-6.64,False
JPM,2024-08-28,20,BUY,55,-5.2,False
JPM,2024-08-29,5,BUY,55,-4.39,False
JPM,2024-08-29,10,BUY,55,-8.05,False
JPM,2024-08-29,20,BUY,55,-5.27,False
JPM,2024-08-30,5,BUY,55,-3.55,False
JPM,2024-08-30,10,BUY,55,-7.54,False
JPM,2024-08-30,20,BUY,55,-6.2,False
JPM,2024-09-03,5,BUY,55,-6.69,False
JPM,2024-09-03,10,BUY,55,-5.02,False
JPM,2024-09-03,20,BUY,55,-6.02,False
JPM,2024-09-04,5,BUY,55,-5.52,False
JPM,2024-09-04,10,BUY,55,-5.38,False
JPM,2024-09-04,20,BUY,55,-5.49,False
JPM,2024-09-05,5,BUY,55,-5.07,False
JPM,2024-09-05,10,BUY,55,-3.29,False
JPM,2024-09-05,20,BUY,55,-5.7,False
JPM,2024-09-06,5,BUY,55,-3.83,False
JPM,2024-09-06,10,BUY,55,-0.64,False
JPM,2024-09-06,20,BUY,55,0.03,True
JPM,2024-09-09,5,BUY,55,-4.13,False
JPM,2024-09-09,10,BUY,55,-2.48,False
JPM,2024-09-09,20,BUY,55,-2.12,False
JPM,2024-09-10,5,BUY,55,1.8,True
JPM,2024-09-10,10,BUY,55,2.93,True
JPM,2024-09-10,20,BUY,55,3.15,True
JPM,2024-09-11,5,BUY,55,0.14,True
JPM,2024-09-11,10,BUY,55,1.43,True
JPM,2024-09-11,20,BUY,55,3.62,True
JPM,2024-09-12,5,BUY,55,1.88,True
JPM,2024-09-12,10,BUY,55,1.54,True
JPM,2024-09-12,20,BUY,55,3.65,True
JPM,2024-09-13,5,BUY,55,3.31,True
JPM,2024-09-13,10,BUY,55,3.02,True
JPM,2024-09-13,20,BUY,55,9.46,True
JPM,2024-09-16,5,BUY,55,1.72,True
JPM,2024-09-16,10,BUY,55,1.44,True
JPM,2024-09-16,20,BUY,55,7.21,True
JPM,2024-09-17,5,BUY,55,1.12,True
JPM,2024-09-17,10,BUY,55,-1.06,False
JPM,2024-09-17,20,BUY,55,6.93,True
JPM,2024-09-18,5,BUY,55,1.28,True
JPM,2024-09-18,10,BUY,55,-0.12,False
JPM,2024-09-18,20,BUY,55,8.42,True
JPM,2024-09-19,5,BUY,55,-0.33,False
JPM,2024-09-19,10,BUY,55,-2.49,False
JPM,2024-09-19,20,BUY,55,7.28,True
JPM,2024-09-20,5,BUY,55,-0.28,False
JPM,2024-09-20,10,BUY,55,0.67,True
JPM,2024-09-20,20,BUY,55,7.42,True
JPM,2024-09-23,5,BUY,55,-0.27,False
JPM,2024-09-23,10,BUY,55,0.37,True
JPM,2024-09-23,20,BUY,55,6.11,True
JPM,2024-09-24,5,BUY,55,-2.15,False
JPM,2024-09-24,10,BUY,55,0.21,True
JPM,2024-09-24,20,BUY,55,6.57,True
JPM,2024-09-25,5,BUY,55,-1.38,False
JPM,2024-09-25,10,BUY,55,2.16,True
JPM,2024-09-25,20,BUY,55,6.94,True
JPM,2024-09-26,5,BUY,55,-2.17,False
JPM,2024-09-26,10,BUY,55,2.08,True
JPM,2024-09-26,20,BUY,55,7.9,True
JPM,2024-09-27,5,BUY,55,0.96,True
JPM,2024-09-27,10,BUY,55,6.25,True
JPM,2024-09-27,20,BUY,55,6.26,True
JPM,2024-10-01,5,BUY,55,2.42,True
JPM,2024-10-01,10,BUY,55,8.07,True
JPM,2024-10-01,20,BUY,55,8.32,True
JPM,2024-10-02,5,BUY,55,3.59,True
JPM,2024-10-02,10,BUY,55,8.55,True
JPM,2024-10-02,20,BUY,55,8.92,True
JPM,2024-10-03,5,BUY,55,4.34,True
JPM,2024-10-03,10,BUY,55,10.02,True
JPM,2024-10-03,20,BUY,55,8.79,True
JPM,2024-10-04,5,BUY,55,5.24,True
JPM,2024-10-04,10,BUY,55,6.7,True
JPM,2024-10-04,20,BUY,55,5.55,True
JPM,2024-10-07,5,BUY,55,5.0,True
JPM,2024-10-07,10,BUY,55,5.72,True
JPM,2024-10-07,20,BUY,55,4.2,True
JPM,2024-10-08,5,BUY,55,5.52,True
JPM,2024-10-08,10,BUY,55,6.34,True
JPM,2024-10-08,20,BUY,55,5.1,True
JPM,2024-10-09,5,BUY,55,4.79,True
JPM,2024-10-09,10,BUY,55,4.68,True
JPM,2024-10-09,20,BUY,55,15.76,True
JPM,2024-10-10,5,BUY,55,5.44,True
JPM,2024-10-10,10,BUY,55,5.7,True
JPM,2024-10-10,20,BUY,55,11.06,True
JPM,2024-10-11,5,BUY,55,1.39,True
JPM,2024-10-11,10,BUY,55,0.01,True
JPM,2024-10-11,20,BUY,55,6.61,True
JPM,2024-10-14,5,BUY,55,0.69,True
JPM,2024-10-14,10,BUY,55,1.82,True
JPM,2024-10-14,20,BUY,55,8.04,True
JPM,2024-10-15,5,BUY,55,0.78,True
JPM,2024-10-15,10,BUY,55,0.23,True
JPM,2024-10-15,20,BUY,55,7.72,True
JPM,2024-10-17,5,BUY,55,0.25,True
JPM,2024-10-17,10,BUY,55,-1.11,False
JPM,2024-10-17,20,BUY,55,7.78,True
JPM,2024-10-18,5,BUY,55,-1.36,False
JPM,2024-10-18,10,BUY,55,-1.08,False
JPM,2024-10-18,20,BUY,55,8.85,True
JPM,2024-10-21,5,BUY,55,1.12,True
JPM,2024-10-21,10,BUY,55,-1.44,False
JPM,2024-10-21,20,BUY,55,9.88,True
JPM,2024-10-22,5,BUY,55,-0.54,False
JPM,2024-10-22,10,BUY,55,-1.17,False
JPM,2024-10-22,20,BUY,55,8.46,True
JPM,2024-10-23,5,BUY,55,0.45,True
JPM,2024-10-23,10,BUY,55,10.59,True
JPM,2024-10-23,20,BUY,55,7.77,True
JPM,2024-10-24,5,BUY,55,-1.36,False
JPM,2024-10-24,10,BUY,55,5.07,True
JPM,2024-10-24,20,BUY,55,8.79,True
JPM,2024-10-25,5,BUY,55,0.28,True
JPM,2024-10-25,10,BUY,55,6.6,True
JPM,2024-10-25,20,BUY,55,11.8,True
JPM,2024-10-28,5,BUY,55,-2.54,False
JPM,2024-10-28,10,BUY,55,6.12,True
JPM,2024-10-28,20,BUY,55,10.99,True
JPM,2024-10-29,5,BUY,55,-0.63,False
JPM,2024-10-29,10,BUY,55,7.47,True
JPM,2024-10-29,20,BUY,55,12.14,True
JPM,2024-10-30,5,BUY,55,10.09,True
JPM,2024-10-30,10,BUY,55,7.46,True
JPM,2024-10-30,20,BUY,55,11.31,True
JPM,2024-10-31,5,BUY,55,6.52,True
JPM,2024-10-31,10,BUY,55,8.99,True
JPM,2024-10-31,20,BUY,55,12.53,True
JPM,2024-11-01,5,BUY,55,6.3,True
JPM,2024-11-01,10,BUY,55,10.03,True
JPM,2024-11-01,20,BUY,55,10.46,True
JPM,2024-11-04,5,BUY,55,8.88,True
JPM,2024-11-04,10,BUY,55,11.49,True
JPM,2024-11-04,20,BUY,55,11.39,True
JPM,2024-11-05,5,BUY,55,8.16,True
JPM,2024-11-05,10,BUY,55,9.75,True
JPM,2024-11-05,20,BUY,55,9.89,True
JPM,2024-11-06,5,BUY,55,-2.39,False
JPM,2024-11-06,10,BUY,55,-2.54,False
JPM,2024-11-06,20,BUY,55,-0.64,False
JPM,2024-11-07,5,BUY,55,2.32,True
JPM,2024-11-07,10,BUY,55,3.55,True
JPM,2024-11-07,20,BUY,55,4.65,True
JPM,2024-11-08,5,BUY,55,3.52,True
JPM,2024-11-08,10,BUY,55,4.88,True
JPM,2024-11-08,20,BUY,55,2.88,True
JPM,2024-11-11,5,BUY,55,2.4,True
JPM,2024-11-11,10,BUY,55,4.6,True
JPM,2024-11-11,20,BUY,55,1.49,True
JPM,2024-11-12,5,BUY,55,1.47,True
JPM,2024-11-12,10,BUY,55,4.35,True
JPM,2024-11-12,20,BUY,55,1.66,True
JPM,2024-11-13,5,BUY,55,-0.16,False
JPM,2024-11-13,10,BUY,55,3.58,True
JPM,2024-11-13,20,BUY,55,0.15,True
JPM,2024-11-14,5,BUY,55,1.19,True
JPM,2024-11-14,10,BUY,55,3.25,True
JPM,2024-11-14,20,BUY,55,-0.8,False
JPM,2024-11-15,5,BUY,55,1.32,True
JPM,2024-11-15,10,BUY,55,0.38,True
JPM,2024-11-15,20,BUY,55,-2.34,False
JPM,2024-11-18,5,BUY,55,2.15,True
JPM,2024-11-18,10,BUY,55,-0.09,False
JPM,2024-11-18,20,BUY,55,-2.72,False
JPM,2024-11-19,5,BUY,55,2.83,True
JPM,2024-11-19,10,BUY,55,0.13,True
JPM,2024-11-19,20,BUY,55,-5.23,False
JPM,2024-11-20,5,BUY,55,3.74,True
JPM,2024-11-20,10,BUY,55,1.95,True
JPM,2024-11-20,20,BUY,55,-3.25,False
JPM,2024-11-21,5,BUY,55,2.03,True
JPM,2024-11-21,10,BUY,55,1.06,True
JPM,2024-11-21,20,BUY,55,-2.93,False
JPM,2024-11-22,5,BUY,55,-0.93,False
JPM,2024-11-22,10,BUY,55,-1.91,False
JPM,2024-11-22,20,BUY,55,-4.09,False
JPM,2024-11-25,5,BUY,55,-2.19,False
JPM,2024-11-25,10,BUY,55,-2.97,False
JPM,2024-11-25,20,BUY,55,-3.19,False
JPM,2024-11-26,5,BUY,55,-2.63,False
JPM,2024-11-26,10,BUY,55,-2.58,False
JPM,2024-11-26,20,BUY,55,-2.73,False
JPM,2024-11-27,5,BUY,55,-1.73,False
JPM,2024-11-27,10,BUY,55,-3.31,False
JPM,2024-11-27,20,BUY,55,-3.45,False
JPM,2024-11-29,5,BUY,55,-0.95,False
JPM,2024-11-29,10,BUY,55,-3.92,False
JPM,2024-11-29,20,BUY,55,-4.16,False
JPM,2024-12-02,5,BUY,55,-0.99,False
JPM,2024-12-02,10,BUY,55,-2.71,False
JPM,2024-12-02,20,BUY,55,-2.66,False
JPM,2024-12-03,5,BUY,55,-0.8,False
JPM,2024-12-03,10,BUY,55,-2.64,False
JPM,2024-12-03,20,BUY,55,-1.97,False
JPM,2024-12-04,5,BUY,55,0.05,True
JPM,2024-12-04,10,BUY,55,-5.35,False
JPM,2024-12-04,20,BUY,55,-0.05,False
JPM,2024-12-05,5,BUY,55,-1.61,False
JPM,2024-12-05,10,BUY,55,-5.1,False
JPM,2024-12-05,20,BUY,55,-1.38,False
JPM,2024-12-06,5,BUY,55,-3.0,False
JPM,2024-12-06,10,BUY,55,-3.95,False
JPM,2024-12-06,20,BUY,55,-1.19,False
JPM,2024-12-09,5,BUY,55,-1.73,False
JPM,2024-12-09,10,BUY,55,-2.22,False
JPM,2024-12-09,20,BUY,55,0.24,True
JPM,2024-12-10,5,BUY,55,-1.85,False
JPM,2024-12-10,10,BUY,55,-0.23,False
JPM,2024-12-10,20,BUY,55,-0.72,False
JPM,2024-12-11,5,BUY,55,-5.4,False
JPM,2024-12-11,10,BUY,55,-0.16,False
JPM,2024-12-11,20,BUY,55,0.8,True
JPM,2024-12-12,5,SELL,55,-3.55,True
JPM,2024-12-12,10,SELL,55,-0.15,True
JPM,2024-12-12,20,SELL,55,2.99,False
JPM,2024-12-13,5,BUY,55,-0.98,False
JPM,2024-12-13,10,BUY,55,-0.26,False
JPM,2024-12-13,20,BUY,55,5.72,True
JPM,2024-12-16,5,SELL,55,-0.5,True
JPM,2024-12-16,10,SELL,55,0.05,False
JPM,2024-12-16,20,SELL,55,6.68,False
JPM,2024-12-17,5,BUY,55,1.66,True
JPM,2024-12-17,10,BUY,55,0.69,True
JPM,2024-12-17,20,BUY,55,9.29,True
JPM,2024-12-18,5,BUY,55,5.54,True
JPM,2024-12-18,10,BUY,55,5.6,True
JPM,2024-12-18,20,BUY,55,14.77,True
JPM,2024-12-19,5,BUY,55,3.52,True
JPM,2024-12-19,10,BUY,55,3.92,True
JPM,2024-12-19,20,BUY,55,13.41,True
JPM,2024-12-20,5,BUY,55,0.72,True
JPM,2024-12-20,10,BUY,55,2.87,True
JPM,2024-12-20,20,BUY,55,12.51,True
JPM,2024-12-23,5,BUY,55,0.55,True
JPM,2024-12-23,10,BUY,55,2.52,True
JPM,2024-12-23,20,BUY,55,11.67,True
JPM,2024-12-24,5,BUY,55,-0.95,False
JPM,2024-12-24,10,BUY,55,-0.5,False
JPM,2024-12-24,20,BUY,55,10.28,True
JPM,2024-12-26,5,BUY,55,0.06,True
JPM,2024-12-26,10,BUY,55,0.96,True
JPM,2024-12-26,20,BUY,55,10.44,True
JPM,2024-12-27,5,BUY,55,0.38,True
JPM,2024-12-27,10,BUY,55,3.14,True
JPM,2024-12-27,20,BUY,55,11.11,True
JPM,2024-12-30,5,BUY,55,2.13,True
JPM,2024-12-30,10,BUY,55,5.99,True
JPM,2024-12-30,20,BUY,55,12.66,True
JPM,2024-12-31,5,BUY,55,1.95,True
JPM,2024-12-31,10,BUY,55,6.62,True
JPM,2024-12-31,20,BUY,55,12.09,True
JPM,2025-01-02,5,BUY,55,0.46,True
JPM,2025-01-02,10,BUY,55,8.54,True
JPM,2025-01-02,20,BUY,55,11.74,True
JPM,2025-01-03,5,BUY,55,0.9,True
JPM,2025-01-03,10,BUY,55,8.68,True
JPM,2025-01-03,20,BUY,55,10.71,True
JPM,2025-01-06,5,BUY,55,2.75,True
JPM,2025-01-06,10,BUY,55,9.13,True
JPM,2025-01-06,20,BUY,55,12.28,True
JPM,2025-01-07,5,BUY,55,3.78,True
JPM,2025-01-07,10,BUY,55,9.37,True
JPM,2025-01-07,20,BUY,55,13.87,True
JPM,2025-01-08,5,BUY,55,4.58,True
JPM,2025-01-08,10,BUY,55,8.93,True
JPM,2025-01-08,20,BUY,55,13.44,True
JPM,2025-01-10,5,BUY,55,8.04,True
JPM,2025-01-10,10,BUY,55,10.83,True
JPM,2025-01-10,20,BUY,55,12.99,True
JPM,2025-01-14,5,BUY,55,6.21,True
JPM,2025-01-14,10,BUY,55,7.72,True
JPM,2025-01-14,20,BUY,55,11.31,True
JPM,2025-01-15,5,BUY,55,5.39,True
JPM,2025-01-15,10,BUY,55,6.29,True
JPM,2025-01-15,20,BUY,55,9.5,True
JPM,2025-01-16,5,BUY,55,4.16,True
JPM,2025-01-16,10,BUY,55,5.12,True
JPM,2025-01-16,20,BUY,55,8.78,True
JPM,2025-01-21,5,BUY,55,1.56,True
JPM,2025-01-21,10,BUY,55,1.87,True
JPM,2025-01-21,20,BUY,55,6.17,True
JPM,2025-01-22,5,BUY,55,1.42,True
JPM,2025-01-22,10,BUY,55,2.89,True
JPM,2025-01-22,20,BUY,55,1.51,True
JPM,2025-01-23,5,BUY,55,0.86,True
JPM,2025-01-23,10,BUY,55,4.12,True
JPM,2025-01-23,20,BUY,55,-0.64,False
JPM,2025-01-24,5,BUY,55,0.93,True
JPM,2025-01-24,10,BUY,55,4.14,True
JPM,2025-01-24,20,BUY,55,-1.32,False
JPM,2025-01-27,5,BUY,55,0.36,True
JPM,2025-01-27,10,BUY,55,1.95,True
JPM,2025-01-27,20,BUY,55,-3.18,False
JPM,2025-01-28,5,BUY,55,0.3,True
JPM,2025-01-28,10,BUY,55,2.94,True
JPM,2025-01-28,20,BUY,55,-3.13,False
JPM,2025-01-29,5,BUY,55,1.44,True
JPM,2025-01-29,10,BUY,55,3.33,True
JPM,2025-01-29,20,BUY,55,-2.82,False
JPM,2025-01-30,5,BUY,55,3.23,True
JPM,2025-01-30,10,BUY,55,3.02,True
JPM,2025-01-30,20,BUY,55,-1.33,False
JPM,2025-01-31,5,BUY,55,3.18,True
JPM,2025-01-31,10,BUY,55,3.48,True
JPM,2025-01-31,20,BUY,55,-2.5,False
JPM,2025-02-03,5,BUY,55,1.59,True
JPM,2025-02-03,10,BUY,55,4.92,True
JPM,2025-02-03,20,BUY,55,-6.21,False
JPM,2025-02-04,5,BUY,55,2.63,True
JPM,2025-02-04,10,BUY,55,4.22,True
JPM,2025-02-04,20,BUY,55,-6.12,False
JPM,2025-02-05,5,BUY,55,1.86,True
JPM,2025-02-05,10,BUY,55,-1.34,False
JPM,2025-02-05,20,BUY,55,-8.83,False
JPM,2025-02-06,5,BUY,55,-0.21,False
JPM,2025-02-06,10,BUY,55,-4.57,False
JPM,2025-02-06,20,BUY,55,-12.5,False
JPM,2025-02-07,5,BUY,55,0.29,True
JPM,2025-02-07,10,BUY,55,-5.24,False
JPM,2025-02-07,20,BUY,55,-15.8,False
JPM,2025-02-10,5,BUY,55,3.29,True
JPM,2025-02-10,10,BUY,55,-5.03,False
JPM,2025-02-10,20,BUY,55,-15.46,False
JPM,2025-02-11,5,BUY,55,1.55,True
JPM,2025-02-11,10,BUY,55,-5.89,False
JPM,2025-02-11,20,BUY,55,-17.12,False
JPM,2025-02-12,5,BUY,55,-3.14,False
JPM,2025-02-12,10,BUY,55,-5.95,False
JPM,2025-02-12,20,BUY,55,-18.25,False
JPM,2025-02-13,5,BUY,55,-4.37,False
JPM,2025-02-13,10,BUY,55,-4.22,False
JPM,2025-02-13,20,BUY,55,-15.88,False
JPM,2025-02-14,5,BUY,55,-5.51,False
JPM,2025-02-14,10,BUY,55,-5.77,False
JPM,2025-02-14,20,BUY,55,-15.42,False
JPM,2025-02-18,5,BUY,55,-8.06,False
JPM,2025-02-18,10,BUY,55,-10.61,False
JPM,2025-02-18,20,BUY,55,-16.07,False
JPM,2025-02-19,5,BUY,55,-7.33,False
JPM,2025-02-19,10,BUY,55,-9.93,False
JPM,2025-02-19,20,BUY,55,-14.37,False
JPM,2025-02-20,5,BUY,55,-2.9,False
JPM,2025-02-20,10,BUY,55,-7.59,False
JPM,2025-02-20,20,BUY,55,-10.42,False
JPM,2025-02-21,5,BUY,55,0.16,True
JPM,2025-02-21,10,BUY,55,-8.31,False
JPM,2025-02-21,20,BUY,55,-8.56,False
JPM,2025-02-24,5,BUY,55,-0.28,False
JPM,2025-02-24,10,BUY,55,-11.14,False
JPM,2025-02-24,20,BUY,55,-5.08,False
JPM,2025-02-25,5,BUY,55,-2.78,False
JPM,2025-02-25,10,BUY,55,-10.98,False
JPM,2025-02-25,20,BUY,55,-2.44,False
JPM,2025-02-26,5,BUY,55,-2.81,False
JPM,2025-02-26,10,BUY,55,-11.94,False
JPM,2025-02-26,20,BUY,55,-3.0,False
JPM,2025-02-27,5,BUY,55,-4.83,False
JPM,2025-02-27,10,BUY,55,-13.07,False
JPM,2025-02-27,20,BUY,55,-4.22,False
JPM,2025-02-28,5,BUY,55,-8.45,False
JPM,2025-02-28,10,BUY,55,-12.17,False
JPM,2025-02-28,20,BUY,55,-8.24,False
JPM,2025-03-03,5,BUY,55,-10.9,False
JPM,2025-03-03,10,BUY,55,-10.24,False
JPM,2025-03-03,20,BUY,55,-5.88,False
JPM,2025-03-04,5,BUY,55,-8.44,False
JPM,2025-03-04,10,BUY,55,-6.11,False
JPM,2025-03-04,20,BUY,55,-2.63,False
JPM,2025-03-05,5,BUY,55,-9.39,False
JPM,2025-03-05,10,BUY,55,-4.94,False
JPM,2025-03-05,20,BUY,55,-2.27,False
JPM,2025-03-06,5,BUY,55,-8.66,False
JPM,2025-03-06,10,BUY,55,-3.05,False
JPM,2025-03-06,20,BUY,55,-7.24,False
JPM,2025-03-07,5,BUY,55,-4.06,False
JPM,2025-03-07,10,BUY,55,-0.27,False
JPM,2025-03-07,20,BUY,55,-12.67,False
JPM,2025-03-10,5,BUY,55,0.74,True
JPM,2025-03-10,10,BUY,55,6.82,True
JPM,2025-03-10,20,BUY,55,-7.09,False
JPM,2025-03-11,5,BUY,55,2.54,True
JPM,2025-03-11,10,BUY,55,9.6,True
JPM,2025-03-11,20,BUY,55,-4.77,False
JPM,2025-03-12,5,BUY,55,4.92,True
JPM,2025-03-12,10,BUY,55,10.15,True
JPM,2025-03-12,20,BUY,55,3.46,True
JPM,2025-03-14,5,BUY,55,3.95,True
JPM,2025-03-14,10,BUY,55,4.48,True
JPM,2025-03-14,20,BUY,55,2.24,True
JPM,2025-03-17,5,BUY,55,6.04,True
JPM,2025-03-17,10,BUY,55,4.86,True
JPM,2025-03-17,20,BUY,55,0.96,True
JPM,2025-03-18,5,BUY,55,6.88,True
JPM,2025-03-18,10,BUY,55,3.7,True
JPM,2025-03-18,20,BUY,55,-0.17,False
JPM,2025-03-19,5,BUY,55,4.99,True
JPM,2025-03-19,10,BUY,55,2.81,True
JPM,2025-03-19,20,BUY,55,-3.38,False
JPM,2025-03-20,5,BUY,55,3.81,True
JPM,2025-03-20,10,BUY,55,-4.32,False
JPM,2025-03-20,20,BUY,55,-2.35,False
JPM,2025-03-21,5,BUY,55,0.5,True
JPM,2025-03-21,10,BUY,55,-12.44,False
JPM,2025-03-21,20,BUY,55,-4.65,False
JPM,2025-03-24,5,BUY,55,-1.11,False
JPM,2025-03-24,10,BUY,55,-13.02,False
JPM,2025-03-24,20,BUY,55,-4.44,False
JPM,2025-03-25,5,BUY,55,-2.97,False
JPM,2025-03-25,10,BUY,55,-13.11,False
JPM,2025-03-25,20,BUY,55,-3.49,False
JPM,2025-03-26,5,BUY,55,-2.08,False
JPM,2025-03-26,10,BUY,55,-6.07,False
JPM,2025-03-26,20,BUY,55,-1.95,False
JPM,2025-03-27,5,BUY,55,-7.83,False
JPM,2025-03-27,10,BUY,55,-7.9,False
JPM,2025-03-27,20,BUY,55,-1.24,False
JPM,2025-03-28,5,BUY,55,-12.88,False
JPM,2025-03-28,10,BUY,55,-2.14,False
JPM,2025-03-28,20,BUY,55,0.77,True
JPM,2025-03-31,5,BUY,55,-12.04,False
JPM,2025-03-31,10,BUY,55,-3.72,False
JPM,2025-03-31,20,BUY,55,0.34,True
JPM,2025-04-01,5,BUY,55,-10.45,False
JPM,2025-04-01,10,BUY,55,-3.73,False
JPM,2025-04-01,20,BUY,55,1.01,True
JPM,2025-04-02,5,BUY,55,-4.08,False
JPM,2025-04-02,10,BUY,55,-6.02,False
JPM,2025-04-02,20,BUY,55,1.05,True
JPM,2025-04-03,5,BUY,55,-0.08,False
JPM,2025-04-03,10,BUY,55,2.05,True
JPM,2025-04-03,20,BUY,55,11.1,True
JPM,2025-04-04,5,BUY,55,12.33,True
JPM,2025-04-04,10,BUY,55,8.9,True
JPM,2025-04-04,20,BUY,55,20.11,True
JPM,2025-04-07,5,BUY,55,9.46,True
JPM,2025-04-07,10,BUY,55,9.86,True
JPM,2025-04-07,20,BUY,55,16.23,True
JPM,2025-04-08,5,BUY,55,7.5,True
JPM,2025-04-08,10,BUY,55,11.07,True
JPM,2025-04-08,20,BUY,55,15.0,True
JPM,2025-04-09,5,BUY,55,-2.02,False
JPM,2025-04-09,10,BUY,55,4.4,True
JPM,2025-04-09,20,BUY,55,8.16,True
JPM,2025-04-10,5,BUY,55,2.14,True
JPM,2025-04-10,10,BUY,55,7.24,True
JPM,2025-04-10,20,BUY,55,11.43,True
JPM,2025-04-11,5,BUY,55,-3.05,False
JPM,2025-04-11,10,BUY,55,2.97,True
JPM,2025-04-11,20,BUY,55,10.1,True
JPM,2025-04-14,5,BUY,55,0.37,True
JPM,2025-04-14,10,BUY,55,4.22,True
JPM,2025-04-14,20,BUY,55,12.05,True
JPM,2025-04-15,5,BUY,55,3.32,True
JPM,2025-04-15,10,BUY,55,4.93,True
JPM,2025-04-15,20,BUY,55,13.95,True
JPM,2025-04-16,5,BUY,55,6.55,True
JPM,2025-04-16,10,BUY,55,7.53,True
JPM,2025-04-16,20,BUY,55,16.5,True
JPM,2025-04-17,5,BUY,55,5.0,True
JPM,2025-04-17,10,BUY,55,8.86,True
JPM,2025-04-17,20,BUY,55,15.35,True
JPM,2025-04-21,5,BUY,55,6.21,True
JPM,2025-04-21,10,BUY,55,10.29,True
JPM,2025-04-21,20,BUY,55,15.67,True
JPM,2025-04-22,5,BUY,55,3.83,True
JPM,2025-04-22,10,BUY,55,5.8,True
JPM,2025-04-22,20,BUY,55,12.77,True
JPM,2025-04-23,5,BUY,55,1.55,True
JPM,2025-04-23,10,BUY,55,3.53,True
JPM,2025-04-23,20,BUY,55,8.37,True
JPM,2025-04-24,5,BUY,55,0.92,True
JPM,2025-04-24,10,BUY,55,3.61,True
JPM,2025-04-24,20,BUY,55,6.55,True
JPM,2025-04-25,5,BUY,55,3.68,True
JPM,2025-04-25,10,BUY,55,3.91,True
JPM,2025-04-25,20,BUY,55,7.05,True
JPM,2025-04-28,5,BUY,55,3.84,True
JPM,2025-04-28,10,BUY,55,6.92,True
JPM,2025-04-28,20,BUY,55,9.07,True
JPM,2025-04-29,5,BUY,55,1.89,True
JPM,2025-04-29,10,BUY,55,7.52,True
JPM,2025-04-29,20,BUY,55,7.71,True
JPM,2025-04-30,5,BUY,55,1.95,True
JPM,2025-04-30,10,BUY,55,8.59,True
JPM,2025-04-30,20,BUY,55,8.07,True
JPM,2025-05-01,5,BUY,55,2.67,True
JPM,2025-05-01,10,BUY,55,8.34,True
JPM,2025-05-01,20,BUY,55,6.93,True
JPM,2025-05-02,5,BUY,55,0.23,True
JPM,2025-05-02,10,BUY,55,5.96,True
JPM,2025-05-02,20,BUY,55,4.81,True
JPM,2025-05-05,5,BUY,55,2.97,True
JPM,2025-05-05,10,BUY,55,4.88,True
JPM,2025-05-05,20,BUY,55,5.43,True
JPM,2025-05-06,5,BUY,55,5.52,True
JPM,2025-05-06,10,BUY,55,6.59,True
JPM,2025-05-06,20,BUY,55,6.01,True
JPM,2025-05-08,5,SELL,55,5.53,False
JPM,2025-05-08,10,SELL,55,2.84,False
JPM,2025-05-08,20,SELL,55,4.84,False
JPM,2025-05-09,5,SELL,55,5.72,False
JPM,2025-05-09,10,SELL,55,3.01,False
JPM,2025-05-09,20,SELL,55,5.4,False
JPM,2025-05-12,5,SELL,55,1.86,False
JPM,2025-05-12,10,SELL,55,2.02,False
JPM,2025-05-12,20,SELL,55,3.29,False
JPM,2025-05-13,5,SELL,55,1.02,False
JPM,2025-05-13,10,SELL,55,0.18,False
JPM,2025-05-13,20,SELL,55,1.95,False
JPM,2025-05-14,5,SELL,55,-1.73,True
JPM,2025-05-14,10,SELL,55,-0.48,True
JPM,2025-05-14,20,SELL,55,0.98,False
JPM,2025-05-15,5,SELL,55,-2.55,True
JPM,2025-05-15,10,SELL,55,-1.3,True
JPM,2025-05-15,20,SELL,55,-0.95,True
JPM,2025-05-16,5,BUY,55,-2.56,False
JPM,2025-05-16,10,BUY,55,-1.08,False
JPM,2025-05-16,20,BUY,55,1.05,True
JPM,2025-05-19,5,BUY,55,0.15,True
JPM,2025-05-19,10,BUY,55,0.52,True
JPM,2025-05-19,20,BUY,55,1.75,True
JPM,2025-05-20,5,BUY,55,-0.82,False
JPM,2025-05-20,10,BUY,55,-0.55,False
JPM,2025-05-20,20,BUY,55,3.12,True
JPM,2025-05-21,5,BUY,55,1.28,True
JPM,2025-05-21,10,BUY,55,0.35,True
JPM,2025-05-21,20,BUY,55,5.35,True
JPM,2025-05-22,5,BUY,55,1.28,True
JPM,2025-05-22,10,BUY,55,1.94,True
JPM,2025-05-22,20,BUY,55,6.75,True
JPM,2025-05-23,5,BUY,55,1.52,True
JPM,2025-05-23,10,BUY,55,2.31,True
JPM,2025-05-23,20,BUY,55,7.88,True
JPM,2025-05-27,5,BUY,55,0.37,True
JPM,2025-05-27,10,BUY,55,1.25,True
JPM,2025-05-27,20,BUY,55,7.08,True
JPM,2025-05-28,5,BUY,55,0.28,True
JPM,2025-05-28,10,BUY,55,1.77,True
JPM,2025-05-28,20,BUY,55,9.59,True
JPM,2025-05-29,5,BUY,55,-0.92,False
JPM,2025-05-29,10,BUY,55,1.46,True
JPM,2025-05-29,20,BUY,55,8.6,True
JPM,2025-05-30,5,BUY,55,0.66,True
JPM,2025-05-30,10,BUY,55,0.36,True
JPM,2025-05-30,20,BUY,55,9.81,True
JPM,2025-06-02,5,BUY,55,0.79,True
JPM,2025-06-02,10,BUY,55,2.15,True
JPM,2025-06-02,20,BUY,55,9.73,True
JPM,2025-06-03,5,BUY,55,0.88,True
JPM,2025-06-03,10,BUY,55,1.22,True
JPM,2025-06-03,20,BUY,55,9.66,True
JPM,2025-06-04,5,BUY,55,1.49,True
JPM,2025-06-04,10,BUY,55,3.69,True
JPM,2025-06-04,20,BUY,55,12.57,True
JPM,2025-06-05,5,BUY,55,2.4,True
JPM,2025-06-05,10,BUY,55,4.98,True
JPM,2025-06-05,20,BUY,55,12.0,True
JPM,2025-06-06,5,BUY,55,-0.29,False
JPM,2025-06-06,10,BUY,55,4.72,True
JPM,2025-06-06,20,BUY,55,6.93,True
JPM,2025-06-09,5,BUY,55,1.36,True
JPM,2025-06-09,10,BUY,55,5.44,True
JPM,2025-06-09,20,BUY,55,6.67,True
JPM,2025-06-10,5,BUY,55,0.34,True
JPM,2025-06-10,10,BUY,55,5.76,True
JPM,2025-06-10,20,BUY,55,7.81,True
JPM,2025-06-11,5,BUY,55,2.17,True
JPM,2025-06-11,10,BUY,55,7.68,True
JPM,2025-06-11,20,BUY,55,7.49,True
JPM,2025-06-12,5,BUY,55,2.52,True
JPM,2025-06-12,10,BUY,55,7.03,True
JPM,2025-06-12,20,BUY,55,8.15,True
JPM,2025-06-13,5,BUY,55,5.03,True
JPM,2025-06-13,10,BUY,55,9.42,True
JPM,2025-06-13,20,BUY,55,8.67,True
JPM,2025-06-16,5,BUY,55,4.03,True
JPM,2025-06-16,10,BUY,55,7.42,True
JPM,2025-06-16,20,BUY,55,6.23,True
JPM,2025-06-17,5,BUY,55,5.39,True
JPM,2025-06-17,10,BUY,55,8.34,True
JPM,2025-06-17,20,BUY,55,8.08,True
JPM,2025-06-18,5,BUY,55,5.4,True
JPM,2025-06-18,10,BUY,55,8.57,True
JPM,2025-06-18,20,BUY,55,6.83,True
JPM,2025-06-20,5,BUY,55,4.4,True
JPM,2025-06-20,10,BUY,55,6.68,True
JPM,2025-06-20,20,BUY,55,6.32,True
JPM,2025-06-23,5,BUY,55,4.18,True
JPM,2025-06-23,10,BUY,55,2.11,True
JPM,2025-06-23,20,BUY,55,5.23,True
JPM,2025-06-24,5,BUY,55,3.25,True
JPM,2025-06-24,10,BUY,55,1.16,True
JPM,2025-06-24,20,BUY,55,6.02,True
JPM,2025-06-25,5,BUY,55,2.8,True
JPM,2025-06-25,10,BUY,55,1.94,True
JPM,2025-06-25,20,BUY,55,4.9,True
JPM,2025-06-26,5,BUY,55,3.0,True
JPM,2025-06-26,10,BUY,55,-0.18,False
JPM,2025-06-26,20,BUY,55,3.92,True
JPM,2025-06-27,5,BUY,55,2.18,True
JPM,2025-06-27,10,BUY,55,1.04,True
JPM,2025-06-27,20,BUY,55,4.39,True
JPM,2025-06-30,5,BUY,55,-1.99,False
JPM,2025-06-30,10,BUY,55,-0.68,False
JPM,2025-06-30,20,BUY,55,2.95,True
JPM,2025-07-01,5,BUY,55,-2.03,False
JPM,2025-07-01,10,BUY,55,-1.11,False
JPM,2025-07-01,20,BUY,55,3.67,True
JPM,2025-07-02,5,BUY,55,-0.83,False
JPM,2025-07-02,10,BUY,55,-0.24,False
JPM,2025-07-02,20,BUY,55,1.94,True
JPM,2025-07-03,5,BUY,55,-3.09,False
JPM,2025-07-03,10,BUY,55,-1.6,False
JPM,2025-07-03,20,BUY,55,-2.24,False
JPM,2025-07-07,5,BUY,55,-1.12,False
JPM,2025-07-07,10,BUY,55,-0.34,False
JPM,2025-07-07,20,BUY,55,0.78,True
JPM,2025-07-08,5,BUY,55,1.33,True
JPM,2025-07-08,10,BUY,55,3.06,True
JPM,2025-07-08,20,BUY,55,3.04,True
JPM,2025-07-09,5,BUY,55,0.94,True
JPM,2025-07-09,10,BUY,55,4.8,True
JPM,2025-07-09,20,BUY,55,2.89,True
JPM,2025-07-10,5,BUY,55,0.59,True
JPM,2025-07-10,10,BUY,55,2.9,True
JPM,2025-07-10,20,BUY,55,-0.43,False
JPM,2025-07-11,5,BUY,55,1.54,True
JPM,2025-07-11,10,BUY,55,4.1,True
JPM,2025-07-11,20,BUY,55,0.66,True
JPM,2025-07-14,5,BUY,55,0.79,True
JPM,2025-07-14,10,BUY,55,3.32,True
JPM,2025-07-14,20,BUY,55,0.3,True
JPM,2025-07-15,5,BUY,55,1.7,True
JPM,2025-07-15,10,BUY,55,3.66,True
JPM,2025-07-15,20,BUY,55,2.2,True
JPM,2025-07-16,5,BUY,55,3.83,True
JPM,2025-07-16,10,BUY,55,4.83,True
JPM,2025-07-16,20,BUY,55,1.65,True
JPM,2025-07-17,5,BUY,55,2.29,True
JPM,2025-07-17,10,BUY,55,2.19,True
JPM,2025-07-17,20,BUY,55,1.47,True
JPM,2025-07-18,5,BUY,55,2.52,True
JPM,2025-07-18,10,BUY,55,-0.65,False
JPM,2025-07-18,20,BUY,55,-0.27,False
JPM,2025-07-21,5,BUY,55,2.51,True
JPM,2025-07-21,10,BUY,55,1.13,True
JPM,2025-07-21,20,BUY,55,0.19,True
JPM,2025-07-22,5,BUY,55,1.92,True
JPM,2025-07-22,10,BUY,55,-0.02,False
JPM,2025-07-22,20,BUY,55,-0.26,False
JPM,2025-07-23,5,BUY,55,0.97,True
JPM,2025-07-23,10,BUY,55,-1.82,False
JPM,2025-07-23,20,BUY,55,-1.52,False
JPM,2025-07-24,5,BUY,55,-0.1,False
JPM,2025-07-24,10,BUY,55,-3.24,False
JPM,2025-07-24,20,BUY,55,-1.71,False
JPM,2025-07-25,5,BUY,55,-3.1,False
JPM,2025-07-25,10,BUY,55,-3.3,False
JPM,2025-07-25,20,BUY,55,-0.8,False
JPM,2025-07-28,5,BUY,55,-1.35,False
JPM,2025-07-28,10,BUY,55,-2.92,False
JPM,2025-07-28,20,BUY,55,-1.13,False
JPM,2025-07-29,5,BUY,55,-1.91,False
JPM,2025-07-29,10,BUY,55,-1.41,False
JPM,2025-07-29,20,BUY,55,0.52,True
JPM,2025-07-30,5,BUY,55,-2.76,False
JPM,2025-07-30,10,BUY,55,-3.04,False
JPM,2025-07-30,20,BUY,55,-0.12,False
JPM,2025-07-31,5,BUY,55,-3.14,False
JPM,2025-07-31,10,BUY,55,-0.7,False
JPM,2025-07-31,20,BUY,55,1.63,True
JPM,2025-08-01,5,BUY,55,-0.21,False
JPM,2025-08-01,10,BUY,55,0.39,True
JPM,2025-08-01,20,BUY,55,4.16,True
JPM,2025-08-04,5,BUY,55,-1.6,False
JPM,2025-08-04,10,BUY,55,-0.93,False
JPM,2025-08-04,20,BUY,55,1.85,True
JPM,2025-08-05,5,BUY,55,0.51,True
JPM,2025-08-05,10,BUY,55,-0.24,False
JPM,2025-08-05,20,BUY,55,2.79,True
JPM,2025-08-06,5,BUY,55,-0.28,False
JPM,2025-08-06,10,BUY,55,0.31,True
JPM,2025-08-06,20,BUY,55,4.28,True
JPM,2025-08-07,5,BUY,55,2.52,True
JPM,2025-08-07,10,BUY,55,1.58,True
JPM,2025-08-07,20,BUY,55,2.59,True
JPM,2025-08-08,5,BUY,55,0.6,True
JPM,2025-08-08,10,BUY,55,2.59,True
JPM,2025-08-08,20,BUY,55,1.44,True
JPM,2025-08-11,5,BUY,55,0.68,True
JPM,2025-08-11,10,BUY,55,1.84,True
JPM,2025-08-11,20,BUY,55,2.86,True
JPM,2025-08-12,5,BUY,55,-0.75,False
JPM,2025-08-12,10,BUY,55,1.95,True
JPM,2025-08-12,20,BUY,55,2.63,True
JPM,2025-08-13,5,BUY,55,0.59,True
JPM,2025-08-13,10,BUY,55,3.01,True
JPM,2025-08-13,20,BUY,55,5.17,True
JPM,2025-08-14,5,BUY,55,-0.91,False
JPM,2025-08-14,10,BUY,55,2.35,True
JPM,2025-08-14,20,BUY,55,4.33,True
JPM,2025-08-15,5,BUY,55,1.98,True
JPM,2025-08-15,10,BUY,55,3.76,True
JPM,2025-08-15,20,BUY,55,6.34,True
JPM,2025-08-18,5,BUY,55,1.16,True
JPM,2025-08-18,10,BUY,55,2.8,True
JPM,2025-08-18,20,BUY,55,6.06,True
JPM,2025-08-19,5,BUY,55,2.72,True
JPM,2025-08-19,10,BUY,55,3.04,True
JPM,2025-08-19,20,BUY,55,7.26,True
JPM,2025-08-20,5,BUY,55,2.41,True
JPM,2025-08-20,10,BUY,55,3.96,True
JPM,2025-08-20,20,BUY,55,7.18,True
JPM,2025-08-21,5,BUY,55,3.29,True
JPM,2025-08-21,10,BUY,55,1.0,True
JPM,2025-08-21,20,BUY,55,8.0,True
JPM,2025-08-22,5,BUY,55,1.75,True
JPM,2025-08-22,10,BUY,55,-1.12,False
JPM,2025-08-22,20,BUY,55,5.47,True
JPM,2025-08-25,5,BUY,55,1.63,True
JPM,2025-08-25,10,BUY,55,1.0,True
JPM,2025-08-25,20,BUY,55,6.05,True
JPM,2025-08-26,5,BUY,55,0.31,True
JPM,2025-08-26,10,BUY,55,0.66,True
JPM,2025-08-26,20,BUY,55,4.97,True
JPM,2025-08-27,5,BUY,55,1.52,True
JPM,2025-08-27,10,BUY,55,2.1,True
JPM,2025-08-27,20,BUY,55,4.73,True
JPM,2025-08-28,5,BUY,55,-2.22,False
JPM,2025-08-28,10,BUY,55,1.94,True
JPM,2025-08-28,20,BUY,55,4.98,True
JPM,2025-08-29,5,BUY,55,-2.82,False
JPM,2025-08-29,10,BUY,55,2.48,True
JPM,2025-08-29,20,BUY,55,4.73,True
JPM,2025-09-02,5,BUY,55,-0.62,False
JPM,2025-09-02,10,BUY,55,3.17,True
JPM,2025-09-02,20,BUY,55,5.25,True
JPM,2025-09-03,5,BUY,55,0.34,True
JPM,2025-09-03,10,BUY,55,4.09,True
JPM,2025-09-03,20,BUY,55,3.74,True
JPM,2025-09-04,5,BUY,55,0.57,True
JPM,2025-09-04,10,BUY,55,3.1,True
JPM,2025-09-04,20,BUY,55,1.23,True
JPM,2025-09-05,5,BUY,55,4.26,True
JPM,2025-09-05,10,BUY,55,6.93,True
JPM,2025-09-05,20,BUY,55,5.32,True
JPM,2025-09-08,5,BUY,55,5.46,True
JPM,2025-09-08,10,BUY,55,6.67,True
JPM,2025-09-08,20,BUY,55,6.07,True
JPM,2025-09-09,5,BUY,55,3.81,True
JPM,2025-09-09,10,BUY,55,5.0,True
JPM,2025-09-09,20,BUY,55,3.81,True
JPM,2025-09-10,5,BUY,55,3.73,True
JPM,2025-09-10,10,BUY,55,4.29,True
JPM,2025-09-10,20,BUY,55,1.65,True
JPM,2025-09-11,5,BUY,55,2.51,True
JPM,2025-09-11,10,BUY,55,2.58,True
JPM,2025-09-11,20,BUY,55,0.48,True
JPM,2025-09-12,5,BUY,55,2.56,True
JPM,2025-09-12,10,BUY,55,2.98,True
JPM,2025-09-12,20,BUY,55,-1.48,False
JPM,2025-09-15,5,BUY,55,1.15,True
JPM,2025-09-15,10,BUY,55,2.2,True
JPM,2025-09-15,20,BUY,55,0.18,True
JPM,2025-09-16,5,BUY,55,1.15,True
JPM,2025-09-16,10,BUY,55,2.02,True
JPM,2025-09-16,20,BUY,55,-1.82,False
JPM,2025-09-17,5,BUY,55,0.54,True
JPM,2025-09-17,10,BUY,55,-0.33,False
JPM,2025-09-17,20,BUY,55,-1.47,False
JPM,2025-09-18,5,BUY,55,0.07,True
JPM,2025-09-18,10,BUY,55,-1.81,False
JPM,2025-09-18,20,BUY,55,-4.23,False
JPM,2025-09-19,5,BUY,55,0.41,True
JPM,2025-09-19,10,BUY,55,-1.51,False
JPM,2025-09-19,20,BUY,55,-5.01,False
JPM,2025-09-22,5,BUY,55,1.04,True
JPM,2025-09-22,10,BUY,55,-0.56,False
JPM,2025-09-22,20,BUY,55,-2.76,False
JPM,2025-09-23,5,BUY,55,0.86,True
JPM,2025-09-23,10,BUY,55,-1.14,False
JPM,2025-09-23,20,BUY,55,-4.54,False
JPM,2025-09-24,5,BUY,55,-0.86,False
JPM,2025-09-24,10,BUY,55,-2.52,False
JPM,2025-09-24,20,BUY,55,-5.7,False
JPM,2025-09-25,5,BUY,55,-1.88,False
JPM,2025-09-25,10,BUY,55,-2.05,False
JPM,2025-09-25,20,BUY,55,-5.58,False
JPM,2025-09-26,5,BUY,55,-1.91,False
JPM,2025-09-26,10,BUY,55,-4.34,False
JPM,2025-09-26,20,BUY,55,-4.48,False
JPM,2025-09-29,5,BUY,55,-1.59,False
JPM,2025-09-29,10,BUY,55,-1.97,False
JPM,2025-09-29,20,BUY,55,-3.19,False
JPM,2025-09-30,5,BUY,55,-1.98,False
JPM,2025-09-30,10,BUY,55,-3.77,False
JPM,2025-09-30,20,BUY,55,-2.72,False
JPM,2025-10-01,5,BUY,55,-1.67,False
JPM,2025-10-01,10,BUY,55,-1.14,False
JPM,2025-10-01,20,BUY,55,-1.2,False
JPM,2025-10-02,5,BUY,55,-0.17,False
JPM,2025-10-02,10,BUY,55,-2.46,False
JPM,2025-10-02,20,BUY,55,1.1,True
JPM,2025-10-03,5,BUY,55,-2.48,False
JPM,2025-10-03,10,BUY,55,-3.56,False
JPM,2025-10-03,20,BUY,55,0.84,True
JPM,2025-10-06,5,BUY,55,-0.39,False
JPM,2025-10-06,10,BUY,55,-2.21,False
JPM,2025-10-06,20,BUY,55,0.05,True
JPM,2025-10-07,5,BUY,55,-1.82,False
JPM,2025-10-07,10,BUY,55,-3.45,False
JPM,2025-10-07,20,BUY,55,0.51,True
JPM,2025-10-08,5,BUY,55,0.55,True
JPM,2025-10-08,10,BUY,55,-3.26,False
JPM,2025-10-08,20,BUY,55,2.52,True
JPM,2025-10-09,5,BUY,55,-2.29,False
JPM,2025-10-09,10,BUY,55,-3.6,False
JPM,2025-10-09,20,BUY,55,2.58,True
JPM,2025-10-10,5,BUY,55,-1.11,False
JPM,2025-10-10,10,BUY,55,-0.15,False
JPM,2025-10-10,20,BUY,55,4.43,True
JPM,2025-10-13,5,BUY,55,-1.82,False
JPM,2025-10-13,10,BUY,55,-1.24,False
JPM,2025-10-13,20,BUY,55,2.9,True
JPM,2025-10-14,5,BUY,55,-1.65,False
JPM,2025-10-14,10,BUY,55,1.09,True
JPM,2025-10-14,20,BUY,55,4.48,True
JPM,2025-10-15,5,BUY,55,-3.79,False
JPM,2025-10-15,10,BUY,55,-0.06,False
JPM,2025-10-15,20,BUY,55,4.82,True
JPM,2025-10-16,5,BUY,55,-1.34,False
JPM,2025-10-16,10,BUY,55,3.65,True
JPM,2025-10-16,20,BUY,55,3.66,True
JPM,2025-10-17,5,BUY,55,0.97,True
JPM,2025-10-17,10,BUY,55,4.56,True
JPM,2025-10-17,20,BUY,55,2.03,True
JPM,2025-10-20,5,BUY,55,0.59,True
JPM,2025-10-20,10,BUY,55,2.31,True
JPM,2025-10-20,20,BUY,55,-0.66,False
JPM,2025-10-21,5,BUY,55,2.78,True
JPM,2025-10-21,10,BUY,55,4.09,True
JPM,2025-10-21,20,BUY,55,0.78,True
JPM,2025-10-22,5,BUY,55,3.88,True
JPM,2025-10-22,10,BUY,55,5.97,True
JPM,2025-10-22,20,BUY,55,3.11,True
JPM,2025-10-23,5,BUY,55,5.06,True
JPM,2025-10-23,10,BUY,55,6.41,True
JPM,2025-10-23,20,BUY,55,1.3,True
JPM,2025-10-24,5,BUY,55,3.55,True
JPM,2025-10-24,10,BUY,55,4.58,True
JPM,2025-10-24,20,BUY,55,-0.81,False
JPM,2025-10-27,5,BUY,55,1.71,True
JPM,2025-10-27,10,BUY,55,4.19,True
JPM,2025-10-27,20,BUY,55,-2.02,False
JPM,2025-10-28,5,BUY,55,1.27,True
JPM,2025-10-28,10,BUY,55,3.36,True
JPM,2025-10-28,20,BUY,55,-0.77,False
JPM,2025-10-30,5,BUY,55,1.29,True
JPM,2025-10-30,10,BUY,55,0.01,True
JPM,2025-10-30,20,BUY,55,1.18,True
JPM,2025-10-31,5,BUY,55,0.99,True
JPM,2025-10-31,10,BUY,55,-2.41,False
JPM,2025-10-31,20,BUY,55,-0.71,False
JPM,2025-11-03,5,BUY,55,2.44,True
JPM,2025-11-03,10,BUY,55,-2.9,False
JPM,2025-11-03,20,BUY,55,-0.48,False
JPM,2025-11-04,5,BUY,55,2.06,True
JPM,2025-11-04,10,BUY,55,-3.18,False
JPM,2025-11-04,20,BUY,55,0.93,True
JPM,2025-11-05,5,BUY,55,2.8,True
JPM,2025-11-05,10,BUY,55,-2.7,False
JPM,2025-11-05,20,BUY,55,1.42,True
JPM,2025-11-06,5,BUY,55,-1.26,False
JPM,2025-11-06,10,BUY,55,-4.8,False
JPM,2025-11-06,20,BUY,55,0.52,True
JPM,2025-11-07,5,BUY,55,-3.37,False
JPM,2025-11-07,10,BUY,55,-5.15,False
JPM,2025-11-07,20,BUY,55,0.32,True
JPM,2025-11-10,5,BUY,55,-5.21,False
JPM,2025-11-10,10,BUY,55,-5.96,False
JPM,2025-11-10,20,BUY,55,-5.17,False
JPM,2025-11-11,5,BUY,55,-5.14,False
JPM,2025-11-11,10,BUY,55,-4.0,False
JPM,2025-11-11,20,BUY,55,-1.75,False
JPM,2025-11-12,5,BUY,55,-5.35,False
JPM,2025-11-12,10,BUY,55,-3.99,False
JPM,2025-11-12,20,BUY,55,-0.95,False
JPM,2025-11-14,5,BUY,55,-1.84,False
JPM,2025-11-14,10,BUY,55,1.75,True
JPM,2025-11-14,20,BUY,55,5.4,True
JPM,2025-11-17,5,BUY,55,-0.79,False
JPM,2025-11-17,10,BUY,55,2.5,True
JPM,2025-11-17,20,BUY,55,5.05,True
JPM,2025-11-18,5,BUY,55,1.2,True
JPM,2025-11-18,10,BUY,55,4.25,True
JPM,2025-11-18,20,BUY,55,5.2,True
JPM,2025-11-19,5,BUY,55,1.44,True
JPM,2025-11-19,10,BUY,55,4.23,True
JPM,2025-11-19,20,BUY,55,3.21,True
JPM,2025-11-20,5,BUY,55,4.93,True
JPM,2025-11-20,10,BUY,55,5.58,True
JPM,2025-11-20,20,BUY,55,6.31,True
JPM,2025-11-21,5,BUY,55,3.66,True
JPM,2025-11-21,10,BUY,55,5.77,True
JPM,2025-11-21,20,BUY,55,8.41,True
JPM,2025-11-24,5,BUY,55,3.32,True
JPM,2025-11-24,10,BUY,55,0.84,True
JPM,2025-11-24,20,BUY,55,9.37,True
JPM,2025-11-25,5,BUY,55,3.01,True
JPM,2025-11-25,10,BUY,55,2.35,True
JPM,2025-11-25,20,BUY,55,8.64,True
JPM,2025-11-26,5,BUY,55,2.75,True
JPM,2025-11-26,10,BUY,55,3.17,True
JPM,2025-11-26,20,BUY,55,6.59,True
JPM,2025-11-28,5,BUY,55,0.63,True
JPM,2025-11-28,10,BUY,55,1.74,True
JPM,2025-11-28,20,BUY,55,3.41,True
JPM,2025-12-01,5,BUY,55,2.04,True
JPM,2025-12-01,10,BUY,55,3.59,True
JPM,2025-12-01,20,BUY,55,4.69,True
JPM,2025-12-02,5,BUY,55,-2.39,False
JPM,2025-12-02,10,BUY,55,2.49,True
JPM,2025-12-02,20,BUY,55,4.66,True
JPM,2025-12-03,5,BUY,55,-0.65,False
JPM,2025-12-03,10,BUY,55,0.91,True
JPM,2025-12-03,20,BUY,55,4.28,True
JPM,2025-12-04,5,BUY,55,0.4,True
JPM,2025-12-04,10,BUY,55,-0.98,False
JPM,2025-12-04,20,BUY,55,5.68,True
JPM,2025-12-05,5,BUY,55,1.1,True
JPM,2025-12-05,10,BUY,55,0.69,True
JPM,2025-12-05,20,BUY,55,6.69,True
JPM,2025-12-08,5,BUY,55,1.53,True
JPM,2025-12-08,10,BUY,55,2.5,True
JPM,2025-12-08,20,BUY,55,4.21,True
JPM,2025-12-09,5,BUY,55,5.0,True
JPM,2025-12-09,10,BUY,55,8.46,True
JPM,2025-12-09,20,BUY,55,10.24,True
JPM,2025-12-10,5,BUY,55,1.57,True
JPM,2025-12-10,10,BUY,55,6.15,True
JPM,2025-12-10,20,BUY,55,6.63,True
JPM,2025-12-11,5,BUY,55,-1.38,False
JPM,2025-12-11,10,BUY,55,3.32,True
JPM,2025-12-11,20,BUY,55,2.7,True
JPM,2025-12-12,5,BUY,55,-0.41,False
JPM,2025-12-12,10,BUY,55,1.64,True
JPM,2025-12-12,20,BUY,55,-1.95,False
JPM,2025-12-15,5,BUY,55,0.96,True
JPM,2025-12-15,10,BUY,55,1.06,True
JPM,2025-12-15,20,BUY,55,-3.36,False
JPM,2025-12-16,5,BUY,55,3.29,True
JPM,2025-12-16,10,BUY,55,2.11,True
JPM,2025-12-16,20,BUY,55,-1.55,False
JPM,2025-12-17,5,BUY,55,4.51,True
JPM,2025-12-17,10,BUY,55,3.33,True
JPM,2025-12-17,20,BUY,55,-0.35,False
JPM,2025-12-18,5,BUY,55,4.76,True
JPM,2025-12-18,10,BUY,55,6.72,True
JPM,2025-12-18,20,BUY,55,-2.84,False
JPM,2025-12-19,5,BUY,55,2.06,True
JPM,2025-12-19,10,BUY,55,5.96,True
JPM,2025-12-19,20,BUY,55,-4.35,False
JPM,2025-12-22,5,BUY,55,0.1,True
JPM,2025-12-22,10,BUY,55,1.66,True
JPM,2025-12-22,20,BUY,55,-5.6,False
JPM,2025-12-23,5,BUY,55,-1.14,False
JPM,2025-12-23,10,BUY,55,1.64,True
JPM,2025-12-23,20,BUY,55,-8.24,False
JPM,2025-12-24,5,BUY,55,-1.12,False
JPM,2025-12-24,10,BUY,55,0.46,True
JPM,2025-12-24,20,BUY,55,-8.13,False
JPM,2025-12-26,5,BUY,55,1.87,True
JPM,2025-12-26,10,BUY,55,-0.6,False
JPM,2025-12-26,20,BUY,55,-8.0,False
JPM,2025-12-29,5,BUY,55,3.82,True
JPM,2025-12-29,10,BUY,55,-3.54,False
JPM,2025-12-29,20,BUY,55,-6.68,False
JPM,2025-12-30,5,BUY,55,1.56,True
JPM,2025-12-30,10,BUY,55,-4.38,False
JPM,2025-12-30,20,BUY,55,-4.83,False
JPM,2025-12-31,5,BUY,55,2.81,True
JPM,2025-12-31,10,BUY,55,-3.59,False
JPM,2025-12-31,20,BUY,55,-4.64,False
JPM,2026-01-02,5,BUY,55,1.6,True
JPM,2026-01-02,10,BUY,55,-3.56,False
JPM,2026-01-02,20,BUY,55,-4.9,False
JPM,2026-01-05,5,BUY,55,-2.42,False
JPM,2026-01-05,10,BUY,55,-8.96,False
JPM,2026-01-05,20,BUY,55,-5.32,False
JPM,2026-01-06,5,BUY,55,-7.09,False
JPM,2026-01-06,10,BUY,55,-9.73,False
JPM,2026-01-06,20,BUY,55,-5.18,False
JPM,2026-01-07,5,BUY,55,-5.85,False
JPM,2026-01-07,10,BUY,55,-7.14,False
JPM,2026-01-07,20,BUY,55,-5.15,False
JPM,2026-01-08,5,BUY,55,-6.23,False
JPM,2026-01-08,10,BUY,55,-9.72,False
JPM,2026-01-08,20,BUY,55,-2.24,False
JPM,2026-01-09,5,BUY,55,-5.08,False
JPM,2026-01-09,10,BUY,55,-8.55,False
JPM,2026-01-09,20,BUY,55,-2.15,False
JPM,2026-01-12,5,BUY,55,-6.7,False
JPM,2026-01-12,10,BUY,55,-7.45,False
JPM,2026-01-12,20,BUY,55,-1.91,False
JPM,2026-01-13,5,BUY,55,-2.85,False
JPM,2026-01-13,10,BUY,55,-3.26,False
JPM,2026-01-13,20,BUY,55,-0.03,False
JPM,2026-01-14,5,BUY,55,-1.38,False
JPM,2026-01-14,10,BUY,55,-0.47,False
JPM,2026-01-14,20,BUY,55,-1.7,False
JPM,2026-01-15,5,BUY,55,-3.73,False
JPM,2026-01-15,10,BUY,55,-1.09,False
JPM,2026-01-15,20,BUY,55,-2.17,False
JPM,2026-01-16,5,BUY,55,-3.66,False
JPM,2026-01-16,10,BUY,55,-1.39,False
JPM,2026-01-16,20,BUY,55,-1.71,False
JPM,2026-01-20,5,BUY,55,-0.8,False
JPM,2026-01-20,10,BUY,55,4.0,True
JPM,2026-01-20,20,BUY,55,2.0,True
JPM,2026-01-21,5,BUY,55,-0.42,False
JPM,2026-01-21,10,BUY,55,5.04,True
JPM,2026-01-21,20,BUY,55,1.99,True
JPM,2026-01-22,5,BUY,55,0.92,True
JPM,2026-01-22,10,BUY,55,2.15,True
JPM,2026-01-22,20,BUY,55,2.36,True
JPM,2026-01-23,5,BUY,55,2.74,True
JPM,2026-01-23,10,BUY,55,8.29,True
JPM,2026-01-23,20,BUY,55,-0.02,False
JPM,2026-01-26,5,BUY,55,2.36,True
JPM,2026-01-26,10,BUY,55,7.0,True
JPM,2026-01-26,20,BUY,55,-1.24,False
JPM,2026-01-27,5,BUY,55,4.84,True
JPM,2026-01-27,10,BUY,55,5.98,True
JPM,2026-01-27,20,BUY,55,1.0,True
JPM,2026-01-28,5,BUY,55,5.49,True
JPM,2026-01-28,10,BUY,55,3.34,True
JPM,2026-01-28,20,BUY,55,1.78,True
JPM,2026-01-29,5,BUY,55,1.22,True
JPM,2026-01-29,10,BUY,55,-1.23,False
JPM,2026-01-29,20,BUY,55,-2.0,False
JPM,2026-01-30,5,BUY,55,5.4,True
JPM,2026-01-30,10,BUY,55,-1.09,False
JPM,2026-01-30,20,BUY,55,-2.72,False
JPM,2026-02-03,5,BUY,55,1.09,True
JPM,2026-02-03,10,BUY,55,-1.93,False
JPM,2026-02-03,20,BUY,55,-4.91,False
JPM,2026-02-04,5,BUY,55,-2.03,False
JPM,2026-02-04,10,BUY,55,-2.91,False
JPM,2026-02-04,20,BUY,55,-7.48,False
JPM,2026-02-05,5,BUY,55,-2.42,False
JPM,2026-02-05,10,BUY,55,0.2,True
JPM,2026-02-05,20,BUY,55,-6.67,False
JPM,2026-02-06,5,BUY,55,-6.16,False
JPM,2026-02-06,10,BUY,55,-7.67,False
JPM,2026-02-06,20,BUY,55,-10.07,False
JPM,2026-02-09,5,BUY,55,-4.65,False
JPM,2026-02-09,10,BUY,55,-7.7,False
JPM,2026-02-09,20,BUY,55,-10.36,False
JPM,2026-02-10,5,BUY,55,-2.98,False
JPM,2026-02-10,10,BUY,55,-4.71,False
JPM,2026-02-10,20,BUY,55,-9.66,False
JPM,2026-02-11,5,BUY,55,-0.89,False
JPM,2026-02-11,10,BUY,55,-1.51,False
JPM,2026-02-11,20,BUY,55,-8.99,False
JPM,2026-02-12,5,BUY,55,2.69,True
JPM,2026-02-12,10,BUY,55,-0.77,False
JPM,2026-02-12,20,BUY,55,-6.34,False
JPM,2026-02-13,5,BUY,55,-1.61,False
JPM,2026-02-13,10,BUY,55,-1.65,False
JPM,2026-02-13,20,BUY,55,-5.42,False
JPM,2026-02-17,5,BUY,55,-3.2,False
JPM,2026-02-17,10,BUY,55,-2.24,False
JPM,2026-02-17,20,BUY,55,-6.59,False
JPM,2026-02-18,5,BUY,55,-1.77,False
JPM,2026-02-18,10,BUY,55,-3.04,False
JPM,2026-02-18,20,BUY,55,-6.81,False
JPM,2026-02-19,5,SELL,55,-0.62,True
JPM,2026-02-19,10,SELL,55,-4.71,True
JPM,2026-02-19,20,SELL,55,-6.52,True
JPM,2026-02-20,5,SELL,55,-3.38,True
JPM,2026-02-20,10,SELL,55,-6.86,True
JPM,2026-02-20,20,SELL,55,-7.8,True
JPM,2026-02-23,5,SELL,55,-0.04,True
JPM,2026-02-23,10,SELL,55,-2.6,True
JPM,2026-02-23,20,SELL,55,-2.61,True
JPM,2026-02-24,5,SELL,55,1.0,False
JPM,2026-02-24,10,SELL,55,-2.88,True
JPM,2026-02-24,20,SELL,55,-1.65,True
JPM,2026-02-25,5,BUY,55,-1.29,False
JPM,2026-02-25,10,BUY,55,-5.2,False
JPM,2026-02-25,20,BUY,55,-2.6,False
JPM,2026-02-26,5,BUY,55,-4.11,False
JPM,2026-02-26,10,BUY,55,-7.59,False
JPM,2026-02-26,20,BUY,55,-4.73,False
JPM,2026-02-27,5,BUY,55,-3.6,False
JPM,2026-02-27,10,BUY,55,-5.61,False
JPM,2026-02-27,20,BUY,55,-5.81,False
JPM,2026-03-02,5,BUY,55,-2.57,False
JPM,2026-03-02,10,BUY,55,-3.83,False
JPM,2026-03-02,20,BUY,55,-4.63,False
JPM,2026-03-03,5,BUY,55,-3.84,False
JPM,2026-03-03,10,BUY,55,-4.45,False
JPM,2026-03-03,20,BUY,55,-2.03,False
JPM,2026-03-04,5,BUY,55,-3.96,False
JPM,2026-03-04,10,BUY,55,-3.89,False
JPM,2026-03-04,20,BUY,55,-1.34,False
JPM,2026-03-05,5,BUY,55,-3.63,False
JPM,2026-03-05,10,BUY,55,-1.9,False
JPM,2026-03-05,20,BUY,55,0.36,True
JPM,2026-03-06,5,BUY,55,-2.09,False
JPM,2026-03-06,10,BUY,55,-1.01,False
JPM,2026-03-06,20,BUY,55,2.58,True
JPM,2026-03-09,5,BUY,55,-1.3,False
JPM,2026-03-09,10,BUY,55,-0.0,False
JPM,2026-03-09,20,BUY,55,3.1,True
JPM,2026-03-10,5,BUY,55,-0.64,False
JPM,2026-03-10,10,BUY,55,1.27,True
JPM,2026-03-10,20,BUY,55,7.21,True
JPM,2026-03-11,5,BUY,55,0.08,True
JPM,2026-03-11,10,BUY,55,2.75,True
JPM,2026-03-11,20,BUY,55,8.49,True
JPM,2026-03-12,5,BUY,55,1.8,True
JPM,2026-03-12,10,BUY,55,3.1,True
JPM,2026-03-12,20,BUY,55,10.1,True
JPM,2026-03-13,5,BUY,55,1.1,True
JPM,2026-03-13,10,BUY,55,-0.21,False
JPM,2026-03-13,20,BUY,55,11.24,True
